cbo,rfc,lcom,loc,cam,amc,max_cc,bug,Voting_Prediction,Voting_Pred_Prob,RandomForest_Prediction,RandomForest_Pred_Prob,AdaBoost_Prediction,AdaBoost_Pred_Prob,selectedEnsemble
10,18,3,106,0.444444444,32.66666667,1,False,False,0.03510017858263132,False,0.0,False,0.18734618809203732,Voting
4,13,0,76,0.5,13.4,1,False,False,0.030343243918265726,False,0.0,False,0.20297978998053245,Voting
1,3,0,7,1.0,6.0,0,False,False,0.014547334488201662,False,0.1,False,0.011650276918672837,Voting
13,20,12,101,0.40625,11.0,1,False,False,0.03694097755486322,False,0.1,False,0.2297113288639844,Voting
5,26,16,185,0.38888888899999996,19.0,2,True,False,0.048858508798516435,False,0.2,False,0.35055588044886155,Voting
7,4,1,16,0.5555555560000001,4.0,1,False,False,0.022555188633383943,False,0.1,False,0.20567220395516675,Voting
4,40,130,345,0.284210526,15.9,3,True,False,0.08025957186140457,False,0.4,False,0.3660267144264844,Voting
7,28,20,183,0.3,12.53846154,7,False,False,0.4052285231169445,False,0.2,False,0.1072911505869363,Voting
5,19,8,119,0.518518519,11.77777778,3,False,False,0.038715877122793764,False,0.0,False,0.10614754089470978,Voting
9,25,0,255,0.342857143,34.85714286,9,False,False,0.41619099585312813,False,0.1,False,0.3416490774981914,Voting
5,17,26,71,0.333333333,6.555555556,3,False,False,0.041577035601074036,False,0.2,False,0.2760008666167294,Voting
19,10,3,38,0.583333333,11.66666667,1,False,False,0.02412956480323301,False,0.0,False,0.16331416022746048,Voting
10,1,0,1,1.0,0.0,1,False,False,0.01414438672466601,False,0.0,False,0.0731375825766709,Voting
3,12,20,54,0.375,4.555555556,1,False,False,0.032288298504564786,False,0.1,False,0.3640514716333144,Voting
7,40,129,252,0.3815789470000001,11.52631579,6,False,False,0.0810472179418564,False,0.0,False,0.018639826527647344,Voting
13,26,0,110,0.26,9.9,3,False,False,0.05305485417468029,False,0.3,False,0.34683607890585194,Voting
2,5,0,34,0.5,10.0,1,False,False,0.02514281061432794,False,0.0,False,0.002506796944525475,Voting
7,79,136,835,0.19375,39.8,10,False,True,0.8740311410143944,True,0.7,True,0.5380614993934639,Voting
8,6,15,6,0.444444444,0.0,1,False,False,0.025415451345542784,False,0.0,False,0.08798469614973611,Voting
5,11,1,41,0.75,12.33333333,3,True,False,0.02578600395877452,False,0.0,False,0.18546979272935504,Voting
7,14,6,70,0.8,12.6,4,False,False,0.028259052241226695,False,0.0,False,0.25519618776304626,Voting
1,1,0,1,1.0,0.0,1,False,False,0.014788139746495241,False,0.0,False,0.015687489218987074,Voting
7,26,0,181,0.409090909,15.0,1,False,False,0.3786207768843555,False,0.1,False,0.35000756920577925,Voting
5,15,3,51,0.666666667,16.0,2,False,False,0.02852511212614683,False,0.0,False,0.05224110821890944,Voting
5,7,1,29,0.666666667,8.333333332999999,1,False,False,0.022294584955213973,False,0.0,False,0.3101194250858685,Voting
15,65,76,483,0.311111111,28.25,9,True,False,0.28412626384525524,False,0.4,False,0.3612194089096829,Voting
12,5,0,18,0.4375,3.25,1,False,False,0.0249823654045124,False,0.0,False,0.06291098091209199,Voting
11,65,75,443,0.295238095,28.06666667,5,False,False,0.16834819346764465,False,0.4,True,0.5337267205604819,Voting
3,24,17,309,0.545454545,26.45454545,11,False,False,0.4220134229542067,False,0.3,False,0.408244307312165,Voting
1,3,1,7,0.75,2.5,1,False,False,0.01911841988432164,False,0.0,False,0.007179997909384033,Voting
9,41,0,204,0.225,12.33333333,2,False,False,0.07482474564449887,False,0.2,False,0.21916147666839134,Voting
11,29,85,108,0.321428571,6.571428571,4,False,False,0.055397074529463,False,0.1,False,0.21337501607460552,Voting
8,101,157,1286,0.18376068399999998,45.62962963,4,True,True,0.9073114020830474,True,0.7,True,0.6339669357227251,Voting
8,23,4,249,0.8,48.2,1,False,False,0.3646094262827971,False,0.2,False,0.386137686902945,Voting
2,3,3,4,0.666666667,0.0,1,False,False,0.020360197679081243,False,0.0,False,0.0014093707906198832,Voting
5,19,6,57,0.625,13.25,2,False,False,0.03227659508786728,False,0.0,False,0.25427870949492604,Voting
2,11,3,53,0.666666667,7.5,1,False,False,0.025027618832541645,False,0.0,False,0.009787374554075164,Voting
20,106,1313,1133,0.195454545,19.12727273,10,False,True,0.8971997281726178,True,0.8,True,0.8233604357415235,Voting
4,19,3,136,0.666666667,44.33333333,2,False,False,0.03237703346500085,False,0.0,False,0.21667145280837286,Voting
4,22,0,169,0.625,19.875,7,False,False,0.0498539630905443,False,0.2,False,0.4668039476973239,Voting
1,23,39,136,0.34848484799999996,10.81818182,1,False,False,0.04387840473459079,False,0.1,False,0.14725243888469414,Voting
10,29,43,91,0.2,7.9,3,False,False,0.05803842407361859,False,0.0,False,0.23321473102911824,Voting
1,2,0,4,1.0,3.0,0,False,False,0.01421169498552382,False,0.0,False,0.02670902790038473,Voting
12,22,3,72,1.0,22.66666667,1,False,False,0.023223598206624143,False,0.2,False,0.3842132863418835,Voting
32,36,36,281,0.25,29.55555556,11,False,False,0.16747877776008602,False,0.3,False,0.3445386066086704,Voting
24,8,3,43,0.7142857140000001,4.714285714,1,False,False,0.020163360111648047,False,0.0,False,0.1480718835821389,Voting
4,19,30,130,0.666666667,13.33333333,4,False,False,0.03650701112094256,False,0.1,False,0.2693250595723253,Voting
61,144,1603,2303,0.213709677,35.01587302,35,True,True,0.9926986580914602,True,0.8,True,0.8676668368112842,Voting
20,13,7,56,0.433333333,8.0,1,False,False,0.02941265768546857,False,0.1,False,0.044720467558533074,Voting
6,2,1,2,0.666666667,0.0,1,False,False,0.01952715010926517,False,0.0,False,0.03000916065998025,Voting
5,47,159,365,0.3619047620000001,14.81818182,9,False,False,0.14152869000949908,False,0.1,False,0.07153575670074279,Voting
9,34,118,137,0.270588235,6.470588235,2,True,False,0.058079036047318525,False,0.2,False,0.4063078938236774,Voting
15,99,18,804,0.27777777800000003,65.08333333,18,True,True,0.602811189611521,True,0.8,False,0.4735920011193822,Voting
3,30,27,245,0.283333333,22.8,2,False,False,0.060233019008134187,False,0.1,False,0.2025085030547539,Voting
9,20,1,128,0.625,63.0,9,True,False,0.049663793550940416,False,0.0,False,0.15864066682328745,Voting
25,120,451,920,0.146825397,19.86046512,15,True,True,0.9494445708110112,True,1.0,True,0.6419464887244763,Voting
37,44,183,271,0.198863636,11.22727273,3,False,False,0.08355054768265725,False,0.3,False,0.19522901901552,Voting
15,67,295,586,0.17320261399999998,15.91176471,5,True,True,0.7446704118722991,False,0.0,False,0.4068108614631203,Voting
3,4,1,19,1.0,8.0,1,False,False,0.015790003381513654,False,0.0,False,0.22489489404500326,Voting
3,6,3,16,0.333333333,4.333333333,1,False,False,0.029046366973500163,False,0.0,False,0.06432934271273104,Voting
3,16,2,76,0.5,17.5,3,False,False,0.3697773682764538,False,0.1,False,0.4388887808618069,Voting
8,26,0,76,0.287878788,5.818181817999999,1,False,False,0.3797965632516374,False,0.3,True,0.7031045777067725,Voting
7,20,4,187,0.5,45.0,9,True,False,0.0603443240505408,False,0.0,False,0.2729372307300276,Voting
51,169,1200,1842,0.15584415599999998,31.60714286,14,True,True,0.9837594404515831,True,0.8,True,0.8089385030555009,Voting
8,16,0,105,0.583333333,19.4,9,False,False,0.05001536058113185,False,0.3,False,0.30711013474078785,Voting
3,41,10,241,0.36,47.2,7,False,False,0.09130213509911787,False,0.4,False,0.4630094540876071,Voting
3,26,0,218,0.47619047600000003,29.57142857,5,False,False,0.05578086043473835,False,0.1,False,0.2819534620640589,Voting
6,35,130,207,0.352941176,10.76470588,3,True,False,0.06190856882733736,False,0.3,False,0.10508496371607316,Voting
6,33,0,157,0.533333333,37.5,2,False,False,0.04907088727125287,False,0.0,False,0.35889711317826073,Voting
6,26,0,141,0.46666666700000003,26.8,1,False,False,0.04241713961173734,False,0.0,False,0.04126565265863468,Voting
11,54,10,345,0.314814815,36.55555556,1,True,False,0.09624407284004632,True,0.7,True,0.6708031958552939,Voting
1,10,0,67,0.666666667,20.33333333,1,False,False,0.024840531850656846,False,0.0,False,0.010321622861659116,Voting
3,10,0,52,0.375,7.333333333,2,False,False,0.033081112052589706,False,0.0,False,0.1506333829187085,Voting
7,15,0,77,0.4375,18.0,5,False,False,0.0417673631963503,False,0.2,False,0.3948158188525983,Voting
2,6,0,19,0.625,3.5,1,False,False,0.02277815400910986,False,0.0,False,0.01612403125934547,Voting
4,32,34,145,0.481481481,14.88888889,1,False,False,0.048794093472053934,False,0.0,False,0.09251205211878433,Voting
11,31,0,329,0.25,39.25,19,False,True,0.8055338510536455,False,0.5,False,0.4095658068295068,Voting
14,83,47,566,0.244897959,36.2,4,False,False,0.3944626905843738,False,0.3,False,0.4261556958142319,Voting
3,1,0,1,1.0,0.0,1,False,False,0.014933051233372503,False,0.0,False,0.0894724304410845,Voting
8,67,90,878,0.29375,50.17647059,11,False,True,0.8604717160424687,True,0.9,True,0.6057557892216096,Voting
7,50,270,250,0.162037037,9.375,5,False,False,0.12574813234239854,False,0.1,False,0.1452473263237914,Voting
8,20,0,106,0.625,24.75,5,False,False,0.041301366096152516,False,0.1,False,0.4709219886638837,Voting
11,53,229,405,0.138047138,13.74074074,6,True,False,0.17451859389824328,False,0.1,False,0.2835952003768585,Voting
8,32,15,166,0.3,15.3,3,False,False,0.3960251258233571,True,0.6,False,0.4936046361809073,Voting
4,1,0,1,1.0,0.0,1,False,False,0.01487013580156002,False,0.0,False,0.04228666249846801,Voting
15,36,3,249,0.26666666699999997,23.5,7,False,False,0.09303628590340546,False,0.0,False,0.10792969376536632,Voting
12,41,19,240,0.290909091,20.27272727,4,False,False,0.4163951784743281,False,0.2,False,0.363505756092802,Voting
3,22,44,156,0.261904762,11.41666667,4,False,False,0.054826277821135805,False,0.1,False,0.3180333624666549,Voting
14,58,0,303,0.226190476,24.0,3,True,False,0.12544321941901249,False,0.4,False,0.3972516305781725,Voting
3,8,1,33,1.0,15.5,1,False,False,0.017939236090121827,False,0.1,False,0.2333913355426989,Voting
10,77,41,725,0.25,46.8,2,True,True,0.7418244508225507,True,0.9,True,0.7014289745622198,Voting
4,38,0,258,0.444444444,35.28571429,1,False,False,0.0627011059137045,False,0.4,False,0.19111087266083848,Voting
6,4,6,4,0.5,0.0,1,False,False,0.02343639279534528,False,0.0,False,0.03912878592578496,Voting
5,8,4,42,0.583333333,9.0,2,False,False,0.026379347160568292,False,0.1,False,0.16871391148291998,Voting
9,55,162,361,0.19375,15.95238095,6,False,False,0.14886102604028506,False,0.5,False,0.4517458068315644,Voting
3,12,0,55,0.625,12.25,4,False,False,0.032114546743357085,False,0.0,False,0.28329345394232386,Voting
9,21,145,143,0.230263158,5.684210526,1,True,False,0.043136855578448624,False,0.2,False,0.2947463126630883,Voting
11,75,44,455,0.236111111,36.08333333,4,False,True,0.5837520271713049,False,0.4,False,0.3722668223196581,Voting
9,6,15,10,0.7222222220000001,0.0,1,False,False,0.02031761294230045,False,0.0,False,0.05288780565885981,Voting
7,14,3,52,0.5555555560000001,16.33333333,3,False,False,0.032810758958177644,False,0.0,False,0.0775864611290963,Voting
5,27,0,115,0.47619047600000003,15.14285714,4,False,False,0.3849644757132356,False,0.0,False,0.34855220781695695,Voting
8,38,83,220,0.297619048,14.5,4,True,False,0.07509158735181709,False,0.2,False,0.3528418354498351,Voting
11,39,7,605,0.25974026,51.0,15,False,True,0.8049536782171353,True,0.7,False,0.4841029119111213,AdaBoost
2,81,100,654,0.27450980399999997,37.17647059,7,False,True,0.8137718183651037,True,1.0,True,0.594079524298162,Voting
17,14,0,103,0.666666667,50.0,1,False,False,0.02618031088839583,False,0.0,False,0.07923047833097975,Voting
25,44,45,311,0.21666666699999998,19.33333333,6,False,False,0.43990100023380974,False,0.2,False,0.2613830616104396,Voting
184,66,346,375,0.19157088100000005,11.72413793,5,False,False,0.40721434149023467,False,0.2,False,0.3170228698417375,Voting
10,92,39,710,0.148484848,19.64705882,5,True,True,0.8705522951709027,True,0.7,True,0.568105652486948,Voting
2,13,6,45,0.625,10.25,2,False,False,0.028991011511677968,False,0.0,False,0.025967484291329328,Voting
15,23,5,148,0.523809524,19.71428571,3,False,False,0.3757443145913673,False,0.2,False,0.2224848090211576,Voting
8,84,103,1034,0.26984127,52.05263158,1,False,True,0.8545831002713413,True,1.0,True,0.7467503114554634,Voting
1,2,0,5,1.0,4.0,0,False,False,0.01451315304279001,False,0.0,False,0.01678512084306951,Voting
10,23,0,197,0.35,22.875,6,False,False,0.06118112716346605,False,0.2,False,0.05827941822814064,Voting
7,34,75,286,0.208333333,17.4,5,False,False,0.0823791659717734,False,0.3,False,0.17376109800307366,Voting
8,22,15,163,0.305555556,25.83333333,4,False,False,0.3870300843949137,True,0.7,False,0.3648743206371972,Voting
3,18,4,111,0.75,26.25,2,False,False,0.030644279114778388,False,0.0,False,0.03604272436220467,Voting
16,7,21,7,1.0,0.0,1,True,False,0.016191219467056886,False,0.1,False,0.012122319930284823,Voting
2,8,1,48,0.5,23.0,1,False,False,0.027322721121730332,False,0.3,False,0.010798048572783605,Voting
1,0,0,48,0.0,0.0,0,False,False,0.03183627302888384,False,0.0,False,0.09017928377552048,Voting
7,43,222,309,0.375,11.16666667,8,False,False,0.1126278552046826,False,0.1,False,0.00897702530929595,Voting
1,4,1,14,0.666666667,3.333333333,1,False,False,0.021165710459625533,False,0.0,False,0.005184110265998246,Voting
3,7,0,161,0.75,38.5,1,False,False,0.023125693698554283,False,0.0,False,0.06850948329108829,Voting
1,7,0,40,1.0,37.0,0,False,False,0.016544464484123892,False,0.1,False,0.13765267857587316,Voting
8,10,0,125,0.5,29.5,2,False,False,0.0310362607080015,False,0.1,False,0.15141758570299618,Voting
7,49,7,488,0.25,33.21428571,12,True,False,0.3806918090623154,True,0.7,False,0.4330333823797849,RandomForest
3,18,0,204,0.666666667,65.66666667,2,False,False,0.033949212966198336,False,0.2,False,0.20973594443283491,Voting
15,7,4,22,0.5,4.25,1,False,False,0.024627309013096663,False,0.0,False,0.025291670760419518,Voting
9,24,8,143,0.428571429,16.25,4,False,False,0.3834784486718836,False,0.1,False,0.2460298955043187,Voting
4,19,10,159,0.27777777800000003,16.0,3,False,False,0.049070499586308484,False,0.2,False,0.2673896649378193,Voting
4,9,3,27,0.5555555560000001,8.0,3,False,False,0.029112347236008283,False,0.0,False,0.027198037351460883,Voting
13,80,59,678,0.477272727,28.95454545,8,False,True,0.7938926151150826,True,0.6,True,0.6875170612020266,Voting
8,38,45,202,0.28571428600000004,17.0,6,False,False,0.08545289937419565,False,0.4,False,0.3723405219247562,Voting
4,13,0,87,0.75,20.5,1,False,False,0.02534341402018717,False,0.0,False,0.17298115255723093,Voting
2,42,0,234,0.444444444,18.16666667,4,False,False,0.07850698399363587,False,0.4,False,0.16351674359451812,Voting
2,7,4,39,0.7,6.2,1,False,False,0.022357822961434053,False,0.0,False,0.02855925435815965,Voting
10,52,60,213,0.27777777800000003,16.66666667,4,False,False,0.10140705813706567,False,0.5,True,0.5794454242659477,Voting
31,5,10,5,0.533333333,0.0,1,False,False,0.02116646212584945,False,0.0,False,0.015096342478601131,Voting
23,69,81,517,0.18333333300000001,25.57894737,6,False,True,0.6270690483675947,True,0.9,True,0.5149210722151425,Voting
1,15,6,49,1.0,11.0,1,False,False,0.02156456992815197,False,0.3,False,0.002605670950105969,Voting
1,3,0,6,1.0,5.0,0,False,False,0.014871590778829432,False,0.1,False,0.039837806440778674,Voting
17,48,41,384,0.261904762,25.92857143,26,True,True,0.5440820448656689,True,0.7,True,0.582170894832985,Voting
2,4,1,20,0.75,9.0,3,False,False,0.02236623272035473,False,0.0,False,0.058562944207315525,Voting
2,13,1,76,0.5,18.66666667,4,False,False,0.3702305580131639,False,0.0,False,0.013423506578915287,Voting
9,39,1,260,0.28571428600000004,35.57142857,1,True,False,0.404931661662201,False,0.1,False,0.4077288974843741,Voting
12,26,9,106,0.428571429,13.0,3,False,False,0.047727748108495394,False,0.1,False,0.2531899896458567,Voting
1,1,0,2,1.0,0.0,1,False,False,0.01507028017920553,False,0.0,False,0.015042536252303597,Voting
9,33,0,205,0.4166666670000001,32.33333333,1,False,False,0.054750966874550236,False,0.0,False,0.23476083595154826,Voting
17,15,13,97,0.22077922100000005,7.272727272999999,1,False,False,0.03832740275112597,False,0.1,False,0.3237250213275469,Voting
3,13,1,48,0.75,23.0,5,False,False,0.031458478072004394,False,0.2,False,0.32351786402330324,Voting
45,68,244,397,0.211180124,15.375,6,True,False,0.32145378387602536,False,0.3,False,0.43231126230905537,Voting
13,59,248,290,0.173333333,10.36,6,False,False,0.12226589949170212,False,0.3,False,0.3774057518065495,Voting
5,12,3,40,0.666666667,12.33333333,1,False,False,0.021498621004260112,False,0.0,False,0.2458805737333205,Voting
5,57,34,566,0.303571429,60.88888889,2,True,False,0.1644092889361861,True,1.0,True,0.6516084117134312,Voting
4,6,0,30,0.666666667,8.666666667000001,2,False,False,0.01927063631319715,False,0.1,False,0.1152616751153008,Voting
31,210,844,2937,0.127314815,58.40816327,13,True,True,0.9954124478273988,True,0.9,True,0.8823226416955569,Voting
8,21,15,83,0.4166666670000001,12.83333333,3,True,False,0.038482577309900436,False,0.1,False,0.2642698594963148,Voting
11,28,0,122,0.28571428600000004,16.14285714,1,False,False,0.04712920830927556,False,0.1,False,0.323555145115008,Voting
4,9,3,27,0.5555555560000001,8.0,3,False,False,0.024535557085973263,False,0.0,False,0.04748749580203552,Voting
2,1,0,2064,0.0,2052.0,0,False,True,0.6666666595667686,False,0.5,False,0.34935813360985873,Voting
5,22,6,185,0.625,21.125,4,True,False,0.037326800940805545,False,0.2,False,0.3172153089707621,Voting
6,34,39,195,0.3,16.18181818,5,True,False,0.06629126786812063,False,0.1,False,0.2904345868853589,Voting
6,26,22,95,0.40625,10.75,2,False,False,0.040511708801489466,False,0.0,False,0.20561267500556055,Voting
8,34,26,341,0.3125,26.91666667,1,False,False,0.05953101619990925,False,0.1,False,0.42717675066842253,Voting
5,16,0,86,0.642857143,11.0,1,False,False,0.0241431977930946,False,0.0,False,0.17590385808721615,Voting
3,15,1,58,0.666666667,28.0,1,False,False,0.026778478054292728,False,0.1,False,0.12714232302895465,Voting
26,1,0,1,1.0,0.0,1,False,False,0.009493208606620151,False,0.0,False,0.05103357004419951,Voting
30,96,87,905,0.192307692,63.5,10,True,True,0.915560285715864,True,0.9,True,0.5987828767273744,Voting
14,47,124,575,0.325396825,26.04761905,10,False,False,0.17809205512978368,True,0.6,True,0.5094976736490149,Voting
6,12,2,48,0.46666666700000003,8.2,1,False,False,0.3589732509523502,False,0.2,False,0.23473495417040766,Voting
8,37,60,331,0.4166666670000001,24.07692308,4,False,False,0.06461821037355556,False,0.0,False,0.27626333227363425,Voting
5,25,15,94,0.833333333,14.66666667,3,False,False,0.028103256959774614,False,0.0,False,0.1443430023880654,Voting
4,0,0,0,0.0,0.0,0,False,False,0.02820558451645053,False,0.0,False,0.00874210441285765,Voting
4,34,11,236,0.666666667,37.83333333,6,True,False,0.060021352572890964,False,0.4,False,0.4455896718933923,Voting
6,17,6,94,0.6,17.4,3,False,False,0.030661886467436714,False,0.0,False,0.25436653772661005,Voting
14,85,180,741,0.326086957,29.54166667,7,True,False,0.4795829584169183,False,0.1,False,0.4400787520869885,Voting
12,38,3,182,0.833333333,59.33333333,12,False,False,0.42800522299594895,False,0.4,False,0.2852841562866704,Voting
21,94,461,559,0.153846154,13.07692308,7,False,True,0.5172893643365883,False,0.5,False,0.4009250467606152,Voting
4,20,0,162,0.75,38.75,1,False,False,0.3640549107419278,False,0.0,False,0.10974391872063316,Voting
7,42,148,263,0.3875,11.6,6,False,False,0.07153013815619091,False,0.1,False,0.02904272558058396,Voting
1,2,0,4,1.0,3.0,0,False,False,0.010252712612205088,False,0.0,False,0.035708164260414336,Voting
63,15,14,103,0.5555555560000001,10.22222222,1,False,False,0.02141547904694888,False,0.1,False,0.21341448093031304,Voting
6,29,0,212,0.3,19.7,5,False,False,0.06259831257338372,False,0.0,False,0.058481363112181085,Voting
0,2,0,16,1.0,3.0,0,True,False,0.01031423524568917,False,0.5,False,0.20328229756549612,Voting
12,71,163,783,0.25170068,33.95454545,22,True,True,0.5702260417023111,False,0.5,True,0.5110752306568727,Voting
8,21,0,104,0.333333333,16.0,4,False,False,0.3792482852508255,False,0.2,False,0.4407763684127012,Voting
2,20,21,129,0.4,11.4,1,False,False,0.0346166595856874,False,0.2,False,0.2783259355482912,Voting
18,12,10,62,0.533333333,11.4,5,False,False,0.029955880698397212,False,0.0,False,0.32895512075399,Voting
2,4,1,20,0.75,9.0,3,False,False,0.01799167502568814,False,0.0,False,0.03453720554905395,Voting
4,18,0,126,0.47619047600000003,16.42857143,5,False,False,0.04025948746191122,False,0.1,False,0.20110180296078736,Voting
8,34,1,346,1.0,172.0,1,False,True,0.6011245815827423,True,0.7,False,0.3949975486976525,AdaBoost
69,3,3,3,1.0,0.0,1,False,False,0.008582679414522919,False,0.0,False,0.08608655236729193,Voting
1,12,15,74,0.5,11.33333333,3,False,False,0.02912001147658357,False,0.2,False,0.06781110024453281,Voting
29,119,277,900,0.207885305,27.83870968,16,True,True,0.9445586125962766,True,0.8,True,0.6826823866427907,Voting
13,103,176,1046,0.175,41.875,6,True,True,0.9013512075768766,False,0.5,True,0.6534982761862077,Voting
15,130,434,1220,0.328125,35.12121212,26,False,True,0.9752651593023306,False,0.5,True,0.52363593883392,RandomForest
4,15,4,90,0.533333333,16.4,1,False,False,0.02788841173088111,False,0.0,False,0.13832422721336635,Voting
11,28,3,111,0.833333333,35.66666667,7,False,False,0.04479300843982046,False,0.1,False,0.04924911237995439,Voting
2,15,1,73,0.75,35.5,6,False,False,0.035378239448760784,False,0.0,False,0.053274678472394296,Voting
1,3,0,7,1.0,6.0,0,False,False,0.010803981383823135,False,0.0,False,0.023806562325739813,Voting
12,42,54,233,0.26153846199999997,16.61538462,6,True,False,0.08363898399414964,False,0.0,False,0.2714012347459812,Voting
6,29,6,164,1.0,39.5,7,False,False,0.04098498064220294,False,0.3,False,0.16055379890898885,Voting
2,7,4,502,0.5555555560000001,124.0,4,False,False,0.1743432968290215,False,0.4,False,0.15114654556580928,Voting
12,37,56,269,0.205128205,19.38461538,7,False,False,0.08669161967044693,False,0.2,False,0.3266688786961889,Voting
3,11,0,84,0.4375,19.75,12,False,False,0.06178775152487277,False,0.1,False,0.0997259961149622,Voting
15,72,54,457,0.194444444,20.28571429,3,True,False,0.4820860879911816,False,0.4,False,0.490180789576993,Voting
5,3,3,8,0.666666667,0.0,1,False,False,0.015480324621039975,False,0.0,False,0.03927774602881697,Voting
3,19,3,83,0.666666667,26.66666667,4,False,False,0.03467158702367301,False,0.0,False,0.1207943297252908,Voting
29,123,2700,1021,0.20593692,11.77922078,14,True,True,0.5430390268170091,True,0.6,False,0.4454823814981986,Voting
4,1,0,1,1.0,0.0,1,False,False,0.010250265171034131,False,0.0,False,0.03082839271465795,Voting
5,10,0,36,0.4375,7.75,1,False,False,0.02521528887108756,False,0.0,False,0.28431870449335633,Voting
3,20,15,106,0.5555555560000001,16.66666667,4,False,False,0.036477207372029835,False,0.1,False,0.329641940506847,Voting
9,51,28,344,0.294117647,18.76470588,5,True,False,0.09640498733010867,False,0.5,False,0.39295776994478204,Voting
5,9,0,27,0.625,5.5,1,False,False,0.01969518560754764,False,0.0,False,0.08919497571595238,Voting
8,45,15,279,0.327272727,24.09090909,10,True,False,0.11618785716217578,False,0.3,False,0.32702405276113816,Voting
8,49,54,450,0.346153846,33.0,6,True,False,0.10701355372999892,False,0.4,False,0.4872723603591036,Voting
24,24,276,24,0.089285714,0.0,1,False,False,0.3749557522594247,True,0.7,True,0.5205344553277725,Voting
7,69,8,379,0.4166666670000001,74.4,12,True,False,0.48711010488433704,False,0.5,True,0.533768597314422,AdaBoost
3,29,55,161,0.29333333300000003,9.466666667,3,False,False,0.051108394249353886,False,0.1,False,0.2127078868622272,Voting
9,13,0,69,0.533333333,12.6,3,False,False,0.028452380768638836,False,0.1,False,0.4234195793671888,Voting
2,21,1,120,0.666666667,38.33333333,6,False,False,0.37869211081084414,False,0.0,False,0.0919280632506695,Voting
7,26,6,193,0.533333333,36.6,5,True,False,0.053451710501162535,False,0.0,False,0.2620755556516033,Voting
3,26,9,210,0.642857143,28.14285714,13,True,False,0.08072607345733633,False,0.2,False,0.1289002387233313,Voting
10,53,0,419,0.28571428600000004,28.78571429,7,False,False,0.12429975317299888,True,0.8,True,0.5028469535532509,Voting
7,50,271,392,0.384615385,13.34615385,9,False,False,0.12368525588545372,False,0.2,False,0.14286112044722846,Voting
28,137,774,1254,0.127906977,26.88636364,5,True,True,0.5962536142113236,True,0.9,True,0.5634237832263715,Voting
7,5,10,5,0.4,0.0,1,False,False,0.02725762175918529,False,0.0,False,0.01960213017942531,Voting
12,109,233,881,0.157051282,32.11538462,4,True,True,0.9051844890713916,True,0.8,True,0.6022842892370283,Voting
7,39,100,241,0.382352941,12.41176471,7,False,False,0.08981696211969964,False,0.2,False,0.02011435821011835,Voting
142,158,1627,1752,0.160233918,28.96551724,17,True,True,0.9621456030379976,True,1.0,True,0.6909031115666051,Voting
4,56,107,689,0.260869565,28.73913043,7,True,True,0.6530621796274656,True,0.6,False,0.4242284069292389,Voting
4,29,17,224,0.4,18.72727273,3,False,False,0.059182569187490215,False,0.2,False,0.21101438163323472,Voting
6,24,0,133,0.325,15.25,6,False,False,0.0640122033400053,False,0.0,False,0.15341885028258925,Voting
8,16,8,77,0.4375,14.0,2,False,False,0.03758424393008733,False,0.0,False,0.2633787125828067,Voting
5,7,0,33,0.583333333,6.75,2,True,False,0.02712306920805706,False,0.0,False,0.036461210200767535,Voting
2,11,3,51,0.666666667,7.166666667,1,False,False,0.026925328313596758,False,0.0,False,0.016342682098154884,Voting
4,41,15,388,0.2,54.0,3,True,False,0.09220670888165347,True,0.8,False,0.3916869506217217,RandomForest
5,30,0,328,0.375,30.8,12,False,False,0.1924327436088748,False,0.1,False,0.2175688694897012,Voting
3,26,0,115,0.625,27.0,1,False,False,0.04044699593928849,False,0.1,False,0.19921966983741174,Voting
18,53,86,348,0.155080214,18.82352941,8,True,False,0.17760662146759046,False,0.4,False,0.42543092487510215,Voting
9,34,68,199,0.292307692,14.15384615,5,False,False,0.07509902823548233,False,0.4,True,0.5101827300546333,Voting
1,17,0,251,0.5,77.33333333,11,False,False,0.06633222565981667,False,0.3,False,0.3068482379010426,Voting
1,7,0,58,0.666666667,17.66666667,4,False,False,0.029719985148203232,False,0.0,False,0.007765122948474817,Voting
9,16,11,195,0.4,29.5,3,False,False,0.043334081445463184,True,0.6,False,0.4528819790520669,Voting
24,45,46,189,0.375,12.0,3,False,False,0.07537929603609612,False,0.3,False,0.3543952035694574,Voting
7,37,66,184,0.512820513,12.84615385,4,False,False,0.06466589777503512,False,0.4,False,0.4195363948787901,Voting
7,25,12,133,0.270833333,14.875,3,False,False,0.05646588636217695,False,0.0,False,0.1429401062001161,Voting
25,109,268,879,0.125,28.68965517,29,True,True,0.9747911044808172,True,0.9,True,0.6190331801152743,Voting
6,17,0,156,0.583333333,46.33333333,9,False,False,0.055719083773429434,False,0.2,False,0.17362020200251554,Voting
4,7,0,34,0.5,7.25,2,False,False,0.029124032862804367,False,0.0,False,0.04013622292557551,Voting
5,21,130,125,0.36,5.0,4,False,False,0.3822186143272003,False,0.3,False,0.4634958333043678,Voting
29,40,72,463,0.177777778,26.9375,5,False,False,0.44513031881307297,True,0.6,False,0.455542285998695,Voting
0,2,0,15,1.0,3.0,0,False,False,0.3490987448509741,True,0.9,True,0.8534516557663392,Voting
9,36,62,202,0.307692308,14.30769231,5,True,False,0.07767183978460641,False,0.3,True,0.5184370672243739,AdaBoost
7,1,0,1,1.0,0.0,1,False,False,0.01566264574590117,False,0.0,False,0.08468893240806796,Voting
1,14,28,271,0.45,32.875,7,False,False,0.05513212836807382,False,0.0,False,0.012987607397401657,Voting
1,0,0,7,0.0,0.0,0,False,False,0.032779040302674416,False,0.0,False,0.01741074161468746,Voting
6,10,0,74,0.583333333,12.8,5,False,False,0.035399395925484585,False,0.1,False,0.1739841879783403,Voting
13,32,0,192,0.23809523800000001,14.83333333,4,False,False,0.07127245163124289,False,0.0,False,0.06758701448394451,Voting
15,108,244,712,0.178030303,26.92,8,True,True,0.5791826600424401,True,0.7,True,0.6627871127119022,Voting
3,7,0,27,0.666666667,7.666666667,1,False,False,0.024159879534234992,False,0.0,False,0.08193963436537004,Voting
2,9,1,22,1.0,10.0,1,False,False,0.01969483326561177,False,0.0,False,0.024191563075662118,Voting
8,75,53,968,0.18333333300000001,86.27272727,17,True,True,0.9116336451557694,True,0.8,True,0.6202292946364477,Voting
2,11,3,25,0.666666667,7.333333333,1,False,False,0.026605533232696158,False,0.0,False,0.021671021672331103,Voting
5,20,28,156,0.481481481,15.88888889,1,False,False,0.03926289763563917,False,0.0,False,0.2995604664079217,Voting
5,42,233,269,0.269230769,9.115384615,3,False,False,0.41924118434913216,False,0.3,False,0.4134399996306751,Voting
7,28,0,191,0.314285714,25.71428571,2,False,False,0.057679644714301335,False,0.0,False,0.12644466314204153,Voting
4,1,0,1,1.0,0.0,1,False,False,0.015920194139750782,False,0.0,False,0.08593162666360474,Voting
3,6,6,24,0.7,3.4,1,False,False,0.02285763112401187,False,0.0,False,0.035847701498099516,Voting
5,27,3,135,0.5,21.16666667,2,False,False,0.04794443868633516,False,0.0,False,0.0695156280172859,Voting
5,16,0,82,1.0,15.0,3,False,False,0.35996496687581425,False,0.0,False,0.2455577127297696,Voting
13,57,4,377,0.5,44.75,7,False,False,0.1301602580867922,False,0.1,False,0.435639184980015,Voting
2,7,21,7,0.642857143,0.0,1,False,False,0.02418398187746477,False,0.1,False,0.1664672583489238,Voting
10,42,126,274,0.17857142899999998,11.66666667,4,False,False,0.09245742196814227,False,0.3,False,0.26426881546729114,Voting
12,97,302,1230,0.272321429,41.78571429,20,False,True,0.6161507223633279,True,1.0,True,0.5267477408502428,Voting
1,0,0,25,0.0,0.0,0,False,False,0.03299060327871636,False,0.0,False,0.03184890567495563,Voting
5,12,3,44,1.0,13.66666667,1,False,False,0.354353531751673,False,0.1,False,0.05107225367422786,Voting
4,10,0,55,0.666666667,17.0,1,False,False,0.02622123335937419,False,0.0,False,0.033195620920675045,Voting
10,90,63,615,0.222222222,42.14285714,3,False,True,0.7961960365791335,True,0.6,True,0.6082987679583048,Voting
4,15,0,105,0.5,24.5,1,False,False,0.03454401687693754,False,0.0,False,0.053726928035141334,Voting
5,21,3,104,0.533333333,15.66666667,1,False,False,0.038075289213585765,False,0.0,False,0.2547023281007851,Voting
3,1,0,1,1.0,0.0,1,False,False,0.016006968899049925,False,0.0,False,0.09155905388208373,Voting
6,30,0,182,0.6,88.5,9,False,False,0.06805967264241622,False,0.4,False,0.4580608433534426,Voting
14,24,11,124,0.35714285700000004,14.71428571,1,False,False,0.045041375417947206,False,0.3,False,0.3252502161362479,Voting
2,12,0,68,0.5,15.25,1,False,False,0.03188277954722063,False,0.1,False,0.11114565186148304,Voting
6,15,6,122,0.4375,13.625,2,False,False,0.037881398006707694,False,0.0,False,0.33635471156958835,Voting
5,45,21,359,0.45,34.3,2,False,False,0.08157650008806702,False,0.3,False,0.44645002313422777,Voting
5,4,6,4,0.625,0.0,1,False,False,0.0226122426351153,False,0.0,False,0.04668509754116716,Voting
1,8,0,43,0.666666667,6.0,1,False,False,0.025159069531609,False,0.0,False,0.0045182129315879385,Voting
7,40,58,292,0.32967033,20.92307692,10,False,False,0.4761077145793516,False,0.3,True,0.523839587048513,Voting
4,15,3,70,0.533333333,10.0,1,False,False,0.03274318786915336,False,0.0,False,0.13785807865703045,Voting
7,39,148,285,0.375,12.6,5,False,False,0.0812341227713766,False,0.4,False,0.16771014799952205,Voting
1,6,1,20,0.75,9.0,1,False,False,0.022270076323156224,False,0.0,False,0.04601125679624835,Voting
10,47,145,1004,0.18487395,54.66666667,47,True,True,0.968159570649096,True,0.6,True,0.55550155849812,Voting
16,79,365,466,0.20952381,13.64516129,4,False,True,0.7918798605328794,False,0.3,False,0.4266296368700441,Voting
3,5,1,12,0.75,5.0,1,False,False,0.35475127793401984,False,0.5,True,0.6413054628214414,Voting
7,37,44,231,0.291666667,17.75,5,False,False,0.08283606318568107,False,0.1,False,0.2486354756281225,Voting
5,30,8,214,0.5,25.25,6,False,False,0.0665174950689313,False,0.2,False,0.4618656734301268,Voting
3,20,3,82,0.5,26.33333333,6,False,False,0.051317481689708976,False,0.3,False,0.17188045753314302,Voting
4,43,81,230,0.28571428600000004,14.92857143,5,False,False,0.42698891774365705,False,0.3,False,0.4776179667168134,Voting
8,27,21,94,0.4,7.272727272999999,1,False,False,0.04657119678889975,False,0.2,False,0.3799097472186584,Voting
8,6,1,25,0.833333333,7.0,3,False,False,0.02041979154710809,False,0.1,False,0.2745380637104326,Voting
10,64,22,791,0.703703704,86.88888889,23,True,True,0.8741655232340874,True,0.6,True,0.6140233487906483,Voting
3,11,1,74,0.5555555560000001,10.66666667,1,False,False,0.02833483671749407,False,0.0,False,0.12955744111366296,Voting
9,10,6,185,0.5,34.0,5,False,False,0.3713972439862598,False,0.5,False,0.4524905999021756,Voting
13,14,6,56,0.375,12.75,1,False,False,0.03375511472672395,False,0.0,False,0.11723815531830115,Voting
32,120,417,2098,0.290441176,58.05714286,19,True,True,0.971443684344858,False,0.5,True,0.5226663869185201,Voting
3,1,0,1,1.0,0.0,1,False,False,0.014454749399281245,False,0.0,False,0.052321756931627286,Voting
13,87,69,498,0.233333333,31.73333333,7,True,True,0.8344774392062279,False,0.3,False,0.4541331405129773,Voting
4,21,3,108,0.428571429,13.71428571,2,False,False,0.042792906318022836,False,0.0,False,0.06041700431112518,Voting
4,41,0,381,0.818181818,29.5,3,True,False,0.05970446460654352,False,0.4,False,0.44871610935590706,Voting
2,1,0,1,1.0,0.0,1,False,False,0.014585419542189969,False,0.0,False,0.028760221369334905,Voting
6,72,22,623,0.27380952399999997,45.84615385,1,True,True,0.6891352637253014,True,0.8,True,0.6361332588076754,Voting
6,60,402,4541,0.19166666699999999,109.0243902,47,True,True,0.9949858720444648,False,0.5,True,0.674693588018232,Voting
27,23,68,400,0.708333333,28.23076923,50,True,True,0.8845921395624163,False,0.5,False,0.474899302743548,Voting
13,31,76,165,0.1953125,8.8125,4,False,False,0.0673862219998951,False,0.0,False,0.121946946796993,Voting
6,30,30,282,0.472222222,22.08333333,6,False,False,0.06923297272012167,False,0.0,False,0.22560120402411166,Voting
4,5,0,24,0.875,4.75,1,False,False,0.017790554113353885,False,0.0,False,0.1039936187771612,Voting
15,76,152,573,0.17857142899999998,25.85714286,23,True,True,0.9113286418029379,True,0.9,True,0.6960868212992272,Voting
5,18,14,90,0.40625,8.333333332999999,1,True,False,0.03747352604215595,False,0.0,False,0.1029149876025792,Voting
7,46,27,372,0.214285714,24.92857143,5,False,False,0.13483676274861608,False,0.2,False,0.295143652851453,Voting
1,0,0,26,0.0,0.0,0,False,False,0.03332993372419205,False,0.0,False,0.05998668088759095,Voting
3,30,9,278,0.5555555560000001,36.42857143,3,False,False,0.05491020000813427,False,0.2,False,0.09430298185450288,Voting
4,17,0,131,0.5555555560000001,20.0,1,False,False,0.03393181454374488,False,0.0,False,0.06626047652339279,Voting
4,17,0,107,0.47619047600000003,13.85714286,5,False,False,0.04411034385758222,False,0.2,False,0.3616194123582644,Voting
1,2,0,4,1.0,3.0,0,False,False,0.014278269990438672,False,0.0,False,0.03648165141831153,Voting
14,42,113,356,0.268907563,18.38888889,11,True,False,0.2887942501457505,False,0.5,False,0.2397147752851164,Voting
19,33,66,261,0.25925925899999996,20.58333333,8,False,False,0.1088092646396342,False,0.1,False,0.2528860196822646,Voting
11,20,0,75,0.4375,17.5,3,True,False,0.04149980557866423,False,0.0,False,0.03720134569378713,Voting
5,39,4,274,0.46875,32.5,5,False,False,0.08113475451276664,False,0.0,False,0.36837384975072224,Voting
14,62,133,625,0.26623376600000004,27.22727273,9,False,True,0.780961599416958,False,0.2,False,0.4071030033718125,Voting
8,10,0,51,0.625,11.5,1,False,False,0.02476259005443237,False,0.0,False,0.12894670224768298,Voting
18,66,77,315,0.222222222,19.53333333,2,False,False,0.18678504926687772,False,0.4,False,0.4940214006446992,Voting
18,80,86,631,0.18888888899999998,37.75,4,True,True,0.7998503815080283,False,0.5,False,0.4730588078250983,Voting
23,45,348,204,0.079192547,6.25,4,True,True,0.5475450775290706,False,0.5,True,0.5170614675437644,Voting
5,1,0,1,1.0,0.0,1,False,False,0.014196724636087713,False,0.0,False,0.049442584621271136,Voting
13,26,0,198,0.39285714299999996,26.71428571,5,False,False,0.060009445731110965,False,0.0,False,0.06513158555010858,Voting
3,10,0,44,0.5555555560000001,13.33333333,4,False,False,0.03214527436230531,False,0.2,False,0.1380553739899612,Voting
6,15,2,85,0.5,19.5,6,True,False,0.0435522882813244,False,0.1,False,0.27493483229741195,Voting
5,70,407,615,0.316129032,18.16129032,11,False,False,0.4959202005193705,True,0.6,False,0.4869596616266832,Voting
2,11,3,25,0.666666667,7.333333333,1,False,False,0.02504683207110425,False,0.0,False,0.022093760481431596,Voting
4,13,0,85,0.5,19.75,1,False,False,0.031934213472390637,False,0.0,False,0.06032963240826152,Voting
5,7,0,29,0.625,6.0,1,False,False,0.023097010449444316,False,0.0,False,0.19534897699003287,Voting
34,63,200,528,0.219387755,17.57142857,8,True,True,0.7251294168854359,False,0.5,True,0.5467265900226354,Voting
3,11,0,56,0.375,8.0,3,False,False,0.03640562468606709,False,0.0,False,0.2657787442719315,Voting
3,9,0,64,0.533333333,11.2,1,False,False,0.02752842921972096,False,0.0,False,0.03437032358957253,Voting
7,3,3,3,0.47619047600000003,0.0,1,False,False,0.022997627502677233,False,0.0,False,0.011471271376302258,Voting
67,14,35,75,0.32,6.2,3,False,False,0.35562660385790834,False,0.4,False,0.2322260640221933,Voting
5,26,0,172,0.375,20.125,4,False,False,0.058300379802759185,False,0.1,False,0.05379020900803425,Voting
4,42,185,249,0.211180124,9.52173913,3,False,False,0.09244450561277262,False,0.1,False,0.34603565899887084,Voting
9,1,0,1,1.0,0.0,1,False,False,0.013693549107898094,False,0.0,False,0.06950952855159921,Voting
3,0,0,0,0.0,0.0,0,False,False,0.03273989715190543,False,0.0,False,0.010006074272983915,Voting
8,15,20,136,0.47619047600000003,15.375,7,False,False,0.38104423448643626,False,0.1,False,0.4965763317037701,Voting
5,21,10,71,0.533333333,13.2,2,False,False,0.03775431066614797,False,0.0,False,0.0759977467519283,Voting
2,36,38,620,0.293650794,28.0,3,True,False,0.4740042046858854,True,0.7,False,0.3433195678342785,RandomForest
8,13,6,44,0.625,10.0,2,False,False,0.02770287987746248,False,0.0,False,0.32959396993680545,Voting
3,31,3,202,0.666666667,66.33333333,14,False,False,0.4517144119759979,True,0.6,True,0.5393226563450378,Voting
25,59,67,304,0.26153846199999997,20.35714286,4,True,False,0.4794550142751831,False,0.5,False,0.4117884943789932,Voting
7,51,381,376,0.24193548399999998,10.67741935,4,False,False,0.32837924566598603,False,0.2,False,0.08204840456492918,Voting
10,12,1,76,0.666666667,24.33333333,4,False,False,0.029625743376333474,False,0.3,False,0.18173222340286574,Voting
1,5,0,45,0.666666667,13.33333333,2,False,False,0.02347657631780252,False,0.0,False,0.018781093743766117,Voting
8,49,21,265,0.363636364,22.72727273,7,False,False,0.13080873210588587,False,0.4,True,0.5389180585157541,Voting
4,14,15,56,0.47619047600000003,6.571428571,1,False,False,0.031560509496873265,False,0.1,False,0.31268108774130826,Voting
4,1,0,1,1.0,0.0,1,False,False,0.014325189102000837,False,0.0,False,0.051066065074348015,Voting
25,157,744,1828,0.13986014,39.04444444,19,True,True,0.9865040481593172,True,1.0,True,0.7532430445673638,Voting
1,6,1,22,0.666666667,6.0,1,False,False,0.02232890522524436,False,0.0,False,0.016330386442418816,Voting
3,32,0,1254,0.5555555560000001,207.33333330000002,2,False,False,0.0771835094527909,False,0.3,False,0.2333112354789339,Voting
3,8,8,101,0.625,18.0,1,False,False,0.02527311840615776,False,0.0,False,0.06862000144503189,Voting
6,55,79,322,0.268907563,16.11111111,3,False,False,0.12834794468504904,False,0.3,False,0.390221436618303,Voting
2,4,1,12,0.75,5.0,1,False,False,0.3528274889832869,False,0.1,False,0.3779757428532261,Voting
21,96,246,610,0.15416666699999998,24.08333333,14,False,True,0.9052045826086108,True,0.8,True,0.5878288429763884,Voting
7,20,12,75,0.25925925899999996,7.0,1,False,False,0.04373041941337343,False,0.0,False,0.09925644956747527,Voting
5,19,21,105,0.2,14.0,8,True,False,0.07604562343084717,False,0.0,False,0.16683892652868273,Voting
365,288,6692,2384,0.09008403400000001,18.55833333,6,True,True,0.7399668822379909,True,0.7,True,0.6627097471977799,Voting
2,24,19,373,0.4166666670000001,52.14285714,6,False,False,0.0661476002508341,False,0.4,False,0.13045591792793065,Voting
10,100,271,788,0.216748768,24.83333333,3,True,True,0.5407475342570338,True,0.7,False,0.4918126890700504,Voting
7,33,37,178,0.386363636,14.54545455,4,False,False,0.06202860769662314,False,0.4,False,0.3274067044404185,Voting
3,13,31,76,0.375,6.3,2,True,False,0.03461029928142948,False,0.1,False,0.06487233768546118,Voting
3,58,108,345,0.254901961,18.70588235,4,False,False,0.12487884534921112,False,0.4,False,0.4472637294219693,Voting
112,112,461,1021,0.12770562800000002,28.91176471,7,True,True,0.5450709250836573,True,0.7,False,0.4386614984053424,Voting
7,45,183,307,0.386363636,12.18181818,11,False,False,0.16978764023958434,False,0.0,False,0.18447083571378048,Voting
10,15,0,110,0.571428571,12.0,2,False,False,0.03158235632396516,False,0.0,False,0.13050313316665366,Voting
5,24,4,156,0.3125,16.0,6,False,False,0.06142033110385575,False,0.0,False,0.1805322477983882,Voting
9,38,29,260,0.228571429,21.81818182,2,False,False,0.0715340094974216,False,0.1,False,0.3640967559797845,Voting
8,26,1,149,1.0,73.5,1,False,False,0.029010743391753174,False,0.2,False,0.4777994415184764,Voting
7,31,3,123,0.55,19.16666667,2,False,False,0.04738628591420439,False,0.0,False,0.07507057157143054,Voting
5,54,138,703,0.17763157899999998,33.2,11,False,True,0.7829467900069781,True,0.7,True,0.5732389313014982,Voting
5,25,16,152,0.75,17.625,3,False,False,0.038718608932629864,False,0.0,False,0.249250528859127,Voting
7,38,84,234,0.375,12.8125,6,False,False,0.07829982096477907,False,0.1,False,0.2047407043037353,Voting
13,118,265,1542,0.177777778,55.59259259,10,True,True,0.9479703991854984,True,0.9,True,0.6249929585164085,Voting
27,41,57,312,0.45,19.06666667,4,False,False,0.06923416194229619,False,0.2,False,0.1992318264095808,Voting
3,39,41,469,0.311111111,29.33333333,1,True,False,0.07661260494422982,False,0.3,True,0.5160787363162276,AdaBoost
15,47,44,240,0.254545455,18.58333333,6,False,False,0.10242291660986268,True,0.6,False,0.4919212429375018,Voting
6,50,24,404,0.45833333299999995,43.33333333,2,True,False,0.4184599168503112,False,0.4,True,0.5572512592962389,AdaBoost
11,5,10,5,0.5,0.0,1,False,False,0.023329670200602767,False,0.0,False,0.08860029140389931,Voting
7,31,16,147,0.35714285700000004,17.0,2,True,False,0.054157032322098834,False,0.2,False,0.17012172624595714,Voting
6,2,1,2,0.75,0.0,1,False,False,0.01862409538847294,False,0.0,False,0.034861126917105134,Voting
25,112,962,837,0.15531914900000002,15.85416667,7,True,True,0.5526644554873323,False,0.5,True,0.5302440930335219,Voting
8,26,6,152,0.75,37.0,7,False,False,0.049903752697719135,False,0.3,False,0.2624577249153152,Voting
4,24,0,186,0.6190476189999999,24.85714286,6,True,False,0.05074296610667668,False,0.0,False,0.1574388350157531,Voting
1,4,0,11,1.0,9.0,0,False,False,0.015848291086726828,False,0.0,False,0.023498340079529008,Voting
36,1,0,1,1.0,0.0,1,False,False,0.01319625713420962,False,0.0,False,0.034847440840883204,Voting
4,16,0,52,0.75,11.75,2,False,False,0.028734640820514062,False,0.0,False,0.1580052169509316,Voting
1,9,10,81,0.44,15.0,5,False,False,0.037278925525847266,False,0.0,False,0.052682916718191926,Voting
3,1,0,1,1.0,0.0,1,False,False,0.015473658817811237,False,0.0,False,0.015466357384688094,Voting
4,1,0,1,1.0,0.0,1,False,False,0.015398924381843806,False,0.0,False,0.010727658397996586,Voting
6,4,6,4,0.625,0.0,1,False,False,0.021337693015519608,False,0.0,False,0.04906764885526358,Voting
1,23,1,121,0.666666667,38.33333333,5,False,False,0.044542204215542884,False,0.0,False,0.05962448900135635,Voting
3,7,1,25,1.0,11.5,1,False,False,0.018112716725070383,False,0.0,False,0.1137023100364317,Voting
2,7,6,20,0.875,4.0,1,False,False,0.019771678531026685,False,0.0,False,0.03914728450490558,Voting
4,19,1,89,0.5,28.33333333,1,False,False,0.035345619330429394,False,0.0,False,0.15807144844438376,Voting
1,11,0,47,0.833333333,22.0,3,False,False,0.025896527749373288,False,0.0,False,0.09710179853137096,Voting
11,33,4,167,0.25,19.25,5,False,False,0.07200680571849681,False,0.1,False,0.07188943936487455,Voting
2,11,3,25,0.666666667,7.333333333,1,False,False,0.025323970634049252,False,0.0,False,0.03214895643616331,Voting
38,3,3,3,1.0,0.0,1,False,False,0.013736546219725691,False,0.0,False,0.08607705511055329,Voting
6,17,0,134,0.533333333,24.8,1,False,False,0.03314927126301968,False,0.0,False,0.10945068786847534,Voting
2,4,1,9,0.75,3.5,0,False,False,0.018806512924449414,False,0.0,False,0.01806817390950397,Voting
9,52,15,468,0.214285714,31.85714286,2,False,False,0.44905918329716266,True,0.6,False,0.4740701146959888,Voting
1,5,3,12,0.5555555560000001,3.0,1,False,False,0.023667029593526137,False,0.0,False,0.0030517130633880038,Voting
17,39,10,353,0.27777777800000003,37.33333333,3,True,False,0.07644512458360693,False,0.3,False,0.30721986412788954,Voting
6,2,0,5,1.0,4.0,0,False,False,0.01468271795759223,False,0.0,False,0.051677461351167936,Voting
17,23,0,141,0.288888889,14.11111111,4,False,False,0.0512890695776597,False,0.1,False,0.015581187471545115,Voting
4,12,0,70,0.45833333299999995,10.33333333,1,False,False,0.030440753789665573,False,0.1,False,0.04554655466561325,Voting
20,2,1,2,1.0,0.0,1,False,False,0.014613937567881104,False,0.0,False,0.1227481891101285,Voting
8,46,189,333,0.397727273,13.54545455,8,False,False,0.11323308490342955,False,0.0,False,0.13716776751444934,Voting
7,18,6,119,0.5,28.75,1,False,False,0.034367349532546734,False,0.3,False,0.33049648924945224,Voting
3,8,15,34,0.47619047600000003,3.428571429,1,False,False,0.02673198010702225,False,0.0,False,0.09246574346602086,Voting
2,3,0,12,0.75,4.5,1,False,False,0.0195615982089667,False,0.1,False,0.035068688314374916,Voting
8,41,104,185,0.328125,9.764705882000001,4,False,False,0.407678544279991,False,0.0,False,0.4516677962412027,Voting
19,41,23,319,0.119298246,15.52631579,6,False,False,0.10166358250201,False,0.2,False,0.3803832978959023,Voting
2,21,42,146,0.26388888899999996,10.75,1,False,False,0.043779006220308336,False,0.2,False,0.04493296246317508,Voting
15,109,365,778,0.114919355,23.64516129,22,True,True,0.9585160270702358,False,0.5,True,0.6377890690515925,Voting
6,43,95,202,0.26666666699999997,12.2,2,False,False,0.07417029250075552,False,0.2,False,0.4310008946165009,Voting
2,1,0,1,1.0,0.0,1,False,False,0.015548760020764654,False,0.0,False,0.01687031793412525,Voting
18,132,130,1139,0.151515152,39.17857143,6,True,True,0.9480317502950808,True,0.7,True,0.8190799802171136,Voting
3,14,0,58,0.533333333,8.5,1,False,False,0.030183943472985964,False,0.0,False,0.08813001332630632,Voting
3,3,3,3,0.666666667,0.0,1,False,False,0.0205243969748096,False,0.0,False,0.04404487705920299,Voting
4,36,51,314,0.22,26.63636364,4,True,False,0.07945639785933699,False,0.1,False,0.18896129625642213,Voting
35,39,0,189,0.08,6.52,1,False,False,0.4013214049727509,False,0.4,False,0.1912332877437702,Voting
1,2,0,5,1.0,4.0,0,False,False,0.015042317952266578,False,0.0,False,0.04494846759573435,Voting
4,1,0,1,1.0,0.0,1,False,False,0.015398924381843806,False,0.0,False,0.010727658397996586,Voting
6,20,1,80,0.75,38.5,1,False,False,0.3630282112303311,False,0.0,False,0.31712746560125155,Voting
3,16,13,55,0.833333333,6.571428571,2,False,False,0.027130433212181063,False,0.0,False,0.12772643573510645,Voting
6,14,0,96,0.5,22.75,5,False,False,0.03972261514990859,False,0.0,False,0.13355454412451326,Voting
5,18,21,182,0.34,16.3,7,True,False,0.056775466748302014,False,0.2,True,0.5040438414707232,AdaBoost
4,10,0,55,0.666666667,17.0,1,False,False,0.024896538311618168,False,0.0,False,0.04946323655731491,Voting
6,28,21,92,0.428571429,12.14285714,2,False,False,0.04720783550801776,False,0.0,False,0.09151354387528267,Voting
4,1,0,1,1.0,0.0,1,False,False,0.015398924381843806,False,0.0,False,0.010727658397996586,Voting
8,60,225,526,0.24,18.80769231,10,True,False,0.3833006907189672,True,0.6,True,0.5670092765516811,Voting
16,97,362,941,0.201388889,27.625,45,True,True,0.9869107905420093,False,0.5,True,0.6014583861275851,Voting
70,121,440,1095,0.11057692300000001,31.54545455,11,False,True,0.9418973407718436,True,0.9,True,0.7606248831403012,Voting
18,96,294,796,0.16269841300000001,25.93103448,5,False,True,0.8779349441714087,True,0.8,True,0.6841111168152854,Voting
6,31,0,163,0.28571428600000004,22.0,5,False,False,0.07099221198406429,False,0.0,False,0.07179413129287923,Voting
2,3,1,7,0.75,2.5,1,False,False,0.01662990425578215,False,0.0,False,0.02175736130920441,Voting
6,35,9,217,0.363636364,18.36363636,3,False,False,0.0645469606524383,False,0.2,False,0.4846302340975142,Voting
12,75,50,682,0.288888889,40.5,9,True,False,0.4908035618911212,True,0.6,False,0.4173978401310422,RandomForest
2,0,0,22,0.0,0.0,0,False,False,0.03682407998176648,False,0.0,False,0.09208425207686696,Voting
1,5,1,17,1.0,7.5,0,False,False,0.01213083580852005,False,0.0,False,0.2282444401669449,Voting
12,53,71,390,0.228571429,24.4,18,True,True,0.8481105137391559,True,0.7,True,0.5945015693498718,Voting
4,10,2,48,0.5,10.5,1,False,False,0.02680208514211871,False,0.0,False,0.15891911964415026,Voting
7,37,10,323,0.27777777800000003,33.11111111,4,False,False,0.08387362425943606,False,0.4,True,0.530879510800162,Voting
8,38,55,122,0.303030303,10.09090909,2,False,False,0.06322870808530857,False,0.2,False,0.2508138644666921,Voting
5,26,15,211,0.4,34.16666667,3,False,False,0.051555564709593785,False,0.4,False,0.4689880410591129,Voting
7,17,1,108,0.625,53.0,8,False,False,0.040893634435877325,False,0.5,False,0.4276523288043692,Voting
4,28,12,217,0.481481481,22.66666667,1,False,False,0.04433989591303821,False,0.0,False,0.18778433371475106,Voting
7,31,4,178,0.5,34.0,11,False,False,0.1000462966518439,False,0.3,True,0.5350942148247781,Voting
4,22,56,298,0.472222222,21.07692308,4,False,False,0.04892260087411815,False,0.2,False,0.27831615510354313,Voting
1,5,1,10,0.75,4.0,1,False,False,0.017447138775959055,False,0.0,False,0.009752339716644944,Voting
39,135,17,1100,0.074666667,22.63043478,16,True,True,0.9769703368933254,True,0.8,True,0.6366752630767893,Voting
4,18,2,194,0.35,22.5,4,False,False,0.04974755000009334,False,0.2,False,0.3030896483436765,Voting
8,32,0,190,0.8125,21.875,3,False,False,0.3689584799547255,False,0.2,False,0.4323936326476911,Voting
16,68,601,534,0.289473684,12.60526316,5,False,False,0.4517070657408391,False,0.1,False,0.1915048010698033,Voting
5,12,11,72,0.571428571,8.857142857000001,5,False,False,0.032860856763578195,False,0.0,False,0.08592995974143358,Voting
1,8,0,18,1.0,17.0,0,False,False,0.012885987325103874,False,0.0,False,0.06278232885896702,Voting
6,2,1,2,1.0,0.0,1,False,False,0.01183443065240368,False,0.0,False,0.07950918872170193,Voting
9,106,435,1020,0.18855218899999998,28.44117647,46,True,True,0.9911923824439988,True,0.9,True,0.7478886006752329,Voting
2,9,10,24,0.4,3.8,1,False,False,0.02913150681633615,False,0.0,False,0.07901829078723606,Voting
17,126,161,2117,0.148760331,90.0,53,True,True,0.99864211071565,True,0.8,True,0.9571205275908202,Voting
7,32,0,221,0.3,20.6,5,False,False,0.07372887249960047,False,0.1,False,0.15620847866679255,Voting
36,267,1715,2328,0.091642229,35.38095238,21,True,True,0.9991515606310156,True,1.0,True,0.9857555370951032,Voting
64,17,15,67,0.583333333,10.16666667,2,False,False,0.02584611196214908,False,0.2,False,0.1977172378975437,Voting
6,18,0,100,0.5,23.5,3,False,False,0.0365684609046282,False,0.0,False,0.3136887608669301,Voting
4,18,0,148,0.8,28.0,1,False,False,0.023424386770227085,False,0.0,False,0.0867839517159151,Voting
35,178,1304,1152,0.09824561400000001,17.91666667,5,True,True,0.9664116792938372,True,0.9,True,0.7580433090313121,Voting
5,10,45,10,0.36,0.0,1,False,False,0.03000314401230096,False,0.2,False,0.3061803269114672,Voting
3,14,6,68,0.5,16.0,2,False,False,0.03131789264366154,False,0.0,False,0.40785397167514775,Voting
3,7,0,26,0.625,5.25,1,False,False,0.021315469439475026,False,0.1,False,0.14784360081616302,Voting
4,5,3,11,0.666666667,2.666666667,1,False,False,0.0191229393930708,False,0.0,False,0.08205352995886044,Voting
4,24,1,135,0.4166666670000001,20.83333333,1,False,False,0.04204370295038933,False,0.0,False,0.14782686657100302,Voting
9,44,8,298,0.542857143,57.8,1,True,False,0.05668956798906951,False,0.5,False,0.38709816802046826,Voting
7,28,9,261,0.375,41.83333333,4,False,False,0.3930064773594884,False,0.1,False,0.473803091746533,Voting
6,36,18,182,0.28571428600000004,20.875,1,False,False,0.06342929703682502,False,0.3,False,0.412476257057364,Voting
4,19,14,88,0.518518519,8.333333332999999,1,False,False,0.032191133661241954,False,0.1,False,0.4302623025765109,Voting
4,17,0,57,0.875,13.0,5,True,False,0.02539979094641004,False,0.0,False,0.061118389668861926,Voting
10,46,9,212,0.28571428600000004,28.57142857,4,True,False,0.4242484930255923,False,0.1,False,0.3812302768883376,Voting
7,21,16,123,0.311111111,12.11111111,7,False,False,0.062308443840038176,False,0.1,False,0.2759760612534697,Voting
9,61,14,586,0.333333333,63.44444444,8,False,True,0.5299537009209787,True,0.9,True,0.6023531582183258,Voting
0,2,0,26,1.0,3.0,0,True,False,0.34484671723436583,False,0.5,True,0.6997296623919051,AdaBoost
13,85,248,860,0.189285714,28.96428571,28,False,True,0.95621433028416,True,0.8,True,0.8013408628106753,Voting
10,23,3,145,1.0,47.33333333,10,False,False,0.034455116396480176,False,0.4,False,0.15255703854366173,Voting
3,9,3,33,0.5555555560000001,10.0,4,False,False,0.029124484790421706,False,0.0,False,0.1556648704975158,Voting
6,38,9,260,0.34,24.4,16,True,False,0.4485124840216765,False,0.4,True,0.5381343134491815,AdaBoost
5,22,7,98,0.45833333299999995,14.83333333,2,False,False,0.03925758033715314,False,0.1,False,0.2349683499833781,Voting
4,0,0,0,0.0,0.0,0,False,False,0.0361384364717352,False,0.0,False,0.04177193148048002,Voting
8,38,14,345,0.375,36.55555556,3,False,False,0.40652856559273903,False,0.3,True,0.5711356106487171,Voting
7,27,4,109,0.46666666700000003,20.2,2,False,False,0.04315283006943302,False,0.0,False,0.12028040141344505,Voting
6,45,66,173,0.305555556,13.41666667,5,False,False,0.08779821363904322,False,0.3,False,0.14213767200383695,Voting
3,1,0,1,1.0,0.0,1,False,False,0.011691864554666864,False,0.0,False,0.07661624570313938,Voting
25,172,151,1224,0.178030303,54.0,12,True,True,0.9856192891445112,False,0.5,True,0.6348006124682702,Voting
9,22,6,130,1.0,29.75,1,True,False,0.01943076342402966,False,0.1,False,0.08401268178924297,Voting
9,56,150,455,0.289473684,20.85,6,True,False,0.16897307103856954,False,0.5,False,0.4165181276798015,Voting
14,91,196,800,0.21875,30.48,6,True,True,0.8723679085745419,True,0.9,True,0.8018220206205219,Voting
10,36,20,369,0.21153846199999998,27.0,6,False,False,0.10409605116505732,False,0.4,False,0.22191751189127049,Voting
6,15,3,50,1.0,15.66666667,1,False,False,0.01609912471557346,False,0.0,False,0.2935012063186521,Voting
6,26,41,129,0.37037037,11.7,3,False,False,0.04984375135227797,False,0.0,False,0.1479336476004046,Voting
6,8,3,43,0.47619047600000003,4.714285714,1,False,False,0.02613536706267501,False,0.0,False,0.11352774606552266,Voting
30,121,622,1031,0.115625,24.225,21,True,True,0.9671647583127376,True,1.0,True,0.953284247254208,Voting
3,36,3,241,0.666666667,79.33333333,18,True,False,0.3205389217983356,False,0.2,False,0.30820944569830844,Voting
27,38,0,198,0.092,6.8,2,False,False,0.0807449039738246,False,0.2,False,0.2971898012219964,Voting
4,34,203,399,0.487179487,13.88461538,1,False,False,0.05531727662767733,False,0.1,False,0.4967910347451726,Voting
4,15,15,125,0.4,19.83333333,1,True,False,0.3686627040203783,False,0.1,False,0.3138671557572996,Voting
7,52,154,377,0.3,17.25,6,False,False,0.4651829497205111,True,0.6,False,0.3889512426691925,Voting
9,54,15,493,0.271428571,43.09090909,1,True,False,0.1236825009188628,True,0.6,True,0.6039343423639673,Voting
2,9,0,74,0.6,35.0,1,False,False,0.023581446506900108,False,0.0,False,0.014071976177066237,Voting
7,19,6,74,0.875,17.5,2,False,False,0.030141902130320045,False,0.3,False,0.3494386489188283,Voting
13,73,82,598,0.18382352899999999,33.70588235,3,True,False,0.26162935514279656,False,0.5,True,0.6610130392293098,AdaBoost
14,27,4,221,0.333333333,53.5,3,False,False,0.05256366191796813,False,0.3,False,0.3680420007263783,Voting
0,16,34,60,0.666666667,5.555555556,2,False,False,0.3645738742543417,False,0.2,False,0.2337550319401217,Voting
12,41,29,377,0.19658119699999999,25.0,9,False,False,0.12370657498375293,False,0.4,False,0.4084991177665824,Voting
14,69,25,492,0.24107142899999998,33.5,17,False,True,0.8788450811016947,True,0.8,True,0.6614828468862206,Voting
7,16,9,72,0.7,10.5,3,False,False,0.032181847865662624,False,0.0,False,0.07405416305105195,Voting
29,104,347,1270,0.122983871,39.38709677,19,True,True,0.948007781220756,True,0.7,True,0.5860637926324274,Voting
12,61,144,507,0.1875,22.61904762,4,False,False,0.4926485868146933,True,0.6,True,0.7823848608675561,Voting
8,73,353,776,0.16,20.65714286,4,True,True,0.8076004893615286,True,0.8,True,0.7598159359293509,Voting
2,17,6,127,0.375,30.75,6,False,False,0.04881687893812775,False,0.2,False,0.07930356723696083,Voting
5,7,4,35,0.583333333,7.5,2,False,False,0.025322242983168455,False,0.3,False,0.3083562909030068,Voting
4,21,3,108,0.428571429,13.71428571,2,False,False,0.04116111446831825,False,0.0,False,0.10110343337883934,Voting
6,27,0,141,0.35,16.0,1,False,False,0.047680305928154525,False,0.0,False,0.09839351712726467,Voting
3,15,21,66,0.523809524,8.428571429,1,False,False,0.030936492494672226,False,0.0,False,0.1185867953511507,Voting
4,8,4,45,0.5555555560000001,10.0,1,False,False,0.025129965823903786,False,0.0,False,0.020115317889156933,Voting
0,3,0,12,0.75,4.5,1,False,False,0.01976200008129487,False,0.1,False,0.08450073498957666,Voting
3,22,0,112,0.47619047600000003,14.42857143,4,True,False,0.04635711103114773,False,0.0,False,0.049266189443468784,Voting
8,41,66,130,0.305555556,9.833333332999999,2,False,False,0.06995424806635074,False,0.2,False,0.17031990499652552,Voting
3,5,1,14,1.0,3.333333333,1,False,False,0.01797447992690087,False,0.0,False,0.08763180922783201,Voting
5,4,1,10,0.666666667,4.0,0,False,False,0.0196607578890704,False,0.0,False,0.18612504356839107,Voting
3,7,1,23,1.0,10.5,1,False,False,0.019094759840175297,False,0.0,False,0.07217042318103553,Voting
81,71,311,644,0.176190476,19.64516129,16,True,True,0.8468240702493617,True,0.6,True,0.8355026182505619,Voting
3,3,0,13,0.75,5.0,1,False,False,0.01952512722878873,False,0.0,False,0.2918143717889601,Voting
6,25,18,120,0.36111111100000004,11.66666667,4,False,False,0.05209862452659635,False,0.0,False,0.39022222567396775,Voting
4,2,1,2,0.666666667,0.0,1,False,False,0.019718882589631757,False,0.0,False,0.03043011025348445,Voting
9,46,160,206,0.263157895,9.0,2,True,False,0.07850556699424709,False,0.2,False,0.4420056491313338,Voting
25,41,321,191,0.084656085,6.037037037,4,True,False,0.4423986178172696,False,0.4,True,0.6431381109572284,AdaBoost
10,27,2,146,0.36,27.8,5,False,False,0.05841833673513869,False,0.0,False,0.3650474466536965,Voting
6,13,1,66,1.0,31.5,1,False,False,0.02261711560470012,False,0.1,False,0.13877747560505915,Voting
10,22,1,163,1.0,78.5,1,False,False,0.3625541180588549,False,0.5,True,0.6339436805992144,Voting
4,13,0,81,0.5,18.75,1,False,False,0.03017927868038575,False,0.0,False,0.05102552368923261,Voting
5,25,0,251,0.375,23.2,5,False,False,0.0568606416384925,False,0.0,False,0.08463162113347192,Voting
25,150,625,1561,0.111111111,38.43589744,27,True,True,0.9902879428799696,True,0.9,True,0.7655290429670074,Voting
3,5,4,17,0.625,3.0,1,False,False,0.022114799975419267,False,0.0,False,0.06900398645497763,Voting
6,32,41,134,0.4074074070000001,12.2,3,False,False,0.057097537200601574,False,0.1,False,0.2492664341082977,Voting
24,152,349,1413,0.115789474,44.0,7,True,True,0.9729559241665808,True,0.7,False,0.4789331341617501,Voting
15,92,753,707,0.140692641,15.42857143,5,False,True,0.8449360007076218,True,0.7,True,0.5589513371734569,Voting
3,11,15,154,0.32,14.3,4,True,False,0.03762356972266743,False,0.5,False,0.2366300726239413,Voting
6,40,80,254,0.24107142899999998,14.375,3,False,False,0.07572146137150322,False,0.1,False,0.4044801897016807,Voting
2,23,0,246,0.333333333,25.88888889,1,False,False,0.04505852726716338,False,0.0,False,0.02602126886926796,Voting
15,34,4,266,0.296296296,27.77777778,11,False,False,0.12232818214806122,False,0.4,False,0.3879300288321991,Voting
6,34,65,378,0.595238095,25.14285714,2,False,False,0.053297859143551465,False,0.3,False,0.4801025155164074,Voting
10,47,39,310,0.222222222,19.46666667,7,True,False,0.1136442242367324,False,0.3,False,0.4059964292048503,Voting
3,2,0,4,1.0,3.0,0,False,False,0.015491140656917462,False,0.0,False,0.10040967521477884,Voting
4,7,3,17,0.5555555560000001,4.666666667,1,False,False,0.02427344513560524,False,0.0,False,0.09702136696452413,Voting
89,59,328,471,0.234693878,14.93103448,6,False,False,0.42612484693206576,True,0.7,True,0.6543392260871267,Voting
7,29,0,195,0.4166666670000001,30.66666667,1,False,False,0.04900343573971918,False,0.2,False,0.03905451125115952,Voting
5,41,21,214,0.433333333,20.0,2,False,False,0.40229267116767803,False,0.1,False,0.4217753552526509,Voting
8,26,10,144,0.4,27.8,6,False,False,0.05914406362441274,False,0.1,False,0.397506313784119,Voting
0,7,0,19,0.666666667,5.0,1,False,False,0.3565616830450374,False,0.3,False,0.16564417256092534,Voting
5,17,5,94,0.5,14.16666667,1,False,False,0.0333891069697004,False,0.0,False,0.1584877116329802,Voting
19,107,739,898,0.193121693,19.80952381,10,True,True,0.5709257331238534,False,0.3,False,0.3482793564751174,Voting
12,46,21,264,0.30952381,36.71428571,9,False,False,0.12285456802209697,False,0.5,True,0.5540200597213585,Voting
4,16,0,52,0.75,11.75,2,False,False,0.02998750879257097,False,0.0,False,0.14794476836013165,Voting
499,30,0,153,0.322222222,9.066666667,2,False,False,0.34095925131169,False,0.1,False,0.047266626644146346,Voting
12,80,61,549,0.181818182,29.38888889,8,True,True,0.7497989941579623,True,0.6,True,0.5749922482182559,Voting
2,5,3,19,0.5,5.333333333,1,False,False,0.023907016807866468,False,0.0,False,0.010520866935285702,Voting
62,22,28,130,0.481481481,13.11111111,5,False,False,0.2841008636663434,False,0.3,False,0.0684190398618981,Voting
15,56,13,280,0.583333333,45.5,5,False,False,0.4370892374335967,False,0.5,False,0.4745839429213922,Voting
7,43,57,386,0.314285714,26.07142857,2,False,False,0.4116263588892744,False,0.4,True,0.5524839998374983,Voting
12,86,0,822,0.308080808,21.97058824,4,False,True,0.8280823214792199,False,0.5,True,0.5630659169801363,RandomForest
6,26,9,156,0.25,14.0,3,False,False,0.054216231480825,False,0.0,False,0.12398776809396653,Voting
1,5,3,24,0.666666667,7.0,4,False,False,0.026125656762914902,False,0.0,False,0.01954478302695526,Voting
4,6,0,34,0.666666667,10.0,2,False,False,0.02367197350819,False,0.0,False,0.104330139210052,Voting
10,53,224,460,0.2,17.12,5,True,False,0.4702137455876424,False,0.5,True,0.5122402453019598,AdaBoost
6,23,1,265,0.5,131.5,1,False,False,0.04033332680180168,False,0.1,False,0.1890463335766276,Voting
13,1,0,3,1.0,0.0,1,False,False,0.01534317802769608,False,0.0,False,0.0820622099466095,Voting
5,18,10,81,0.8,15.2,3,False,False,0.032543547236892886,False,0.1,False,0.296296742498128,Voting
8,76,0,616,0.166666667,36.5,8,True,True,0.7497611476604461,False,0.2,False,0.4771209987114517,Voting
6,4,1,8,0.75,3.0,1,False,False,0.01980551087719252,False,0.0,False,0.3527536075096637,Voting
20,78,142,503,0.183035714,16.78571429,3,False,True,0.6146414608041052,False,0.5,True,0.6577230902025657,RandomForest
19,107,391,977,0.15,29.90322581,3,False,True,0.8898650681663062,True,0.7,True,0.5173040978145866,Voting
6,46,53,2106,0.209876543,75.77777778,9,True,True,0.8024239113933388,True,0.8,True,0.6632458334796477,Voting
8,24,3,116,0.5555555560000001,37.66666667,4,False,False,0.04372743639315612,False,0.1,False,0.1984533078809122,Voting
18,91,218,671,0.325,25.28,10,False,True,0.5515509440536918,False,0.2,True,0.5921123522099416,RandomForest
18,117,230,877,0.222222222,33.32,5,True,True,0.922997302421816,True,0.8,True,0.7553351208390716,Voting
11,74,15,487,0.367346939,68.14285714,13,True,False,0.4459387068485683,False,0.3,True,0.5369617677986331,AdaBoost
7,45,168,302,0.39285714299999996,12.76190476,7,False,False,0.10379923901557007,False,0.1,False,0.02557886775903318,Voting
1,16,11,202,0.36111111100000004,32.0,1,False,False,0.03929909645879267,False,0.1,False,0.20705551025137928,Voting
24,82,22,552,0.14743589699999998,40.69230769,6,False,False,0.4404600692809418,True,0.7,True,0.5424457025612311,Voting
5,19,8,165,0.6875,18.375,2,False,False,0.032704446472711736,False,0.0,False,0.23799611928443856,Voting
1,13,0,115,1.0,100.0,0,False,False,0.018263792492068054,False,0.0,False,0.02395472891184992,Voting
3,17,10,87,0.533333333,16.4,3,False,False,0.03623728759307501,False,0.1,False,0.07961174823080386,Voting
4,2,1,2,0.75,0.0,1,False,False,0.017861940396238524,False,0.1,False,0.04654835639058079,Voting
8,41,48,203,0.21875,15.75,7,False,False,0.10087089244195008,False,0.0,False,0.4491552608373244,Voting
2,40,10,281,0.325,33.625,4,False,False,0.4167895804842192,False,0.2,False,0.3599146886194584,Voting
12,85,217,811,0.21978022,29.65384615,7,True,True,0.8734623835670634,True,0.6,True,0.6192622947284457,Voting
6,16,1,84,0.444444444,12.33333333,2,False,False,0.03549144705228904,False,0.1,False,0.4586632059845962,Voting
3,25,0,135,0.444444444,21.16666667,4,False,False,0.05103614609737545,False,0.0,False,0.2680771731126177,Voting
3,1,0,1,1.0,0.0,1,False,False,0.014222961706171487,False,0.0,False,0.02955295354187588,Voting
4,19,0,101,0.666666667,32.0,1,False,False,0.030254418993171207,False,0.0,False,0.024479914202597312,Voting
3,2,0,4,1.0,3.0,0,False,False,0.013679651927522274,False,0.0,False,0.02887199192131965,Voting
4,14,0,108,0.75,25.5,1,False,False,0.0252516610795001,False,0.0,False,0.013275395048749477,Voting
3,18,4,147,0.75,35.5,1,False,False,0.028346218867128736,False,0.0,False,0.10123450745910254,Voting
9,25,4,137,0.5,26.0,2,False,False,0.04226006941394001,False,0.1,False,0.2337839528375197,Voting
6,9,15,42,0.7142857140000001,4.571428571,1,False,False,0.021953566611467825,False,0.0,False,0.09188060429934522,Voting
4,3,0,13,0.75,5.0,1,False,False,0.01841224941037961,False,0.2,False,0.08007634455532471,Voting
18,70,136,515,0.167464115,24.15,7,True,False,0.36084942349892657,True,0.8,True,0.544204632325919,Voting
4,11,0,35,0.666666667,10.33333333,2,False,False,0.025776270549760186,False,0.0,False,0.22720403724197605,Voting
4,23,0,150,0.47619047600000003,20.0,4,False,False,0.04779296989949176,False,0.1,False,0.12692728815155174,Voting
6,53,23,380,0.36,32.72727273,1,True,False,0.4316332121674948,True,0.8,True,0.5741793788642939,Voting
10,39,0,247,0.454545455,21.09090909,2,False,False,0.06364663040121002,False,0.2,False,0.11408478781398253,Voting
8,32,16,140,0.235294118,6.8823529410000015,1,False,False,0.05748002125648664,False,0.1,False,0.2872780779598318,Voting
5,16,6,284,0.541666667,34.25,13,False,False,0.4491714295823707,False,0.3,False,0.322749175383923,Voting
17,105,344,874,0.243386243,29.89285714,9,False,True,0.9161621120101348,True,0.6,True,0.734411720023143,Voting
8,14,6,79,0.333333333,18.25,2,False,False,0.03677628867583042,False,0.1,False,0.10243392857672184,Voting
2,9,0,1107,0.7142857140000001,137.125,3,False,False,0.0439466795249458,False,0.1,False,0.10800267997621034,Voting
10,34,10,171,0.46666666700000003,32.6,7,False,False,0.07165324107936198,False,0.4,False,0.32226506340769223,Voting
5,20,3,71,1.0,22.33333333,3,False,False,0.026169269328236624,False,0.2,False,0.04729171996370808,Voting
1,11,7,105,0.7142857140000001,13.57142857,7,False,False,0.03556537773765825,False,0.2,False,0.04825288740211657,Voting
4,17,16,89,0.4375,10.0,6,False,False,0.04661358193549679,False,0.3,False,0.3978496760562921,Voting
6,21,0,90,0.46428571399999996,11.57142857,3,False,False,0.04166124345915285,False,0.1,True,0.5916765979170547,Voting
8,31,46,223,0.270833333,17.16666667,1,False,False,0.057187797746229875,False,0.1,False,0.2468752508570351,Voting
24,109,653,1212,0.146341463,27.19047619,40,True,True,0.9891683008213722,True,0.9,True,0.9618763262627328,Voting
8,11,15,121,0.4,11.0,4,True,False,0.3705103974759657,False,0.3,False,0.2821251922382104,Voting
9,13,12,109,0.5,12.25,3,False,False,0.033401354945406386,False,0.0,False,0.11213758846133802,Voting
14,1,0,1,1.0,0.0,1,False,False,0.01343212837316281,False,0.0,False,0.07911967024654805,Voting
7,14,3,52,0.5555555560000001,16.33333333,3,False,False,0.0320266037072432,False,0.0,False,0.034520971596530926,Voting
10,16,3,105,0.666666667,34.0,2,False,False,0.02905390719339462,False,0.0,False,0.00934397093674519,Voting
4,2,1,2,0.75,0.0,1,False,False,0.017861940396238524,False,0.1,False,0.04654835639058079,Voting
15,111,1836,888,0.12109375,12.546875,6,False,True,0.8701610000741381,True,0.7,True,0.5499072509775699,Voting
9,46,34,386,0.333333333,30.5,3,False,False,0.42621313612791983,False,0.5,True,0.5741756118515567,Voting
3,10,0,32,0.666666667,9.333333332999999,1,False,False,0.023758033194799168,False,0.0,False,0.108008360698914,Voting
38,121,1145,1035,0.061743340999999986,16.40677966,8,True,True,0.9230231300272173,True,0.9,True,0.7498606423010864,Voting
4,21,3,108,0.428571429,13.71428571,2,False,False,0.04121349544520025,False,0.0,False,0.1693405588217299,Voting
5,14,91,14,0.271428571,0.0,1,False,False,0.034086980642810766,False,0.1,False,0.17320539127294965,Voting
5,4,6,4,0.4,0.0,1,False,False,0.02501642850636403,False,0.0,False,0.04431221103750197,Voting
7,52,48,355,0.195804196,25.76923077,2,False,False,0.11062974364660524,True,0.7,False,0.3115259015046884,Voting
15,56,191,850,0.1875,35.04347826,11,False,True,0.503591514744921,True,0.7,False,0.4291914945033392,AdaBoost
8,5,6,16,0.875,3.0,1,False,False,0.017059416398929824,False,0.0,False,0.08683252356081311,Voting
12,32,70,155,0.083333333,10.61538462,2,False,False,0.0661380024496011,False,0.3,False,0.2427913751783525,Voting
1,6,1,20,0.75,9.0,1,False,False,0.020164591849434938,False,0.0,False,0.018366920789053,Voting
47,98,0,327,0.073412698,6.761904762,6,False,False,0.4990389271259305,False,0.5,False,0.4318170702242897,Voting
22,135,316,1367,0.17630854,39.81818182,10,False,True,0.6362778016853311,True,0.7,True,0.6744173442024789,Voting
8,21,1,167,1.0,78.5,1,True,False,0.023865030276554487,False,0.1,False,0.11067493338132656,Voting
16,25,28,122,0.3125,14.25,6,False,False,0.059144805584365225,False,0.1,False,0.2321584002439807,Voting
10,104,429,1038,0.108333333,33.26666667,9,True,True,0.9276102913937164,True,0.8,True,0.5826162289881149,Voting
2,15,0,143,0.39285714299999996,18.71428571,1,False,False,0.036170357765761794,False,0.1,False,0.21976415821608236,Voting
3,39,58,213,0.4,16.33333333,2,True,False,0.06544173548252467,False,0.0,False,0.382474702433229,Voting
8,26,0,98,0.282051282,6.307692307999999,1,True,False,0.38111805868382137,False,0.3,False,0.23885318170122705,Voting
11,18,6,97,0.5,23.25,1,False,False,0.032921836324125264,False,0.0,False,0.06823122765813566,Voting
10,45,2,336,0.35,40.25,2,True,False,0.41566204080767294,True,0.6,True,0.5546714071301221,Voting
11,28,36,214,0.5555555560000001,16.25,1,False,False,0.04181912884399053,False,0.1,False,0.1301953813669503,Voting
7,14,0,51,0.46666666700000003,8.8,1,False,False,0.03063546613183718,False,0.0,False,0.10437136405052884,Voting
8,21,22,135,0.666666667,13.66666667,4,False,False,0.037853963545700434,False,0.0,False,0.15869578612960752,Voting
4,8,0,37,0.625,8.0,3,False,False,0.026461371880743267,False,0.0,False,0.2440423887293726,Voting
4,8,1,25,1.0,11.5,1,False,False,0.016964869934022884,False,0.0,False,0.06969866162817104,Voting
19,56,60,362,0.25,21.1875,2,False,False,0.10953318191575208,False,0.5,False,0.4593088279824682,Voting
7,24,77,109,0.333333333,5.933333332999999,2,False,False,0.04221892950888997,False,0.2,False,0.28858237249208984,Voting
3,4,1,12,0.75,5.0,1,True,False,0.01683049432708598,False,0.0,False,0.019363158161161614,Voting
150,26,41,134,0.3,10.72727273,4,False,False,0.3500897005402909,False,0.0,False,0.09503358144112464,Voting
12,28,6,143,0.288888889,14.77777778,4,False,False,0.05534661181057594,False,0.1,False,0.10288719614547696,Voting
5,26,6,129,1.0,30.75,5,False,False,0.029282489438189643,False,0.5,False,0.4062478206092842,Voting
3,20,34,177,0.333333333,18.55555556,4,False,False,0.3805759241862652,False,0.3,True,0.5496320904430653,Voting
11,52,282,300,0.13961039,9.285714286000001,3,False,False,0.1325596500121808,False,0.2,False,0.4072510642066422,Voting
6,20,39,129,0.525,11.8,4,False,False,0.03745959918383971,False,0.0,False,0.11295146066382322,Voting
5,16,3,95,0.666666667,30.66666667,2,False,False,0.026415923656924897,False,0.0,False,0.03402326059471945,Voting
12,111,528,1006,0.222222222,26.38888889,3,False,True,0.8983068684861162,False,0.4,True,0.5438127705287512,RandomForest
5,42,69,538,0.247619048,34.33333333,1,True,False,0.4353342967941055,True,0.7,True,0.6407550216996809,Voting
9,14,3,52,0.5555555560000001,16.33333333,3,False,False,0.02856717189327016,False,0.0,False,0.09150451198900432,Voting
22,1,0,1,1.0,0.0,1,False,False,0.011200570346062982,False,0.0,False,0.06095461809992605,Voting
3,7,1,23,1.0,10.5,1,False,False,0.014222738411853666,False,0.0,False,0.07989389085955341,Voting
11,60,39,305,0.268518519,15.77777778,4,True,False,0.4546585327607715,False,0.1,True,0.5651441948303506,AdaBoost
15,32,1,209,0.342857143,28.28571429,9,False,False,0.08489074029120433,False,0.1,False,0.35641457418331457,Voting
4,13,9,70,0.4,10.5,1,False,False,0.03015969619040387,False,0.0,False,0.3816365013183432,Voting
9,41,48,285,0.355769231,20.69230769,1,False,False,0.06524271980017309,True,0.6,False,0.4473536395080451,Voting
11,40,0,289,0.179487179,21.07692308,4,False,False,0.08759908177331611,False,0.2,False,0.13758892282112622,Voting
6,14,2,68,0.5,15.5,1,True,False,0.0277556665067941,False,0.0,False,0.1536714146863748,Voting
17,85,74,461,0.15625,25.82352941,1,True,False,0.37132000585609176,True,0.6,False,0.4005056138275752,RandomForest
16,86,41,451,0.243589744,30.35714286,3,False,True,0.6880481048108953,False,0.5,False,0.3847166477587653,Voting
6,32,3,185,0.666666667,60.66666667,12,False,False,0.0698868818413734,False,0.2,False,0.36771359338918586,Voting
4,1,0,1,1.0,0.0,1,False,False,0.012192868576857668,False,0.0,False,0.018486658131979698,Voting
2,36,0,335,0.642857143,45.57142857,9,False,False,0.07394222179378225,False,0.4,False,0.3765733482093439,Voting
2,5,1,11,0.75,4.5,1,False,False,0.017290773062827457,False,0.0,False,0.006439756736317445,Voting
3,19,4,107,0.7,20.2,1,False,False,0.026511227599901356,False,0.0,False,0.046856708538684136,Voting
8,13,10,53,0.56,9.6,1,False,False,0.024959062061326732,False,0.0,False,0.06877699294552855,Voting
6,4,3,20,0.5,5.666666667,2,False,False,0.35595762524459224,False,0.2,False,0.07100068950906037,Voting
14,26,82,183,0.546875,10.0625,2,True,False,0.03701677069316333,False,0.0,False,0.2029684784819092,Voting
8,52,101,519,0.194444444,27.05555556,7,True,False,0.19350328774234224,False,0.5,False,0.4923160513822155,Voting
3,8,1,49,0.666666667,14.33333333,4,False,False,0.02437165675180428,False,0.1,False,0.08716794104656386,Voting
8,43,3,250,0.5555555560000001,82.33333333,9,True,False,0.07791429139331356,False,0.3,True,0.5667692953907211,AdaBoost
6,25,1,104,0.342857143,13.42857143,3,False,False,0.046763196143561316,False,0.0,False,0.29781156265828324,Voting
26,103,134,1167,0.226190476,44.76,29,True,True,0.97467514850831,True,0.9,True,0.759188665311165,Voting
10,43,61,184,0.38888888899999996,8.833333332999999,1,False,False,0.059929957529193924,False,0.2,False,0.36013729201977823,Voting
9,39,82,297,0.2109375,17.1875,8,False,False,0.10652470169029388,False,0.3,False,0.3905042639078712,Voting
2,11,3,25,0.666666667,7.333333333,1,False,False,0.02168972182644012,False,0.0,False,0.0063439819387014346,Voting
6,22,3,82,1.0,26.0,3,False,False,0.02302769792237552,False,0.1,False,0.16899308487429973,Voting
13,93,519,807,0.171428571,21.74285714,7,True,True,0.5420884814078982,False,0.5,True,0.5073678653961777,Voting
4,16,0,46,0.5,10.25,1,False,False,0.028786291124886763,False,0.0,False,0.0823463181601671,Voting
3,4,0,14,0.666666667,5.5,1,False,False,0.018305600669978942,False,0.0,False,0.008056574605403394,Voting
9,20,21,146,0.228571429,13.3,1,False,False,0.3760670422046719,False,0.4,False,0.486531686115369,Voting
9,22,21,103,0.571428571,13.71428571,3,False,False,0.034564057217817336,False,0.1,False,0.2366929084627487,Voting
7,18,3,82,0.583333333,25.66666667,1,False,False,0.027964192956939443,False,0.1,False,0.08873935811240267,Voting
10,20,2,112,0.5,26.5,4,False,False,0.037768224030909466,False,0.2,False,0.253474005143928,Voting
8,14,6,79,0.333333333,18.25,2,False,False,0.03451673059236548,False,0.1,False,0.09907352808839187,Voting
8,25,0,91,0.27777777800000003,6.416666667,2,True,False,0.3795202616370664,False,0.4,True,0.5858317649746175,AdaBoost
16,140,400,1196,0.218637993,35.3125,28,True,True,0.6546220091502447,False,0.5,False,0.4336997335738581,Voting
7,27,0,169,0.305555556,27.0,6,False,False,0.06251934942888343,False,0.1,False,0.1035000999382131,Voting
4,23,0,298,0.36,28.7,6,False,False,0.06121074022677886,False,0.3,False,0.2653765917826101,Voting
23,1,0,1,1.0,0.0,1,False,False,0.01114789944487892,False,0.0,False,0.06095461809992605,Voting
6,64,213,409,0.194805195,16.60869565,6,False,True,0.5640547483226508,True,0.7,True,0.5426141317113164,Voting
9,32,9,182,0.35714285700000004,29.16666667,3,True,False,0.05565464334251017,False,0.3,False,0.3613452933088806,Voting
10,45,3,459,0.267857143,31.35714286,6,False,False,0.12142758830356955,False,0.5,False,0.3870465763676772,Voting
26,154,449,1711,0.178947368,42.33333333,13,False,True,0.9855972454289288,True,0.8,True,0.7613692524152322,Voting
20,71,182,515,0.179166667,19.12,11,True,True,0.8217738420461506,False,0.5,True,0.5290040647147768,Voting
1,19,0,108,0.533333333,20.2,3,False,False,0.03517658346711057,False,0.0,False,0.02826789466326,Voting
9,36,0,179,0.5,42.5,6,True,False,0.3948047515626238,False,0.3,False,0.3842582046026201,Voting
7,49,75,402,0.32592592600000003,25.53333333,1,True,False,0.08972620271551834,True,0.6,False,0.3170283568719288,RandomForest
13,96,181,856,0.22727272699999998,35.86956522,5,True,True,0.5495152075054663,True,0.7,True,0.63353508677068,Voting
24,68,151,386,0.152777778,20.0,4,True,True,0.5399026952809729,True,0.6,True,0.555333978018444,Voting
7,33,0,305,0.9375,36.625,5,True,False,0.04092600159072416,True,0.6,False,0.3349323731224516,RandomForest
14,44,77,331,0.240740741,16.94444444,6,False,False,0.10046452924625802,False,0.4,True,0.5555327350607558,Voting
14,65,222,348,0.23809523800000001,12.91666667,4,False,False,0.17229404583586094,False,0.2,False,0.415674980284121,Voting
5,23,9,160,0.5555555560000001,25.0,4,False,False,0.040302379782489836,False,0.1,False,0.3932647174639177,Voting
6,33,3,292,0.333333333,47.0,14,True,False,0.2733703267658177,False,0.3,False,0.2502926318347455,Voting
4,11,0,53,0.666666667,16.33333333,1,False,False,0.02193439429628473,False,0.0,False,0.07391771054458167,Voting
34,261,3726,2704,0.11247576,28.02173913,15,True,True,0.997668326582314,True,1.0,True,0.899214039050557,Voting
10,10,3,46,0.5,6.5,3,False,False,0.3607315253337289,False,0.3,False,0.20577724675442585,Voting
9,26,0,141,0.314285714,19.0,3,False,False,0.049902433258362654,False,0.0,False,0.17946466047370496,Voting
8,34,8,216,1.0,42.0,11,True,False,0.3842175671251353,False,0.2,False,0.3307920238153351,Voting
2,18,0,83,0.75,40.0,6,False,False,0.031903562661678576,False,0.0,False,0.07528428123795597,Voting
