cbo,rfc,loc,moa,max_cc,bug,Voting_Prediction,Voting_Pred_Prob,RandomForest_Prediction,RandomForest_Pred_Prob,AdaBoost_Prediction,AdaBoost_Pred_Prob,selectedEnsemble
6,14,39,2,1,False,False,0.018489093875152348,False,0.0,False,0.07783316223695833,Voting
4,5,36,0,1,False,False,0.012617171691242077,False,0.0,False,0.02433297909454195,Voting
49,89,583,24,5,False,True,0.6056563412862618,False,0.3,False,0.25430174413526124,Voting
0,8,20,0,0,False,False,0.012142683091421608,False,0.0,False,0.013614458750807771,Voting
3,8,73,0,3,False,False,0.013575554994312698,False,0.0,False,0.06428519045354553,Voting
38,91,717,7,15,True,False,0.4653002689290457,True,0.6,False,0.4442411113596336,RandomForest
0,3,3,0,1,False,False,0.0116812214259801,False,0.0,False,0.04471856555479657,Voting
3,24,114,0,3,False,False,0.016744234387906856,False,0.0,False,0.09630676451768301,Voting
2,7,30,0,3,False,False,0.013299447823585948,False,0.0,False,0.029462509904950907,Voting
5,8,27,0,1,False,False,0.013343334342308838,False,0.0,False,0.03783382036084939,Voting
1,25,283,0,2,False,False,0.015686862441782478,False,0.0,False,0.033885548177532976,Voting
12,22,1700,3,1,True,False,0.4064141899374554,True,0.6,False,0.1514578537971029,RandomForest
1,7,14,0,1,False,False,0.012477083595322336,False,0.0,False,0.015361961316940197,Voting
0,0,0,0,0,False,False,0.010934993405564357,False,0.0,False,0.01900844778679731,Voting
8,33,177,0,1,False,False,0.019066841109361517,False,0.1,False,0.2542885990042621,Voting
6,9,35,0,1,False,False,0.013699858938556677,False,0.1,False,0.1488048820807033,Voting
3,15,17,0,1,False,False,0.014285741960321069,False,0.0,False,0.014180740308064084,Voting
0,3,5,0,1,False,False,0.011677454385791514,False,0.0,False,0.04542831758985103,Voting
20,145,1226,1,10,False,True,0.7435154349873997,False,0.4,True,0.5216249383685683,RandomForest
40,207,2594,9,41,True,True,0.9569045500639429,True,0.8,True,0.8731421680859406,Voting
0,2,10,0,0,False,False,0.011215264982920995,False,0.0,False,0.06376137469395105,Voting
4,6,33,0,1,False,False,0.012794529620670687,False,0.0,False,0.04712575484027855,Voting
9,93,995,2,6,False,False,0.06621733342720765,False,0.1,False,0.3718207933057525,Voting
4,12,40,0,1,False,False,0.0138591832861792,False,0.0,False,0.039317732754607586,Voting
2,31,259,0,5,False,False,0.018722292662709063,False,0.0,False,0.04835730924108345,Voting
8,97,981,3,11,False,False,0.12421299314940087,False,0.5,False,0.476140725477251,Voting
11,21,108,2,2,True,False,0.022129207816895192,False,0.0,False,0.094149101451935,Voting
0,5,28,1,1,False,False,0.013415464732808585,False,0.0,False,0.004118577320447915,Voting
5,8,32,0,1,False,False,0.01333274996449274,False,0.0,False,0.05078815143360189,Voting
0,3,5,0,1,False,False,0.011677454385791514,False,0.0,False,0.04542831758985103,Voting
3,0,0,0,0,False,False,0.01139812128704324,False,0.06,False,0.020194782044677027,Voting
19,46,350,3,1,False,False,0.3715263788548713,False,0.1,False,0.26115117112357233,Voting
2,5,11,0,1,False,False,0.012319212965560036,False,0.0,False,0.0837163811197631,Voting
0,2,9,0,0,True,False,0.011217074239921054,False,0.0,False,0.04259859392411674,Voting
9,36,181,0,1,False,False,0.020124524297908567,False,0.2,False,0.4301322757362653,Voting
2,7,29,0,1,False,False,0.012620057093065566,False,0.0,False,0.046515998144138086,Voting
2,23,167,1,2,False,False,0.35098198082926624,False,0.0,False,0.4278752989523496,Voting
4,11,24,0,1,False,False,0.013707717811536565,False,0.0,False,0.014138335135665887,Voting
26,98,962,0,10,False,False,0.15745807629819608,False,0.4,False,0.3456793894229918,Voting
2,4,31,0,2,False,False,0.012437674045771894,False,0.0,False,0.0640378842441209,Voting
79,37,296,0,5,False,False,0.3872642862727688,False,0.0,False,0.2856647952572712,Voting
35,12,77,0,4,False,False,0.035299972170925085,False,0.0,False,0.13466973136223814,Voting
2,9,91,1,5,False,False,0.016006646958702374,False,0.1,False,0.02575351865959281,Voting
2,6,21,1,1,False,False,0.013989667426216074,False,0.0,False,0.009233541614437549,Voting
0,6,8,0,1,False,False,0.012153961218486026,False,0.0,False,0.020005109894108114,Voting
14,71,836,6,6,False,True,0.6098829398103005,False,0.3,False,0.3842462845128392,Voting
3,9,59,1,2,False,False,0.015066991583143728,False,0.0,False,0.1643984332653473,Voting
18,5,5,0,1,False,False,0.015692584895653224,False,0.0,False,0.020008187713237136,Voting
4,25,331,0,5,False,False,0.017563874999278292,False,0.0,False,0.02425039524279007,Voting
2,11,56,0,1,False,False,0.013264815573777698,False,0.0,False,0.09153284575064814,Voting
2,20,92,1,2,False,False,0.01714414094173491,False,0.2,False,0.2256859022556001,Voting
7,8,44,0,1,False,False,0.013691068794418504,False,0.1,False,0.2892973204347392,Voting
6,32,378,0,7,False,False,0.02079362180490243,False,0.0,False,0.07128714177277433,Voting
2,11,52,0,1,False,False,0.013273168115952545,False,0.0,False,0.09809971670440044,Voting
5,4,79,0,0,True,False,0.012217538435822605,False,0.0,False,0.10754321993691976,Voting
7,3,8,0,1,False,False,0.012874940419479277,False,0.0,False,0.07273388588699467,Voting
10,210,1160,4,3,True,True,0.8433511616589877,True,0.7,False,0.3246298747951278,Voting
0,2,23,0,0,True,False,0.011191828753064388,False,0.0,False,0.008044415461460125,Voting
2,4,9,0,0,False,False,0.011845337776430064,False,0.26,False,0.2021486617539127,Voting
0,35,343,0,6,False,False,0.01951670993166027,False,0.0,False,0.05224606619945955,Voting
6,42,287,0,7,False,False,0.024075222420849,False,0.0,False,0.06265509124907075,Voting
4,35,204,2,3,False,False,0.024421241061491485,False,0.0,False,0.05958721611898935,Voting
19,34,34,0,1,False,False,0.023301679754712253,False,0.0,False,0.060809054327733765,Voting
4,4,4,0,1,False,False,0.01251214721065093,False,0.0,False,0.07091298100873984,Voting
2,11,37,1,1,False,False,0.014925163999782729,False,0.0,False,0.03642366950374828,Voting
0,2,2,0,1,False,False,0.011526784559856396,False,0.0,False,0.04411795424947662,Voting
17,92,2453,2,10,False,False,0.3828953884822806,False,0.5,False,0.4728951401323809,Voting
0,8,20,0,0,False,False,0.012142683091421608,False,0.0,False,0.013614458750807771,Voting
8,13,36,1,1,False,False,0.016677418775647868,False,0.0,False,0.048974940638601305,Voting
1,10,12,0,1,False,False,0.012997830146364022,False,0.0,False,0.012645205099741218,Voting
0,6,22,0,1,False,False,0.012126738612032256,False,0.0,False,0.010564164886730306,Voting
14,69,348,2,3,False,False,0.3767728761606748,False,0.4,False,0.18622464230862554,Voting
2,13,58,0,1,False,False,0.013624697212239256,False,0.0,False,0.08685386003747253,Voting
19,143,1833,4,19,True,False,0.4683882306373317,False,0.0,False,0.043014118995530905,Voting
12,25,265,1,5,False,False,0.0222399317995633,False,0.1,False,0.15201259084036906,Voting
19,96,897,3,9,False,False,0.15212243913247206,True,0.6,False,0.4409683706258661,Voting
4,2,4,0,0,False,False,0.011866707943266379,False,0.06,False,0.07492358191511621,Voting
3,3,8,0,1,False,False,0.01216529354253008,False,0.0,False,0.0683639834991886,Voting
1,13,221,2,7,False,False,0.019431455500105638,False,0.1,False,0.15496383000546934,Voting
0,8,20,0,0,False,False,0.012142683091421608,False,0.0,False,0.013614458750807771,Voting
26,166,2361,7,11,True,True,0.5086458046380326,False,0.0,False,0.4128473286873672,Voting
2,22,161,1,8,False,False,0.020423532499414605,False,0.0,False,0.08866004858441574,Voting
4,37,203,0,1,False,False,0.018963093879323024,False,0.0,False,0.18405621542780026,Voting
0,24,24,0,1,False,False,0.015472453720773853,False,0.0,False,0.006045381606228003,Voting
4,10,45,0,1,False,False,0.013478859592855752,False,0.0,False,0.05796521077968416,Voting
4,45,379,0,1,False,False,0.020601946194990887,False,0.0,False,0.10924995755363147,Voting
0,8,31,0,1,False,False,0.01243464527464184,False,0.0,False,0.028980803368144382,Voting
0,17,98,3,12,False,False,0.024082530406699,False,0.4,False,0.21464825606669385,Voting
5,12,259,0,1,False,False,0.014239476546968971,False,0.0,False,0.0526103995387502,Voting
4,4,13,0,1,False,False,0.012336573140178978,False,0.0,False,0.05329696456605421,Voting
4,23,166,0,1,False,False,0.01583541450802699,False,0.0,False,0.07836686534358818,Voting
14,144,2014,3,31,False,False,0.475511034921732,False,0.2,False,0.3166916500615661,Voting
2,34,263,0,1,False,False,0.01795749814061328,False,0.0,False,0.07158328449000316,Voting
4,67,655,1,4,False,False,0.033947266425340863,False,0.0,False,0.054021630434068116,Voting
19,76,640,1,5,True,False,0.04938388830867888,False,0.1,False,0.3771381074387677,Voting
23,9,183,2,6,False,False,0.023946136680105538,False,0.3,False,0.28128696073491016,Voting
3,15,84,0,4,False,False,0.014744011207629878,False,0.1,False,0.12162559047500505,Voting
16,65,408,1,10,False,False,0.04180666443696195,False,0.3,False,0.2404703854573287,Voting
12,26,142,0,1,True,False,0.3512107351036779,False,0.4,False,0.4759281013138669,Voting
15,89,826,5,10,True,True,0.6089908265124039,False,0.3,False,0.24346256493388285,Voting
20,1,1,0,1,False,False,0.01457923310647448,False,0.0,False,0.035768217715863714,Voting
14,45,263,1,3,True,False,0.026679976854317427,False,0.1,False,0.2926611232979251,Voting
34,174,1902,8,9,False,True,0.5374082713280351,False,0.2,False,0.3374688248997057,Voting
2,18,1355,1,15,False,False,0.046824885245953914,False,0.0,False,0.13108299191617628,Voting
16,46,283,0,1,False,False,0.024415503321620863,False,0.0,False,0.11279062473440955,Voting
0,7,23,1,1,False,False,0.01358840310426396,False,0.0,False,0.12387933250566772,Voting
9,20,169,1,5,False,False,0.019023828746876262,False,0.0,False,0.017880676311838914,Voting
3,32,249,0,1,False,False,0.017677391540407306,False,0.0,False,0.053912261894234266,Voting
9,13,100,0,5,False,False,0.01567104546968143,False,0.0,False,0.022066909550335943,Voting
8,6,24,1,2,False,False,0.01487045367367885,False,0.0,False,0.02284780602805515,Voting
66,34,40,0,1,False,False,0.36588471859847616,False,0.0,False,0.12408355822902987,Voting
5,10,38,0,1,False,False,0.013443370775963907,False,0.0,False,0.0467348613905217,Voting
5,5,24,0,1,False,False,0.012640762196660695,False,0.0,False,0.056958487724913014,Voting
8,3,5,0,1,False,False,0.012728844848101358,False,0.0,False,0.013907724184141455,Voting
12,9,65,0,1,False,False,0.014442379482372944,False,0.3,False,0.2845137843136701,Voting
6,23,132,4,2,False,False,0.0258228595456248,False,0.2,False,0.2520403489423438,Voting
3,27,139,0,1,False,False,0.016370704889278383,False,0.0,False,0.10864366965758357,Voting
2,5,11,0,1,False,False,0.01221615555786635,False,0.0,False,0.12292549978136187,Voting
10,61,488,1,3,False,False,0.032062026534158516,False,0.0,False,0.426024800687801,Voting
3,1,171,0,0,False,False,0.011876024664519352,False,0.2,False,0.2850559058612365,Voting
5,15,101,1,1,False,False,0.3492695285355843,False,0.3,False,0.36864673379717067,Voting
1,2,4,0,0,False,False,0.011474060967026764,False,0.0,False,0.05180094192261106,Voting
4,27,169,3,3,False,False,0.02354793754693896,False,0.0,False,0.07930785012532582,Voting
3,4,9,0,1,False,False,0.012197389010768807,False,0.0,False,0.045222123426888784,Voting
5,16,78,0,1,False,False,0.014527055573659116,False,0.1,False,0.2812165998172334,Voting
3,27,237,0,6,False,False,0.01799501417568215,False,0.0,False,0.02494905975679987,Voting
0,29,48,0,1,False,False,0.016034843830646992,False,0.0,False,0.023976313673360325,Voting
2,6,31,0,3,False,False,0.012795971943804729,False,0.0,False,0.04663955593067234,Voting
16,163,1551,2,13,False,False,0.4588803810369019,False,0.2,False,0.2943831503079077,Voting
0,4,22,0,1,False,False,0.01184002378878954,False,0.0,False,0.02661025130061959,Voting
12,158,1383,3,18,False,True,0.7963664185952922,True,0.6,True,0.5637949587022336,Voting
26,128,1066,2,22,True,True,0.7715269034857138,False,0.1,False,0.3610353794554222,Voting
4,27,245,1,3,False,False,0.01917355786460688,False,0.0,False,0.09773051901508532,Voting
6,4,4,0,1,False,False,0.012593009711699564,False,0.0,False,0.030207989600151988,Voting
5,36,349,1,8,False,False,0.023826804947165783,False,0.0,False,0.04969999637590854,Voting
17,59,585,5,11,True,False,0.47637601478645897,True,1.0,True,0.6172757692624363,Voting
0,20,223,1,5,False,False,0.017415998321339318,False,0.0,False,0.023077310082943184,Voting
5,5,24,0,1,False,False,0.012640762196660695,False,0.0,False,0.056958487724913014,Voting
2,4,20,0,0,False,False,0.011902689546177592,False,0.0,False,0.17344928923960226,Voting
2,7,17,0,0,False,False,0.012330447694988131,False,0.0,False,0.07464877263842988,Voting
0,2,2,0,1,False,False,0.011528077300586224,False,0.0,False,0.07760604991053227,Voting
4,9,63,0,1,False,False,0.013189602393309038,False,0.1,False,0.1877145745467712,Voting
18,83,845,2,8,True,False,0.4138695114186439,False,0.0,False,0.2754513627755839,Voting
3,13,106,0,6,True,False,0.01492898253790694,False,0.0,False,0.04783884835776765,Voting
7,17,79,2,3,False,False,0.01905614510196973,False,0.1,False,0.0687914981180901,Voting
5,52,307,1,1,False,False,0.025571916076172124,False,0.0,False,0.07704381398970346,Voting
5,19,268,1,4,False,False,0.01797084334141149,False,0.0,False,0.06422771047608168,Voting
3,21,152,1,2,False,False,0.017145414143462916,False,0.0,False,0.15216766964438194,Voting
1,4,4,0,1,False,False,0.011932857095636124,False,0.0,False,0.004511969472153207,Voting
0,35,111,1,2,False,False,0.01952383700058723,False,0.0,False,0.06590577919882021,Voting
12,8,8,0,1,False,False,0.014155476623540697,False,0.0,False,0.031583373725243835,Voting
40,133,3133,0,4,False,False,0.4422991533026839,False,0.2,False,0.19476672789182087,Voting
2,21,304,0,7,False,False,0.01704293299203875,False,0.0,False,0.034176395946503166,Voting
6,11,166,0,2,False,False,0.014240541909510471,False,0.0,False,0.14809743560052074,Voting
0,2,2,0,1,False,False,0.011528077300586224,False,0.0,False,0.07760604991053227,Voting
1,78,560,1,8,True,False,0.37350331259776665,False,0.3,False,0.2468662773989612,Voting
4,29,149,0,6,False,False,0.01837622704988645,False,0.0,False,0.06281823620029847,Voting
4,23,165,0,1,False,False,0.015833006073376808,False,0.0,False,0.11206113340285273,Voting
33,50,376,3,2,False,False,0.4184998246382374,False,0.3,False,0.4624349961783499,Voting
3,30,368,0,15,False,False,0.02311583062552799,False,0.2,False,0.2173324024305175,Voting
0,15,66,0,2,False,False,0.013803579479119546,False,0.0,False,0.1314894610502441,Voting
41,210,2793,8,44,True,True,0.9478926198437232,True,0.9,True,0.8224140127271549,Voting
40,14,65,1,1,False,False,0.06411389300353824,False,0.1,False,0.4669720035832743,Voting
63,511,7956,12,17,True,True,0.9995063583163454,True,0.9,True,0.5373299180154161,Voting
2,4,21,0,1,False,False,0.012089282182319451,False,0.0,False,0.055632753790235134,Voting
0,23,78,1,1,False,False,0.016575854437891634,False,0.0,False,0.02001126863944264,Voting
2,28,173,1,2,True,False,0.01850157053794424,False,0.0,False,0.10256773098954708,Voting
0,1,1,0,1,False,False,0.011390335873690769,False,0.0,False,0.03620042589063057,Voting
3,21,205,1,3,False,False,0.01755697236140271,False,0.0,False,0.17178877236641046,Voting
2,14,77,0,1,False,False,0.013734573447754422,False,0.0,False,0.19255402656203394,Voting
3,59,518,14,3,False,False,0.4220957860911354,False,0.4,False,0.261643337236786,Voting
5,18,104,0,4,False,False,0.015658580780751757,False,0.0,False,0.038017811767341064,Voting
19,114,811,0,5,True,False,0.12445968491149915,False,0.2,False,0.3388411995084573,Voting
48,180,2215,8,4,False,True,0.8867281024675834,False,0.4,False,0.4123000133169874,Voting
8,37,336,0,4,False,False,0.023387550658323892,False,0.0,False,0.05527441825805006,Voting
2,46,490,0,20,False,False,0.042430766585752414,False,0.0,False,0.21897251943757,Voting
31,142,1303,8,8,False,True,0.8406499267646194,True,0.6,False,0.4376030230365047,AdaBoost
3,25,466,0,1,False,False,0.016876976497544594,False,0.0,False,0.1553520507312763,Voting
18,14,14,0,1,False,False,0.01995187570136555,False,0.0,False,0.007982758149733553,Voting
2,37,259,0,12,False,False,0.026239489448263657,False,0.0,False,0.07521533719181266,Voting
2,74,772,1,6,False,False,0.03927008297854232,False,0.0,False,0.1989821658716841,Voting
6,13,34,1,1,False,False,0.01780204126538996,False,0.0,False,0.13451854630584184,Voting
7,60,522,1,11,False,False,0.04037229800473963,False,0.3,False,0.3774227565175512,Voting
30,118,1756,0,11,False,False,0.4116600399114802,False,0.1,False,0.07038778842433477,Voting
1,1,1,0,1,False,False,0.012687939123053663,False,0.0,False,0.0504581143591606,Voting
1,63,223,0,2,False,False,0.028921763078812026,False,0.0,False,0.0376158545959316,Voting
3,63,912,0,3,False,False,0.02851758505917634,False,0.1,False,0.13068385381852052,Voting
0,21,60,0,1,False,False,0.016202196740354044,False,0.0,False,0.01843126909846489,Voting
30,5,5,0,1,False,False,0.024890744527076226,False,0.0,False,0.009200121914230246,Voting
0,2,4,0,1,False,False,0.012655125316398478,False,0.0,False,0.11358448126434205,Voting
12,35,245,2,1,True,False,0.3616221478503356,False,0.3,False,0.3574612556446484,Voting
2,10,39,0,1,False,False,0.014453422950471743,False,0.0,False,0.0535864004394581,Voting
2,7,17,0,0,False,False,0.013616052099412293,False,0.0,False,0.08896833069109336,Voting
13,55,724,2,11,False,False,0.04730954797213949,False,0.3,True,0.6018385364386639,Voting
3,15,108,0,2,False,False,0.015895357548004682,False,0.2,False,0.3461027353821304,Voting
2,9,91,1,5,False,False,0.01724314431706064,False,0.0,False,0.03755569492398999,Voting
3,20,146,0,3,False,False,0.017298045922240872,False,0.0,False,0.05221360415832707,Voting
3,2,2,0,1,False,False,0.013265210430714651,False,0.0,False,0.052811492298759255,Voting
3,15,135,0,1,False,False,0.015470495892162343,False,0.1,False,0.22899121011149026,Voting
5,5,24,0,1,False,False,0.014202280111952128,False,0.0,False,0.0792800165702056,Voting
5,15,102,2,6,False,False,0.35560858448322796,False,0.1,False,0.08544104740093551,Voting
26,113,2141,0,19,False,False,0.4131049521718751,False,0.1,False,0.15070967103284574,Voting
10,194,3271,3,16,True,True,0.8178715660748329,True,0.8,True,0.6192763868655771,Voting
5,21,129,0,1,False,False,0.0173231393051785,False,0.0,False,0.054170665861427034,Voting
2,16,103,0,1,False,False,0.015514596343959403,False,0.1,False,0.1294195332610736,Voting
12,81,675,5,3,False,False,0.11398364249730393,False,0.1,False,0.3879571060503173,Voting
0,2,14,0,0,False,False,0.0123485719448494,False,0.2,False,0.30755507170549945,Voting
0,43,289,0,6,False,False,0.023639333876107102,False,0.0,False,0.0631946810896272,Voting
51,29,401,2,7,False,True,0.6904300263635692,False,0.2,False,0.3461847207165946,Voting
2,34,115,1,1,False,False,0.0218859894465362,False,0.2,False,0.10957929447853347,Voting
3,10,59,0,1,False,False,0.014634697503448722,False,0.0,False,0.15386543015513374,Voting
2,28,257,1,1,False,False,0.019771257777582586,False,0.1,False,0.18342628844239786,Voting
4,6,25,0,1,False,False,0.014165154315220063,False,0.0,False,0.07558554305382631,Voting
1,0,0,0,0,False,False,0.012237968819691528,False,0.0,False,0.10262386965096094,Voting
1,11,308,0,28,False,False,0.4519913431817899,False,0.4,False,0.1048913257800566,Voting
4,2,2,0,1,False,False,0.013476392586176342,False,0.0,False,0.05254252146697727,Voting
5,44,434,0,28,False,False,0.17026932622768884,False,0.2,False,0.24642780279654275,Voting
8,121,398,2,1,False,False,0.4341849336573276,False,0.2,False,0.13822574924988226,Voting
0,2,2,0,1,False,False,0.012659220779139505,False,0.0,False,0.11358448126434205,Voting
4,5,19,0,0,False,False,0.0136742571051452,False,0.2,False,0.13618669306894593,Voting
20,133,1008,2,4,False,False,0.34172958519355884,False,0.2,False,0.3534847287300569,Voting
19,44,410,0,1,False,False,0.028634742268962805,False,0.3,False,0.2148251582017672,Voting
4,20,93,0,1,False,False,0.016919067716249625,False,0.0,False,0.026096171847098403,Voting
0,1,1,0,1,False,False,0.012492991287105322,False,0.0,False,0.07576840380971063,Voting
9,13,105,0,2,False,False,0.017028637813037126,False,0.1,False,0.1360182022742634,Voting
3,10,43,0,1,False,False,0.014671682689230412,False,0.0,False,0.049509987691780055,Voting
6,19,87,0,1,False,False,0.01724180997133175,False,0.0,False,0.05652238545075624,Voting
4,19,57,0,1,False,False,0.016786331959060638,False,0.0,False,0.02792908072796066,Voting
22,41,378,1,5,False,False,0.035642700754735634,False,0.2,False,0.3916771961480801,Voting
2,7,33,4,1,False,False,0.02217411716820584,False,0.0,False,0.03470848854658692,Voting
8,19,149,1,4,False,False,0.020947968565991074,False,0.0,False,0.06405629735600993,Voting
0,4,6,0,1,False,False,0.012994707762372023,False,0.0,False,0.0699411998948614,Voting
0,51,574,0,4,True,False,0.02421966609752153,False,0.0,False,0.08705926384857622,Voting
10,31,174,1,3,False,False,0.3580226678118549,False,0.1,False,0.2867951814873108,Voting
2,5,18,1,1,False,False,0.015063993448847544,False,0.0,False,0.05939845109341393,Voting
1,11,67,0,3,False,False,0.015039810267463953,False,0.1,False,0.1557722609157579,Voting
2,30,581,1,6,False,False,0.021840131261954467,False,0.0,False,0.13193934715450115,Voting
1,22,47,0,1,False,False,0.01671079381937171,False,0.0,False,0.0485876118776394,Voting
11,7,79,1,1,False,False,0.01769905566063964,False,0.0,False,0.2292919556533079,Voting
2,5,11,0,1,False,False,0.013574555897366673,False,0.0,False,0.11081902152870354,Voting
0,2,5,0,0,False,False,0.012366542584050145,False,0.0,False,0.15285161059173547,Voting
2,13,296,1,5,False,False,0.01764085512868398,False,0.1,False,0.03848361817183227,Voting
29,110,879,2,3,False,False,0.2747819879531152,False,0.3,False,0.4643341638621141,Voting
8,60,555,1,2,False,False,0.032744371934696904,False,0.1,False,0.29953569951883274,Voting
14,176,4485,1,32,True,False,0.4661598877799253,False,0.2,False,0.4521781866187555,Voting
4,23,166,0,1,False,False,0.01742164824419849,False,0.0,False,0.06341007865209622,Voting
1,6,10,0,1,False,False,0.01354769283380962,False,0.0,False,0.009508886140947942,Voting
2,56,307,0,8,False,False,0.3636715307228151,False,0.0,False,0.20108395082678712,Voting
3,7,25,0,1,False,False,0.014132218641468618,False,0.0,False,0.07839799550231127,Voting
16,89,918,1,5,False,False,0.06644772716248815,False,0.1,False,0.32437931272065473,Voting
1,15,17,0,1,False,False,0.015276123184854253,False,0.0,False,0.09101794489087614,Voting
5,13,81,1,7,False,False,0.020019686002281583,False,0.1,False,0.19316667143379773,Voting
0,2,7,0,0,False,False,0.012362541718685921,False,0.0,False,0.19987526102056988,Voting
6,20,157,3,1,False,False,0.023907859001542374,False,0.0,False,0.07964604741145237,Voting
0,8,31,0,1,False,False,0.013657462769994948,False,0.0,False,0.05429371517509887,Voting
2,5,11,0,1,False,False,0.013574555897366673,False,0.0,False,0.11081902152870354,Voting
25,88,674,1,10,False,False,0.11137794660926864,False,0.4,True,0.5320328583944357,Voting
9,2,2,0,1,False,False,0.014608980612985118,False,0.0,False,0.051121029097873735,Voting
11,39,594,3,14,True,False,0.3931287227104685,False,0.2,True,0.6548206825096891,AdaBoost
2,14,47,0,1,False,False,0.0149935819672879,False,0.0,False,0.060309582685156224,Voting
4,7,17,0,1,False,False,0.014271351974398225,False,0.0,False,0.008225338955563672,Voting
4,10,56,1,1,False,False,0.01593737671709836,False,0.2,False,0.1131192900400824,Voting
4,18,104,1,4,False,False,0.01962096083948882,False,0.0,False,0.022216459079361657,Voting
3,30,206,1,1,False,False,0.01960897946480117,False,0.0,False,0.049471561730078335,Voting
0,2,5,0,0,False,False,0.012296254853040062,False,0.0,False,0.13274429163703325,Voting
2,25,212,0,3,False,False,0.018397011262989888,False,0.0,False,0.05108474447404693,Voting
3,26,221,1,3,False,False,0.020340226421868456,False,0.0,False,0.14317746204729198,Voting
11,38,351,1,3,False,False,0.025928996404447083,False,0.4,False,0.392712908820799,Voting
1,17,160,0,1,False,False,0.015330998550898771,False,0.0,False,0.0855106277278808,Voting
1,10,54,0,1,False,False,0.3474975286013991,False,0.2,False,0.1963727214872989,Voting
53,104,1169,3,13,False,True,0.7907137426950843,False,0.3,False,0.2741224649565194,Voting
2,13,58,0,1,False,False,0.0148355398925316,False,0.0,False,0.08767095767140035,Voting
1,22,184,0,14,False,False,0.02881635122507655,False,0.2,False,0.34133618963958395,Voting
8,0,57,0,0,False,False,0.013463193880279398,True,0.6,False,0.2670643305800025,Voting
3,13,101,0,10,False,False,0.021894433473343786,False,0.0,False,0.28333187130208143,Voting
0,7,33,0,1,False,False,0.013518534657168258,False,0.0,False,0.01098732591731274,Voting
5,31,125,0,1,False,False,0.018832578257746632,False,0.0,False,0.16034767972396952,Voting
4,119,1190,0,1,True,False,0.1017400634798668,False,0.3,False,0.12437702948053345,Voting
5,50,375,1,16,False,False,0.053255831483491715,False,0.0,False,0.16074622867340632,Voting
0,17,58,0,1,False,False,0.015082287220694891,False,0.1,False,0.02764389523781903,Voting
5,31,189,0,5,False,False,0.022139113591578358,False,0.2,False,0.13388174501188396,Voting
9,33,212,1,3,False,False,0.023785931265142998,False,0.0,False,0.040954641419027916,Voting
4,8,21,0,1,False,False,0.014428173941188109,False,0.0,False,0.029066457015652875,Voting
11,85,865,0,12,False,False,0.4082639573807456,False,0.5,True,0.7517265338446312,Voting
2,11,43,1,3,False,False,0.016981718643203376,False,0.0,False,0.019369606689879842,Voting
3,15,64,0,1,False,False,0.015372196565833822,False,0.0,False,0.1020091084801152,Voting
1,13,2144,0,1,False,False,0.20377264497132502,False,0.2,False,0.06709657479997448,Voting
4,69,170,0,1,False,False,0.02816066940164993,False,0.0,False,0.12050816835453552,Voting
1,56,329,0,1,False,False,0.023598684568249272,False,0.0,False,0.1287692551601979,Voting
39,175,1350,0,4,False,False,0.4575807955856074,False,0.2,False,0.2686325955019569,Voting
8,16,88,1,1,False,False,0.3513182351823008,False,0.3,False,0.2824460696266055,Voting
0,8,20,0,1,False,False,0.013661877633977242,False,0.0,False,0.02493130410883021,Voting
5,54,3880,1,95,False,True,0.6116685942938668,False,0.3,False,0.1313703539348235,Voting
1,11,19,0,1,False,False,0.014306621928047585,False,0.0,False,0.019763377047775785,Voting
2,5,16,1,1,False,False,0.014678903387558288,False,0.0,False,0.007801194296732764,Voting
4,12,12,0,1,False,False,0.015064754342110544,False,0.0,False,0.045851646483362665,Voting
2,13,58,0,1,False,False,0.0148355398925316,False,0.0,False,0.08767095767140035,Voting
6,6,16,0,1,False,False,0.014514195606827754,False,0.0,False,0.010996164555658305,Voting
8,29,433,4,2,True,False,0.028411682672133436,False,0.0,True,0.5016304007472884,AdaBoost
6,27,90,0,3,False,False,0.01977552162751841,False,0.1,False,0.12305488730295938,Voting
3,11,60,0,2,False,False,0.015319297044504509,False,0.0,False,0.09427003194523699,Voting
3,11,342,0,2,False,False,0.015458586476058156,False,0.0,False,0.05101651439261206,Voting
6,17,150,0,1,False,False,0.016409707007307914,False,0.0,False,0.07713357290133813,Voting
6,35,209,3,3,False,False,0.027378486544859543,False,0.0,False,0.060720208597864825,Voting
0,47,384,0,4,False,False,0.02381626712105085,False,0.0,False,0.4464344373410751,Voting
2,1,298,0,0,False,False,0.012611234299560832,False,0.0,False,0.020876433217362787,Voting
14,16,144,0,4,False,False,0.020492469606939016,False,0.1,False,0.2557673700786597,Voting
0,5,5,0,1,False,False,0.01321961085460459,False,0.0,False,0.019697338647321646,Voting
0,24,257,0,3,False,False,0.017743053237909073,False,0.0,False,0.0318052620245481,Voting
0,8,76,1,2,False,False,0.015383794557503922,False,0.0,False,0.041285397200545734,Voting
2,8,33,1,1,False,False,0.015168064561297176,False,0.0,False,0.015153299772582519,Voting
0,2,41,0,0,False,False,0.012306450102443509,False,0.2,False,0.3074908111710741,Voting
6,15,390,0,1,False,False,0.01619439091474979,False,0.0,False,0.14733403152330965,Voting
2,16,56,1,1,False,False,0.3498827486708463,False,0.2,False,0.14881430324106193,Voting
11,35,484,1,34,False,True,0.7435471364571059,False,0.3,False,0.3615996789539742,Voting
16,1,1,0,1,False,False,0.015919078367319085,False,0.0,False,0.04310595619219914,Voting
14,76,2884,6,39,False,False,0.4996359618946593,True,0.8,False,0.4181931006255641,Voting
10,56,514,1,19,False,False,0.1161520024621872,False,0.4,False,0.2773013225784097,Voting
0,6,36,0,1,False,False,0.013373565583531227,False,0.0,False,0.016573527034268086,Voting
0,16,63,0,2,False,False,0.015531609128841072,False,0.3,False,0.12473556938773815,Voting
4,24,161,0,1,False,False,0.017233546663775908,False,0.0,False,0.0642157499544495,Voting
0,11,34,1,1,False,False,0.015251027373961015,False,0.0,False,0.025801479490226837,Voting
7,71,1068,2,14,False,False,0.4406077282154229,True,0.7,False,0.3852641050305921,Voting
2,3,3,0,1,False,False,0.013292240424847371,False,0.0,False,0.01831441531750549,Voting
0,63,185,1,2,False,False,0.028022264854476675,False,0.1,False,0.1321613640217217,Voting
11,55,786,0,6,False,False,0.0336457308089743,False,0.1,False,0.2869881720952726,Voting
0,53,1126,0,6,False,False,0.3635938474912075,False,0.0,False,0.1948699571255526,Voting
13,32,210,1,5,False,False,0.026945547245681604,False,0.0,False,0.1904320773832076,Voting
0,8,31,0,1,False,False,0.013665494145064995,False,0.0,False,0.011325878026283627,Voting
14,77,702,0,25,False,False,0.4053030862733405,False,0.4,False,0.44624325573756624,Voting
11,102,1083,0,16,False,True,0.6111022253514053,False,0.5,True,0.5037323540538298,RandomForest
6,9,101,2,1,False,False,0.017575839103727783,False,0.1,False,0.09841019418511104,Voting
2,45,265,1,2,False,False,0.02372190985643964,False,0.0,False,0.3535909891402235,Voting
9,18,507,0,3,False,False,0.01899480938959472,False,0.1,False,0.04543693849801902,Voting
9,57,511,1,2,False,False,0.029996223679238487,False,0.1,False,0.1896252269264388,Voting
3,29,453,2,6,False,False,0.025878062654864944,False,0.0,False,0.10917664654280962,Voting
0,0,0,0,0,False,False,0.012032077276158848,False,0.0,False,0.11171046158740744,Voting
4,14,87,0,4,False,False,0.017407548374913612,False,0.0,False,0.07824118919323675,Voting
3,17,102,0,6,False,False,0.01925876242227416,False,0.0,False,0.1307246077958629,Voting
1,14,104,0,1,False,False,0.014814025726176162,False,0.0,False,0.0885224136045516,Voting
14,29,309,2,5,False,False,0.028760687208934387,False,0.0,False,0.18594134500079246,Voting
3,20,78,0,3,False,False,0.017593302764106748,False,0.0,False,0.03692444423762495,Voting
1,55,1188,0,6,False,False,0.3655188373478259,False,0.1,False,0.23500863670416805,Voting
0,20,564,0,3,False,False,0.017209116124789106,False,0.1,False,0.31591443547134984,Voting
2,15,230,0,3,False,False,0.015109992512863553,False,0.0,False,0.04496308692046912,Voting
17,1,1,0,1,False,False,0.013314466485017691,False,0.0,False,0.054756810482609115,Voting
5,11,44,0,1,False,False,0.014007547403726736,False,0.0,False,0.02586500259999697,Voting
14,121,1074,5,11,False,False,0.4186782937981663,False,0.5,False,0.4314775307522473,Voting
7,10,10,0,1,False,False,0.014025398689390971,False,0.0,False,0.049373820093339724,Voting
11,61,695,2,22,False,False,0.12490550969325907,False,0.1,False,0.4376339483635659,Voting
1,24,133,0,3,False,False,0.017292357791493674,False,0.0,False,0.12208679861616906,Voting
11,111,1771,0,4,False,False,0.2931283815398933,False,0.2,False,0.2890294315314579,Voting
0,2,5,0,0,False,False,0.011646175577749914,False,0.0,False,0.16943569865450267,Voting
0,16,63,0,2,False,False,0.014988275961589113,False,0.2,False,0.11996882015507435,Voting
9,11,56,4,2,False,False,0.02222080010264324,False,0.4,False,0.2494526081307425,Voting
2,19,205,0,4,False,False,0.016484875753140272,False,0.0,False,0.07259565552239709,Voting
0,4,4,0,1,False,False,0.012308861641616374,False,0.0,False,0.10032986426252953,Voting
3,10,51,0,1,False,False,0.013624931032238516,False,0.0,False,0.0617727617660707,Voting
0,3,3,0,1,False,False,0.012130593365105115,False,0.0,False,0.08862555583456648,Voting
0,2,5,0,0,False,False,0.011646175577749914,False,0.0,False,0.16943569865450267,Voting
0,37,273,0,2,False,False,0.02003204302833232,False,0.0,False,0.08805646099603343,Voting
19,41,206,2,3,False,False,0.3634657175434335,False,0.1,False,0.2107079258863676,Voting
3,15,125,0,6,False,False,0.016606597132832468,False,0.0,False,0.13756255338769516,Voting
15,55,630,1,1,False,False,0.030022748283465024,False,0.5,True,0.596891898120199,Voting
7,3,3,0,1,False,False,0.012666280491770836,False,0.0,False,0.03616979149997265,Voting
9,20,166,1,4,False,False,0.019200026612063936,False,0.0,False,0.057901570966072874,Voting
1,27,223,0,12,False,False,0.02288983853641096,False,0.0,False,0.1649536455400723,Voting
7,44,317,0,4,False,False,0.02425734355049185,False,0.0,False,0.07327447323486637,Voting
0,18,55,0,4,False,False,0.016274167060452396,False,0.0,False,0.06053733536708643,Voting
11,94,970,1,1,False,False,0.05589425481390542,False,0.3,False,0.37500591661708255,Voting
2,11,203,0,2,False,False,0.013912287669916682,False,0.0,False,0.04567347384318562,Voting
6,6,16,0,1,False,False,0.013133099228935359,False,0.0,False,0.0257100393361341,Voting
0,20,68,2,2,False,False,0.019107607471864557,False,0.0,False,0.09726323925990966,Voting
8,68,1201,0,11,True,False,0.048176375947923726,False,0.0,False,0.17068808101437036,Voting
1,42,361,0,1,False,False,0.020982675790056363,False,0.0,False,0.08143767674600381,Voting
6,18,168,2,11,False,False,0.024393225650747915,False,0.0,False,0.055139807764672914,Voting
1,15,493,0,1,False,False,0.013963383669194165,False,0.0,False,0.1218929927076576,Voting
26,118,1231,4,14,False,True,0.7708921213856469,False,0.5,True,0.5543928559713656,RandomForest
5,25,172,1,7,False,False,0.02176695250112295,False,0.0,False,0.04878172919153122,Voting
5,10,38,0,1,False,False,0.013810877190900168,False,0.0,False,0.02567444606157108,Voting
7,22,128,0,1,False,False,0.01654771426979416,False,0.1,False,0.052718610911568764,Voting
28,231,2501,4,5,True,True,0.8879382307590825,True,0.7,False,0.4864620188965328,Voting
29,14,14,0,1,False,False,0.020057037620105328,False,0.0,False,0.017007506055287818,Voting
5,6,16,0,1,False,False,0.013049826359361609,False,0.0,False,0.02722440298451771,Voting
11,94,696,1,6,False,False,0.06018990272533197,False,0.0,False,0.15678175712851444,Voting
2,8,48,2,3,False,False,0.016699140301902504,False,0.0,False,0.0810916759004452,Voting
15,164,1513,2,7,False,False,0.4588416255744552,False,0.0,False,0.3635301390266125,Voting
109,6,16,0,0,False,False,0.3564910510879737,False,0.1,False,0.1962232101008657,Voting
3,15,193,1,3,True,False,0.016706062730327556,False,0.0,False,0.02710141745368401,Voting
1,2,4,0,0,False,False,0.01171556342765203,False,0.0,False,0.06664963003905225,Voting
2,11,40,0,1,False,False,0.013758240297083,False,0.0,False,0.04562659220312807,Voting
8,26,230,0,5,False,False,0.01941495325557717,False,0.0,False,0.060205188433466075,Voting
0,3,3,0,1,False,False,0.012130593365105115,False,0.0,False,0.08862555583456648,Voting
12,66,461,1,11,False,False,0.04541087340025274,False,0.3,False,0.3518942244650483,Voting
34,5,14,0,1,False,False,0.02601337215615888,False,0.0,False,0.017078522987564057,Voting
25,71,1338,2,11,True,False,0.2018297725819771,False,0.2,False,0.326810249030538,Voting
21,18,20,0,1,False,False,0.017676771772600772,False,0.0,False,0.012611739051338704,Voting
0,46,330,0,6,False,False,0.02520261677624587,False,0.0,False,0.06109668647560865,Voting
16,49,233,0,3,True,False,0.3606048497283072,False,0.1,False,0.26514599479063394,Voting
2,7,24,0,1,False,False,0.012991318552499315,False,0.0,False,0.04789000944452524,Voting
16,13,13,0,1,False,False,0.015646402637232226,False,0.0,False,0.008427856307398413,Voting
2,16,863,0,10,False,False,0.018095402345094377,False,0.0,False,0.10102492871298813,Voting
4,45,337,1,4,False,False,0.02636316555331507,False,0.0,False,0.10931180825244784,Voting
0,2,2,0,1,False,False,0.011955018027496643,False,0.0,False,0.12368602492918307,Voting
25,14,113,0,1,False,False,0.017650099241324962,False,0.3,False,0.1168525971974689,Voting
3,10,38,0,1,False,False,0.013641622293255518,False,0.0,False,0.03128849689920471,Voting
2,10,12,0,1,False,False,0.013593240279195087,False,0.0,False,0.0384547277374964,Voting
6,17,68,0,1,False,False,0.015361825159397038,False,0.0,False,0.056478207664645314,Voting
0,4,6,0,1,False,False,0.012306478457666704,False,0.0,False,0.10032986426252953,Voting
2,5,10,0,1,False,False,0.012631805103537522,False,0.0,False,0.034951403962478464,Voting
0,4,10,0,1,False,False,0.012301720759570416,False,0.0,False,0.020026848242365725,Voting
4,52,774,0,4,False,False,0.02602137176987433,False,0.1,False,0.27347118134963216,Voting
4,87,373,1,1,False,False,0.04478968371970874,False,0.2,False,0.3227143764333977,Voting
5,8,26,0,1,False,False,0.013426039321129315,False,0.0,False,0.02651981635258296,Voting
7,85,540,2,3,False,False,0.05076641660525208,False,0.2,False,0.18274123111409926,Voting
2,18,96,0,1,False,False,0.01517363214480111,False,0.1,False,0.15939751399546115,Voting
4,12,77,0,4,False,False,0.015230336679358828,False,0.0,False,0.08301013226020831,Voting
9,18,1423,1,15,False,False,0.0489320153817342,False,0.3,False,0.3287310532598645,Voting
5,5,69,5,1,False,False,0.02303111048682245,False,0.0,False,0.07790740381198337,Voting
7,66,923,1,6,False,False,0.03780847066658022,False,0.0,False,0.09755855092636496,Voting
4,4,23,2,2,False,False,0.01558018694089183,False,0.0,False,0.12299990199160048,Voting
17,67,626,5,3,True,False,0.08262063751405796,False,0.2,False,0.2359130147337432,Voting
10,17,85,1,1,False,False,0.01724706438430838,False,0.1,False,0.1623240882020908,Voting
2,4,21,0,1,False,False,0.01243440891763311,False,0.0,False,0.08004115545857972,Voting
9,67,960,3,2,False,False,0.04463326424288485,False,0.5,False,0.3848212582058173,Voting
6,15,67,1,1,True,False,0.016344405585350875,False,0.0,False,0.022022830835649387,Voting
14,37,237,2,9,False,False,0.03186601203422553,False,0.1,False,0.16819381087659413,Voting
4,8,40,0,1,False,False,0.013324926113064616,False,0.0,False,0.025645022767846668,Voting
38,15,57,3,1,True,False,0.09769108886091724,False,0.2,False,0.06219522834779525,Voting
11,113,1577,2,33,False,False,0.4509137535222621,False,0.4,False,0.4903150582015126,Voting
2,11,265,0,3,False,False,0.014820978288230197,False,0.0,False,0.02444093921376277,Voting
5,6,40,0,3,False,False,0.013768476901585787,False,0.0,False,0.012418830988066504,Voting
2,10,83,2,3,False,False,0.01714001055218995,False,0.0,False,0.043481876815320064,Voting
5,75,720,1,7,False,False,0.04614689200118625,False,0.1,False,0.1734678058228388,Voting
3,1,1,0,1,False,False,0.012283214358935049,False,0.0,False,0.0030081769439666297,Voting
12,4,13,0,1,False,False,0.013256868995099423,False,0.0,False,0.0017702529586453297,Voting
4,22,131,0,1,False,False,0.0167991192349555,False,0.0,False,0.02803047631124792,Voting
2,10,273,0,2,False,False,0.014362618115855003,False,0.0,False,0.048650875084073134,Voting
0,46,401,1,5,False,False,0.02767784648449249,False,0.0,False,0.08801773925893143,Voting
3,36,245,1,6,False,False,0.024379696413053323,False,0.0,False,0.11704845344502385,Voting
13,34,412,0,3,False,False,0.021650275773145936,False,0.1,False,0.20634494651206395,Voting
34,181,2634,6,19,True,True,0.5422176063947393,False,0.4,True,0.6777532981036998,Voting
1,8,10,0,1,False,False,0.01352114902391068,False,0.0,False,0.0015221992788315016,Voting
11,143,1875,0,15,False,False,0.4410972811667803,False,0.2,False,0.2685067595823603,Voting
1,16,139,0,5,False,False,0.016368311359312524,False,0.0,False,0.3797884624300735,Voting
2,19,90,1,6,False,False,0.018893844211073728,False,0.2,False,0.2401709628260589,Voting
4,6,33,0,1,False,False,0.013257353460453293,False,0.0,False,0.04286781056941301,Voting
12,6,45,1,1,False,False,0.014845349377278669,False,0.0,False,0.00929662555533124,Voting
0,3,5,0,1,False,False,0.012538680562609684,False,0.0,False,0.00025827931213722203,Voting
4,18,162,2,3,False,False,0.019399080277051933,False,0.0,False,0.04187204856050277,Voting
7,28,184,1,3,False,False,0.02079189085564648,False,0.1,False,0.203200231297538,Voting
1,2,52,0,0,False,False,0.012205968668684184,False,0.0,False,0.09560569354188862,Voting
0,3,3,0,1,False,False,0.012537808320799829,False,0.0,False,0.00025827931213722203,Voting
3,6,22,1,1,False,False,0.014349916771604325,False,0.0,False,0.019284312794453844,Voting
25,133,2140,1,13,False,False,0.4369959935646235,False,0.1,False,0.3527595155808537,Voting
0,4,6,0,1,False,False,0.012722221919734523,False,0.0,False,0.0008183935202279153,Voting
0,12,81,2,4,False,False,0.017847483289992094,False,0.0,False,0.007121418621771514,Voting
79,311,2701,17,22,True,True,0.6579104621434623,False,0.5,True,0.7354124664944259,Voting
17,174,1439,2,7,False,False,0.480478077684502,False,0.1,False,0.2556827229176903,Voting
2,4,10,0,1,False,False,0.012793755876174337,False,0.0,False,0.0054244318485208365,Voting
10,65,558,1,15,True,False,0.051245482200935916,False,0.2,False,0.2728862454948983,Voting
5,59,499,0,15,True,False,0.040055495098290636,False,0.1,False,0.1250357886271643,Voting
0,5,28,0,1,False,False,0.012918426303796542,False,0.0,False,0.019316693111140062,Voting
2,40,1019,0,7,False,False,0.026285283248320853,False,0.0,False,0.016078999549099054,Voting
1,5,18,1,1,False,False,0.014061884905709615,False,0.0,False,0.001933873634104568,Voting
1,3,3,0,1,False,False,0.012571729946315259,False,0.0,False,5.723892090995164e-05,Voting
2,24,446,1,5,False,False,0.02031513827412213,False,0.0,False,0.039065571480774934,Voting
20,177,1737,4,15,False,True,0.8453423725754806,False,0.5,True,0.5616365235987378,RandomForest
6,14,249,0,1,False,False,0.015121717702712303,False,0.0,False,0.054833816245012594,Voting
10,55,470,1,3,False,False,0.03158205273950892,False,0.0,False,0.22241495851923004,Voting
16,11,11,0,1,False,False,0.014938491187723925,False,0.0,False,0.000856414437934776,Voting
3,78,844,0,19,False,False,0.09104436745186968,True,0.6,False,0.4820480936111679,Voting
5,10,61,1,1,False,False,0.015315733091525972,False,0.0,False,0.12543411930518578,Voting
2,4,11,0,0,True,False,0.012580994080124258,False,0.0,False,0.013888109379494166,Voting
12,93,1410,11,17,True,True,0.7871191120130221,False,0.4,True,0.5350313039414639,Voting
0,3,3,0,1,False,False,0.012537808320799829,False,0.0,False,0.00025827931213722203,Voting
1,7,34,0,1,False,False,0.013337668512476588,False,0.0,False,0.02883784522667208,Voting
2,13,410,0,6,False,False,0.3495659948403941,False,0.1,False,0.12212355746557035,Voting
9,119,1158,3,11,False,False,0.3381713633175519,False,0.3,True,0.6816518506537793,Voting
7,9,28,0,1,False,False,0.01397458944858898,False,0.2,False,0.3158042452948373,Voting
1,6,115,0,2,False,False,0.013414895029930306,False,0.0,False,0.1102640872431492,Voting
1,15,60,0,1,False,False,0.01500161205313028,False,0.0,False,0.10708493716579663,Voting
13,35,194,0,1,True,False,0.020969986375295502,False,0.2,False,0.4222348938975684,Voting
18,68,590,4,13,True,False,0.11261835588964347,False,0.4,True,0.6346594761411526,AdaBoost
22,123,1262,2,9,True,False,0.3856438427394613,False,0.2,True,0.5340103465854499,AdaBoost
6,12,50,1,1,False,False,0.01580758447901636,False,0.2,False,0.0792828589363272,Voting
2,8,47,0,3,False,False,0.014051810834837005,False,0.0,False,0.013378526064399527,Voting
0,4,20,0,1,False,False,0.012728565479077794,False,0.0,False,0.006832281569643276,Voting
6,28,240,1,5,False,False,0.021522563649802484,False,0.1,False,0.08507516131026961,Voting
0,17,91,0,3,False,False,0.015961534072877922,False,0.2,False,0.2329096842417487,Voting
36,157,1717,3,26,False,False,0.4983786638019703,False,0.1,False,0.29892056372457465,Voting
8,27,198,1,1,False,False,0.019888900103097417,False,0.1,False,0.3017183406890859,Voting
2,4,305,0,0,False,False,0.012749011821771343,False,0.0,False,0.10871678722221613,Voting
3,31,208,0,1,False,False,0.01917109197139184,False,0.0,False,0.04635760941416251,Voting
5,1,1,0,1,False,False,0.012360081542203182,False,0.0,False,0.003486755498242016,Voting
1,25,101,0,6,False,False,0.018961605602671832,False,0.1,False,0.12815351642105033,Voting
3,14,245,0,4,False,False,0.015782702473724083,False,0.0,False,0.1668569589126752,Voting
5,8,44,0,1,False,False,0.013693963429947836,False,0.0,False,0.08692418029309087,Voting
1,9,395,0,1,False,False,0.01397352602965995,False,0.0,False,0.03187016826981088,Voting
13,11,11,0,1,False,False,0.01471211035146149,False,0.0,False,0.0033428694803899718,Voting
2,4,9,0,0,False,False,0.012580119554320559,False,0.0,False,0.05165125704739782,Voting
20,72,826,5,12,False,True,0.564600528624571,False,0.5,True,0.5958730789527864,RandomForest
2,41,354,0,4,False,False,0.02343617920259811,False,0.0,False,0.18583406136734626,Voting
9,18,60,1,1,False,False,0.017419289649224737,False,0.0,False,0.20692515843866255,Voting
0,8,28,0,0,False,False,0.013269556417962734,False,0.1,False,0.03192484682492434,Voting
3,33,241,4,3,False,False,0.029418004195540762,False,0.0,False,0.10130490582793496,Voting
21,27,27,0,1,False,False,0.01940149937841263,False,0.1,False,0.04021356148448885,Voting
2,52,764,0,18,False,False,0.3779326812398303,False,0.2,False,0.1488991354275217,Voting
0,6,8,0,1,False,False,0.013097971938276007,False,0.0,False,0.004740617681909025,Voting
8,23,543,2,6,False,False,0.02291768404813524,False,0.1,False,0.0696054248757782,Voting
3,5,128,0,3,False,False,0.013536617120558113,False,0.0,False,0.2675875095000489,Voting
2,13,58,0,1,False,False,0.014607805309341037,False,0.0,False,0.1078750325991118,Voting
79,44,392,5,6,True,True,0.7092033705381512,False,0.3,False,0.2309436798231557,Voting
3,8,38,0,2,False,False,0.013844338901869702,False,0.0,False,0.022756259061425053,Voting
9,34,233,2,1,False,False,0.024091580862967896,False,0.1,False,0.3062198834907013,Voting
12,1,1,0,1,False,False,0.012703396940504251,False,0.0,False,0.0014443671083581694,Voting
3,11,17,0,1,False,False,0.01541645507172229,False,0.0,False,0.01728126796131171,Voting
2,29,336,0,10,False,False,0.022055878592574442,False,0.0,False,0.06990377348425114,Voting
2,4,21,0,1,False,False,0.014048779967788113,False,0.0,False,0.09040900732917737,Voting
1,25,174,1,3,False,False,0.01984755757559919,False,0.1,False,0.12081345950111523,Voting
2,31,423,0,13,False,False,0.024198283321254743,False,0.0,False,0.17744102199219566,Voting
7,12,270,0,1,False,False,0.016608781947218734,False,0.0,False,0.050624135166399735,Voting
0,8,20,0,0,False,False,0.014098426132044468,False,0.0,False,0.022812384098304453,Voting
5,16,96,0,5,False,False,0.017931509013509497,False,0.0,False,0.13992451781048265,Voting
3,10,38,0,1,False,False,0.015250660939211047,False,0.0,False,0.030368669929830745,Voting
23,98,1347,10,16,True,True,0.7882406702106314,True,0.6,True,0.5893048584859922,Voting
25,158,1864,11,20,False,True,0.8643877020841071,False,0.4,True,0.7763387239783476,RandomForest
5,5,24,0,1,False,False,0.014793198834355157,False,0.0,False,0.07688103451136234,Voting
2,4,11,0,0,False,False,0.34715833680907243,True,0.7,True,0.6695814929211805,Voting
0,25,29,0,1,False,False,0.017412943559727983,False,0.0,False,0.026585591203649967,Voting
3,14,55,1,3,False,False,0.017898827878240625,False,0.1,False,0.10714381214546627,Voting
0,5,18,1,1,False,False,0.015033533079463172,False,0.0,False,0.0002859633073724525,Voting
6,59,915,2,20,False,False,0.08896626327716121,False,0.3,False,0.08494242994343583,Voting
9,34,523,1,17,False,False,0.03484411426335585,False,0.2,False,0.3966292565294669,Voting
3,42,113,0,1,False,False,0.02208277816243544,False,0.0,False,0.030449604803904188,Voting
5,17,113,2,1,False,False,0.020105797490108084,False,0.0,False,0.061401615658048726,Voting
0,2,5,0,0,False,False,0.013162483761473031,False,0.0,False,0.12273593720928888,Voting
3,12,55,0,4,False,False,0.016385982931942558,False,0.0,False,0.15690443288027406,Voting
16,32,172,2,2,False,False,0.36168989769980736,False,0.1,False,0.4589165657516776,Voting
1,15,77,0,1,False,False,0.015747792923759434,False,0.1,False,0.07912496909180529,Voting
0,6,39,0,1,False,False,0.014007152104176713,False,0.0,False,0.012080292838073485,Voting
0,1,1,0,1,False,False,0.013220638769313392,False,0.0,False,0.019216165802638328,Voting
13,7,24,0,1,False,False,0.016942754385413185,False,0.0,False,0.02554583822278547,Voting
10,15,55,0,1,False,False,0.3511064575805342,False,0.2,True,0.5113912210465232,Voting
1,15,17,0,1,False,False,0.015718966187218724,False,0.0,False,0.001738791510863032,Voting
4,5,36,0,1,False,False,0.014599666828233776,False,0.0,False,0.07458033481448202,Voting
3,11,50,0,2,False,False,0.01567902778323418,False,0.0,False,0.05905508266072584,Voting
4,27,145,0,1,False,False,0.01884750214021126,False,0.0,False,0.07544159224990121,Voting
15,2,2,0,1,False,False,0.016519731896528604,False,0.0,False,0.0028563447433862907,Voting
5,19,396,0,2,False,False,0.017895378772850933,False,0.0,False,0.13178812669094214,Voting
3,14,67,0,5,False,False,0.01705114468547795,False,0.2,False,0.21999283162607336,Voting
42,187,4114,6,22,True,True,0.886525337344131,True,0.8,True,0.7736835407325178,Voting
3,50,342,1,4,False,False,0.027743857236756028,False,0.1,False,0.08665248363766959,Voting
0,15,15,0,1,False,False,0.015514758368752697,False,0.0,False,0.0008373645145062883,Voting
1,14,104,0,1,False,False,0.015582135530273619,False,0.0,False,0.06604668954512981,Voting
28,162,1494,12,8,True,True,0.5283131713107435,False,0.0,False,0.18685116956030484,Voting
3,32,195,2,2,False,False,0.02364913571467947,False,0.0,False,0.3172285318529999,Voting
65,77,1397,2,11,False,True,0.7569840988072379,False,0.4,True,0.5076228877418992,RandomForest
0,37,211,0,3,False,False,0.02076847641961796,False,0.0,False,0.0667447209053086,Voting
16,48,286,0,1,False,False,0.028489499989138564,False,0.0,False,0.27393547769891063,Voting
9,61,887,3,3,True,False,0.04406174640935322,False,0.1,False,0.13216045826161654,Voting
25,31,219,2,4,False,False,0.0348205749788816,False,0.1,False,0.06545138322898797,Voting
11,37,183,0,7,False,False,0.02566193057319158,False,0.1,False,0.14928399388968852,Voting
9,98,1367,3,54,True,False,0.4420268827326352,False,0.2,False,0.13434978965976854,Voting
2,13,141,0,5,False,False,0.016678406357073374,False,0.2,False,0.4035572982687815,Voting
7,15,171,4,1,False,False,0.3583268318020925,False,0.3,False,0.33692539777312003,Voting
2,2,21,0,0,False,False,0.34685177219915125,False,0.0,False,0.1802041146945566,Voting
0,1,1,0,1,False,False,0.013220638769313392,False,0.0,False,0.019216165802638328,Voting
3,15,125,0,6,False,False,0.01757405402956912,False,0.4,False,0.1574360913170711,Voting
1,63,612,0,3,False,False,0.029080597755447243,False,0.0,False,0.27052536967307345,Voting
1,11,39,0,1,False,False,0.015024658568956491,False,0.0,False,0.02348501860747207,Voting
3,31,151,1,3,False,False,0.02179671390631873,False,0.1,False,0.2764470093965225,Voting
5,47,583,0,7,False,False,0.02711936883183006,False,0.1,False,0.166828334131447,Voting
6,17,133,1,10,False,False,0.02184874545993884,False,0.1,False,0.06252486930714653,Voting
1,11,39,0,1,False,False,0.015024658568956491,False,0.0,False,0.02348501860747207,Voting
3,12,115,0,1,False,False,0.015641891254922363,False,0.0,False,0.03514780231553245,Voting
1,20,214,1,5,False,False,0.01940011459495499,False,0.0,False,0.0143448495371681,Voting
2,18,152,1,5,False,False,0.01916600928921751,False,0.1,False,0.07613371691694568,Voting
4,28,140,0,7,False,False,0.02101820000738348,False,0.0,False,0.11108922531949264,Voting
7,73,1372,0,8,False,False,0.3922882204634242,False,0.4,False,0.4962670616857808,Voting
0,13,38,1,1,False,False,0.016473069364425285,False,0.0,False,0.010513462920280334,Voting
1,27,3320,0,17,False,False,0.35890078406367604,False,0.2,False,0.07362275683661124,Voting
10,113,667,4,3,False,False,0.14414958332756708,False,0.4,False,0.2418361317023781,Voting
8,47,530,0,13,False,False,0.031934498897577074,False,0.0,False,0.25897486698181205,Voting
1,17,134,0,1,False,False,0.016144735985789988,False,0.0,False,0.029165315599011487,Voting
8,133,1448,2,10,True,False,0.3774394678364939,False,0.3,False,0.2913651682461316,Voting
3,27,140,0,1,False,False,0.018597095906915224,False,0.0,False,0.07060823476572409,Voting
3,3,9,0,1,False,False,0.014071609125373434,False,0.0,False,0.04288208917759125,Voting
1,7,17,0,0,False,False,0.01412043547793193,False,0.0,False,0.02138730787077291,Voting
31,15,15,0,1,False,False,0.027919226374416017,False,0.0,False,0.13069549795479374,Voting
0,7,9,0,1,False,False,0.014155677868288544,False,0.0,False,0.0038779929876085694,Voting
0,4,35,3,1,False,False,0.017901615212931744,False,0.0,False,0.022681482873451314,Voting
2,19,1730,0,6,False,False,0.04875748457930319,False,0.0,False,0.02506950506445732,Voting
0,29,29,0,1,False,False,0.018234792429606208,False,0.0,False,0.03900914481159022,Voting
25,110,929,4,10,True,False,0.3637710742079617,False,0.4,False,0.13421465643897934,Voting
7,26,211,0,2,False,False,0.01975077513794862,False,0.0,False,0.17262040435869427,Voting
0,17,17,0,1,False,False,0.015876002263254568,False,0.0,False,0.00041559782090866204,Voting
2,3,93,0,0,False,False,0.013702467690417,False,0.0,False,0.4405696334629306,Voting
2,16,107,0,1,False,False,0.016155882944223852,False,0.0,False,0.245834376555858,Voting
3,74,764,1,4,False,False,0.03814362435887842,False,0.0,False,0.058993988459671035,Voting
5,38,401,0,12,False,False,0.02659692030582901,False,0.0,False,0.28943991622521603,Voting
6,78,663,0,12,True,False,0.04570734479000416,False,0.1,False,0.3366782051208536,Voting
4,14,81,0,1,False,False,0.015910070999336674,False,0.0,False,0.1750392931758676,Voting
0,9,20,1,1,False,False,0.01647076742014756,False,0.0,False,0.02403265949804431,Voting
0,25,229,4,2,False,False,0.0311093671125474,False,0.0,False,0.12202062695483935,Voting
1,11,31,0,1,False,False,0.014992763907371387,False,0.0,False,0.03160589227388446,Voting
12,16,48,1,3,False,False,0.021206462401274957,False,0.0,False,0.08526472416960196,Voting
2,5,11,0,1,False,False,0.014102432054579662,False,0.0,False,0.12067360498740624,Voting
8,26,134,1,4,False,False,0.02348032090115561,False,0.0,False,0.09783537380035992,Voting
0,4,10,0,1,False,False,0.013685069835386254,False,0.0,False,0.043533070589904715,Voting
0,7,9,0,1,False,False,0.014187524837100757,False,0.0,False,0.05504731040205583,Voting
2,12,105,0,1,False,False,0.015219015031693912,False,0.0,False,0.08079433224832153,Voting
4,7,39,0,1,False,False,0.01467871601969989,False,0.0,False,0.06170086635833087,Voting
0,1,1,0,1,False,False,0.013213282547438712,False,0.0,False,0.06405324342947173,Voting
0,3,5,0,1,False,False,0.013528138650221374,False,0.0,False,0.026186660398553524,Voting
2,10,50,2,3,False,False,0.02044427436033694,False,0.0,False,0.017069219950834595,Voting
18,96,1603,4,23,False,False,0.4402172198898098,False,0.5,True,0.5296396780216635,Voting
10,1,1,0,1,False,False,0.014536387632145953,False,0.0,False,0.039832432316044886,Voting
5,6,19,0,1,False,False,0.0146658651068551,False,0.0,False,0.039382853493056605,Voting
1,11,55,0,1,False,False,0.01496249534575854,False,0.2,False,0.10932105373666924,Voting
0,28,404,0,6,False,False,0.020572436075654853,False,0.0,False,0.08086798508145107,Voting
6,82,373,1,2,False,False,0.04190271821241715,False,0.0,False,0.19748213740350026,Voting
0,2,33,0,0,False,False,0.012949814508225757,False,0.1,False,0.2382336716254252,Voting
3,16,385,5,1,False,False,0.3712897823139077,False,0.3,False,0.37193596483303204,Voting
5,8,24,0,1,False,False,0.015014673944349272,False,0.0,False,0.09667324742974648,Voting
5,16,99,0,2,False,False,0.016914579277831954,False,0.2,False,0.19323834942337664,Voting
0,10,47,2,2,False,False,0.019506511880301995,False,0.0,False,0.01786705992084675,Voting
2,11,39,0,3,False,False,0.01604026464323799,False,0.0,False,0.05434563105307443,Voting
40,55,474,1,1,True,False,0.09293864110380493,False,0.0,False,0.18866313279610256,Voting
2,20,112,0,1,False,False,0.016750270089748026,False,0.0,False,0.05343269690806067,Voting
0,28,404,0,6,False,False,0.020572436075654853,False,0.0,False,0.08086798508145107,Voting
35,1,1,0,1,False,False,0.02715970083497705,False,0.0,False,0.03067259518888335,Voting
31,87,573,7,21,False,True,0.8070675428084423,True,0.7,True,0.581486305984521,Voting
16,73,616,5,3,False,False,0.4686558704280914,False,0.4,True,0.5851482165855876,Voting
0,8,20,0,0,False,False,0.013931599040218644,False,0.0,False,0.06723483165357368,Voting
3,4,4,0,1,False,False,0.014072235802254312,False,0.0,False,0.02125729519652503,Voting
11,29,243,0,7,False,False,0.024040136729209963,False,0.1,False,0.21779982326638184,Voting
14,45,293,3,8,False,False,0.046116092371930914,False,0.4,True,0.5804927828486898,Voting
0,4,10,0,1,False,False,0.013685069835386254,False,0.0,False,0.043533070589904715,Voting
9,43,1050,6,4,False,False,0.21239025640141032,False,0.3,False,0.17852280025207093,Voting
12,49,287,2,5,False,False,0.3703880485472597,False,0.3,False,0.3982516559801862,Voting
12,11,11,0,1,False,False,0.01668828130572338,False,0.0,False,0.05588405870712484,Voting
19,36,128,0,6,False,False,0.027895132940393055,False,0.0,False,0.16922525582514378,Voting
22,31,31,0,1,False,False,0.02375939050423112,False,0.0,False,0.019811489682786558,Voting
16,76,586,1,6,False,False,0.3820781568413225,False,0.4,False,0.4917339651094117,Voting
0,9,45,0,1,False,False,0.014487976200197284,False,0.0,False,0.1011699914958278,Voting
5,8,8,0,1,False,False,0.015035364635657716,False,0.0,False,0.0583066671912589,Voting
0,6,10,0,1,False,False,0.014017078772589064,False,0.0,False,0.036695664575909316,Voting
29,164,2168,5,62,False,True,0.9403344278779421,False,0.5,False,0.41154527999787305,Voting
19,112,954,1,6,False,False,0.13065216963220005,False,0.1,False,0.433020030332046,Voting
3,21,387,1,14,False,False,0.028814921325693407,False,0.1,False,0.06923676814951188,Voting
0,2,2,0,1,False,False,0.013370862921773342,False,0.0,False,0.06962288264343988,Voting
10,61,301,1,2,False,False,0.3671859444343049,False,0.2,False,0.11933197435594453,Voting
9,83,995,1,23,True,False,0.2872945555659365,False,0.1,False,0.2842989052778557,Voting
0,11,13,0,1,False,False,0.014881224104672254,False,0.0,False,0.01598981416451427,Voting
8,16,79,0,1,False,False,0.01692656714443639,False,0.0,False,0.15744899092406747,Voting
8,70,646,0,5,False,False,0.3686812075129083,False,0.2,False,0.2742428767085849,Voting
6,8,22,0,1,False,False,0.0151600790984244,False,0.0,False,0.05495089802988566,Voting
6,33,323,4,11,False,False,0.38380874043866586,False,0.3,False,0.472381209986073,Voting
6,66,745,3,2,False,False,0.045584009828927116,False,0.2,False,0.2797521710329145,Voting
0,5,5,0,1,False,False,0.01385602360876019,False,0.0,False,0.03642000660150152,Voting
7,19,108,1,1,False,False,0.01964819367231444,False,0.1,False,0.11273735030673206,Voting
0,14,95,0,2,False,False,0.01578129775793766,False,0.0,False,0.20813419851197212,Voting
1,9,32,0,1,False,False,0.014635232680102063,False,0.0,False,0.05064843497719553,Voting
12,17,17,0,1,False,False,0.017914839112786247,False,0.0,False,0.015154403185512344,Voting
11,75,876,1,4,False,False,0.3765063967833975,False,0.1,False,0.25955076151216505,Voting
16,74,865,7,7,False,False,0.4034184031859432,False,0.4,False,0.3263161100259949,Voting
0,4,6,0,1,False,False,0.013689831196221358,False,0.0,False,0.05216768385180419,Voting
5,19,116,0,1,False,False,0.01700625245603844,False,0.0,False,0.06374905387279664,Voting
6,7,17,0,1,False,False,0.01498630590700026,False,0.0,False,0.02754866562178432,Voting
1,10,142,0,2,False,False,0.015118374753445268,False,0.1,False,0.06317838550281178,Voting
0,2,5,0,0,False,False,0.012981360079295665,False,0.0,False,0.15523147668420156,Voting
4,7,17,0,1,False,False,0.01470633859522446,False,0.0,False,0.02615446120089138,Voting
5,2,2,0,1,False,False,0.014002909034986926,False,0.0,False,0.08094661144800476,Voting
27,35,315,0,7,False,False,0.03242714972783568,False,0.0,False,0.07416077153831199,Voting
0,1,1,0,1,False,False,0.013213282547438712,False,0.0,False,0.06405324342947173,Voting
17,212,2334,5,9,True,True,0.8636616702240241,True,0.6,True,0.5163092279991454,Voting
18,4,134,20,1,False,False,0.4692842976125477,False,0.4,False,0.25044376569819504,Voting
9,10,63,0,3,False,False,0.01689647414624498,False,0.0,False,0.07482433409903813,Voting
3,4,11,0,1,False,False,0.014063669848065185,False,0.0,False,0.17757822277948296,Voting
0,4,24,0,0,False,False,0.34660723360737306,False,0.3,False,0.35704253112249634,Voting
26,30,34,0,1,False,False,0.025090523631466296,False,0.1,False,0.04273487563826642,Voting
4,22,141,0,1,False,False,0.0174352351833594,False,0.0,False,0.07015254535053292,Voting
59,210,1597,11,19,True,True,0.9566911347568924,True,0.7,True,0.5610336704128894,Voting
0,4,4,0,1,False,False,0.013692217222112724,False,0.0,False,0.03612163284961318,Voting
11,79,737,2,2,False,False,0.04883049329131575,False,0.2,False,0.3508487660216377,Voting
2,1,1,0,1,False,False,0.013455818976107163,False,0.0,False,0.0568369072686964,Voting
7,21,359,3,1,False,False,0.0258924652067618,False,0.1,False,0.3820490795775293,Voting
3,24,149,1,1,False,False,0.018104388403735728,False,0.0,False,0.08635747116810401,Voting
2,25,164,0,1,False,False,0.01663717321244015,False,0.0,False,0.08013284082431361,Voting
17,6,6,0,1,False,False,0.015509868616168597,False,0.0,False,0.02294292710973507,Voting
6,34,287,2,4,False,False,0.024854825978536804,False,0.1,False,0.04166705729415617,Voting
0,7,44,0,1,False,False,0.012893233916523729,False,0.0,False,0.012300093843599966,Voting
1,13,50,0,1,False,False,0.014062660971600137,False,0.0,False,0.023401386181606417,Voting
0,33,201,0,5,False,False,0.01964491086127681,False,0.0,False,0.09808363424754343,Voting
2,10,83,2,3,False,False,0.017107690804988446,False,0.0,False,0.07011933002975748,Voting
1,2,32,0,0,False,False,0.011976639609672206,False,0.0,False,0.09795756530504028,Voting
2,11,124,0,3,False,False,0.014512598967975484,False,0.0,False,0.07941073452155079,Voting
18,81,711,2,6,False,False,0.0598607264565324,False,0.1,False,0.4927223136693874,Voting
33,78,696,4,18,False,False,0.3842560351220037,False,0.5,True,0.5214549226879407,Voting
4,7,47,2,2,False,False,0.016464965696947154,False,0.0,False,0.04219626342911903,Voting
0,39,312,0,6,False,False,0.021777741348741483,False,0.0,False,0.09448754817869397,Voting
12,6,6,0,1,False,False,0.0145558321010867,False,0.0,False,0.014184973154522119,Voting
3,14,577,0,6,False,False,0.016722213840785673,False,0.0,False,0.27346653409842264,Voting
16,40,379,1,9,False,False,0.03101554509758809,False,0.0,False,0.10826145779013242,Voting
4,6,29,0,1,False,False,0.01328992512820117,False,0.0,False,0.035923530514533474,Voting
0,19,157,3,5,False,False,0.021629095646458568,False,0.0,False,0.020045221853115386,Voting
0,2,5,0,0,False,False,0.011834214620679195,False,0.0,False,0.15329011023588918,Voting
5,16,747,0,11,False,False,0.02019110432770404,False,0.0,False,0.1418564505866432,Voting
17,159,2409,3,22,False,False,0.4878897081601303,False,0.3,False,0.3686050707852865,Voting
5,51,555,0,7,False,False,0.02772981089588028,False,0.1,False,0.37150816294750577,Voting
3,11,71,0,8,False,False,0.016343367988427657,False,0.1,False,0.1146481734313029,Voting
14,56,290,3,6,True,False,0.04153756376303012,False,0.1,False,0.12303923627823228,Voting
6,21,142,2,1,False,False,0.019705289452175298,False,0.0,False,0.26474515218300626,Voting
2,5,16,0,1,False,False,0.012831255520826916,False,0.0,False,0.03926182335022333,Voting
21,136,1275,3,12,True,True,0.7682989823722006,False,0.1,False,0.429417640709329,Voting
10,43,257,3,3,False,False,0.031276243178064905,False,0.0,False,0.25790130270058625,Voting
0,5,28,0,1,False,False,0.012563243232780323,False,0.0,False,0.014227872049759147,Voting
0,1,1,0,1,False,False,0.01193298818037902,False,0.0,False,0.10618261588965196,Voting
8,22,117,0,1,False,False,0.0170701190283525,False,0.0,False,0.09870266591265753,Voting
18,50,259,3,3,False,False,0.3714422791669725,False,0.5,False,0.4598379961914546,Voting
8,11,85,0,1,False,False,0.014839589294601543,False,0.0,False,0.08223643413389566,Voting
0,2,2,0,1,False,False,0.012084284834376045,False,0.0,False,0.12876332164126386,Voting
0,17,23,0,1,False,False,0.01461703289821651,False,0.0,False,0.030421224867679963,Voting
5,9,9,0,1,False,False,0.01394313405261004,False,0.0,False,0.062003008028050664,Voting
4,8,27,0,1,False,False,0.013627594968288186,False,0.0,False,0.035839780792061425,Voting
7,9,55,0,1,True,False,0.014288329077802291,False,0.0,False,0.04754402504100349,Voting
12,3,8,0,1,False,False,0.014024753937210678,False,0.0,False,0.032582932232117404,Voting
20,1,1,0,1,False,False,0.015247553507384425,False,0.0,False,0.04737427571927299,Voting
5,7,62,1,0,False,False,0.014576767736191688,False,0.2,False,0.28025850478935466,Voting
19,104,811,1,9,False,False,0.10439720770360317,False,0.3,False,0.4177276420145706,Voting
3,2,16,0,0,False,False,0.012232747439595598,False,0.0,False,0.08875641028157827,Voting
9,48,429,5,10,True,False,0.39181445234270257,False,0.5,False,0.4656164042161224,Voting
9,38,278,1,3,False,False,0.02418096279684749,False,0.0,False,0.08687599036564411,Voting
3,32,612,1,14,False,False,0.3614599469548891,False,0.1,False,0.20063794468710475,Voting
2,13,100,0,6,False,False,0.015867093669811372,False,0.0,False,0.24843785360223955,Voting
11,66,640,1,7,False,False,0.03941299805725524,False,0.1,False,0.3040494755771072,Voting
3,8,38,0,2,False,False,0.01377353970489128,False,0.0,False,0.04922628619289439,Voting
3,28,177,0,1,False,False,0.0174796096141714,False,0.0,False,0.2343988913299898,Voting
7,38,316,1,4,False,False,0.024204072292435583,False,0.0,False,0.030172692513327437,Voting
6,33,218,1,1,False,False,0.021016953681407474,False,0.0,False,0.057851847991784784,Voting
0,2,2,0,1,False,False,0.012084284834376045,False,0.0,False,0.12876332164126386,Voting
0,54,141,0,1,False,False,0.023477755804448625,False,0.0,False,0.17122159585055086,Voting
2,13,101,1,2,False,False,0.3492217695955275,False,0.0,False,0.2302686540990845,Voting
9,13,112,0,1,False,False,0.015411578533947055,False,0.0,False,0.1841572946454682,Voting
9,49,365,0,10,False,False,0.029886083604078142,False,0.0,False,0.0669689796714763,Voting
7,22,91,2,1,False,False,0.02012734599225031,False,0.1,False,0.16428566036202918,Voting
3,8,34,0,1,False,False,0.01348265412467723,False,0.0,False,0.03540699312676203,Voting
5,11,82,0,10,False,False,0.017526180277469796,False,0.0,False,0.07445923891635993,Voting
1,7,33,0,1,False,False,0.013026393356424878,False,0.0,False,0.02776807868086084,Voting
0,27,145,2,9,False,False,0.02371040185722439,False,0.0,False,0.11523402154173586,Voting
11,41,376,1,1,True,False,0.024780564919432743,False,0.2,False,0.13069063265391634,Voting
19,54,339,0,1,False,False,0.029518538508773142,False,0.3,False,0.3355926026064274,Voting
1,20,357,1,1,False,False,0.017039149080994024,False,0.0,False,0.0764624127182236,Voting
5,66,607,0,16,False,False,0.3779792096587493,True,0.7,True,0.5386583483776891,Voting
2,2,32,0,0,False,False,0.012107694560239274,False,0.0,False,0.0929701918837426,Voting
8,25,178,0,2,False,False,0.018156581677447,False,0.0,False,0.1683876419850233,Voting
0,1,1,0,1,False,False,0.01193298818037902,False,0.0,False,0.10618261588965196,Voting
5,69,270,0,5,False,False,0.032685669952439364,False,0.1,False,0.2257983844383505,Voting
3,4,15,1,1,False,False,0.013993547015057272,False,0.0,False,0.09449683834248138,Voting
2,22,108,1,2,False,False,0.017798386905259905,False,0.1,False,0.2657120839808144,Voting
3,13,95,0,1,False,False,0.014401388638777685,False,0.0,False,0.2271668160753741,Voting
10,30,164,0,1,True,False,0.019355210866937967,False,0.0,False,0.1016336238964622,Voting
0,33,264,0,8,False,False,0.021048830903165103,False,0.0,False,0.09050541398111143,Voting
0,32,163,0,3,False,False,0.01855488984043939,False,0.0,False,0.12638009495507072,Voting
11,59,510,0,7,False,False,0.03271125065808895,False,0.0,False,0.1638942690990089,Voting
12,95,719,2,12,True,False,0.0871773273195297,False,0.1,False,0.3313815510841953,Voting
6,20,176,1,6,False,False,0.019814732840591067,False,0.0,False,0.1422026711431345,Voting
0,1,2,0,1,False,False,0.011933492931497614,False,0.0,False,0.10618261588965196,Voting
4,5,39,0,1,False,False,0.013129642536671426,False,0.0,False,0.03616082588234236,Voting
1,2,4,0,0,False,False,0.011962103728822622,False,0.0,False,0.10746317809089742,Voting
1,22,275,0,5,False,False,0.017352952503336624,False,0.0,False,0.04921523066071799,Voting
26,158,1560,5,8,False,False,0.4811696362881697,False,0.4,True,0.5604244047480389,Voting
7,13,63,0,2,False,False,0.014392904338286619,False,0.1,False,0.3275360363421023,Voting
1,3,231,0,0,False,False,0.011758939832332622,False,0.0,False,0.06800945430674496,Voting
15,16,16,0,1,False,False,0.016743787074902646,False,0.0,False,0.01927540014809988,Voting
5,5,24,0,1,False,False,0.01242882156481034,False,0.0,False,0.0230605003635119,Voting
2,18,63,1,1,False,False,0.015617998933602512,False,0.0,False,0.04753896402196893,Voting
4,21,218,1,6,False,False,0.01763524677012825,False,0.0,False,0.04383785627975908,Voting
11,58,560,0,5,False,False,0.030611525181516188,False,0.1,False,0.3419130772099451,Voting
5,13,33,0,1,False,False,0.013828641569414888,False,0.0,False,0.02321434712641017,Voting
2,46,218,1,3,False,False,0.02338275891949158,False,0.0,False,0.3595630731387488,Voting
2,2,10,0,0,False,False,0.01134475592504692,False,0.0,False,0.11944569783616556,Voting
0,4,9,0,0,False,False,0.011307525035338536,False,0.1,False,0.4054975268225365,Voting
0,67,233,2,2,False,False,0.03285595855556154,False,0.3,False,0.02139157598178639,Voting
0,4,37,0,1,False,False,0.011414841404438226,False,0.0,False,0.036481083714854735,Voting
1,7,23,0,1,False,False,0.012021958436108442,False,0.0,False,0.09746044752276788,Voting
20,72,723,3,4,False,False,0.39962366326976745,False,0.1,False,0.24873669361264655,Voting
0,7,9,0,1,False,False,0.011820141367368269,False,0.0,False,0.09990092075627152,Voting
0,1,1,0,1,False,False,0.010909620733295112,False,0.0,False,0.06353225848621886,Voting
33,113,1038,7,18,True,False,0.4694207352986488,False,0.5,False,0.4583916642244336,Voting
7,24,314,0,4,False,False,0.017544304283565206,False,0.0,False,0.05633328316521635,Voting
8,34,210,2,5,False,False,0.024249304141692355,False,0.1,False,0.014701221724463882,Voting
1,12,14,0,1,False,False,0.012822720481495551,False,0.0,False,0.02517405831496842,Voting
14,38,158,3,1,False,False,0.3635216946932474,False,0.5,True,0.5289345870224279,Voting
3,11,52,1,1,False,False,0.014429518586076696,False,0.0,False,0.05347912089332495,Voting
63,121,122,0,1,False,True,0.7743218748554767,False,0.5,False,0.3034466096070803,Voting
9,53,473,1,3,False,False,0.02963761103323421,False,0.1,False,0.20843737988171054,Voting
0,2,2,0,1,False,False,0.01105539072803724,False,0.0,False,0.09270146430673423,Voting
23,76,1025,1,3,True,False,0.4050719488885027,False,0.2,False,0.42171947569726376,Voting
3,23,158,0,1,False,False,0.015643681908651317,False,0.0,False,0.058063188152496926,Voting
5,29,213,0,1,False,False,0.017602484668143504,False,0.0,False,0.08367141663341647,Voting
4,23,1209,0,1,False,False,0.35370146159488924,False,0.2,False,0.3467854675151814,Voting
13,177,1126,7,3,False,True,0.5127776332928771,False,0.0,True,0.5444426453514796,RandomForest
3,21,242,0,4,False,False,0.015696127334219847,False,0.0,False,0.06424668826255213,Voting
2,21,86,1,3,False,False,0.016473893227357934,False,0.0,False,0.038533943803263415,Voting
7,59,491,4,2,True,False,0.043246766708636766,False,0.3,True,0.5301705949488364,AdaBoost
3,3,8,0,1,False,False,0.01171929011616405,False,0.0,False,0.04600259303721376,Voting
2,8,10,0,1,False,False,0.012335675901013428,False,0.0,False,0.01819543191685368,Voting
13,60,766,0,8,True,False,0.034968109181408906,False,0.2,False,0.14090955618423395,Voting
16,222,3912,2,30,True,True,0.90816297220247,True,0.9,True,0.6683494332572031,Voting
4,14,41,0,1,False,False,0.013823211751808404,False,0.0,False,0.02161387890716612,Voting
4,5,39,0,1,False,False,0.012274090218748951,False,0.0,False,0.02240781260122488,Voting
5,17,280,0,6,False,False,0.015616135642975175,False,0.0,False,0.06447272805579066,Voting
7,162,2279,0,19,False,False,0.4550393899865709,False,0.4,False,0.4130397643515272,Voting
2,6,20,0,1,False,False,0.012034749059275287,False,0.0,False,0.031336941141297536,Voting
2,10,50,0,2,False,False,0.012813195933271493,False,0.0,False,0.03622124782372867,Voting
3,8,35,0,1,False,False,0.012571125208729378,False,0.0,False,0.0185357778990904,Voting
10,48,1267,6,4,False,False,0.2251432321474724,False,0.3,False,0.2411609375303745,Voting
44,124,4367,9,11,False,True,0.5569350906314127,False,0.5,False,0.4426341125114833,Voting
6,1,1,0,1,False,False,0.011929632507793856,False,0.0,False,0.05271848949323143,Voting
21,104,943,5,9,False,True,0.7145327944804766,False,0.5,False,0.40830533164286575,Voting
7,78,737,1,8,True,False,0.04429832632669628,True,0.6,False,0.32754041744821544,RandomForest
3,14,1791,0,11,False,False,0.09266302655155613,False,0.1,False,0.10068035177274608,Voting
15,6,6,0,1,False,False,0.014688354142918438,False,0.0,False,0.006811003359624585,Voting
3,5,22,2,1,False,False,0.014661925972905785,False,0.0,False,0.0412611468868455,Voting
1,7,26,0,1,False,False,0.012027892358567072,False,0.0,False,0.031017659413435292,Voting
6,20,89,1,1,False,False,0.01708116647977229,False,0.0,False,0.05454779764311393,Voting
4,36,351,0,8,False,False,0.020248532242563688,False,0.0,False,0.0898586864684796,Voting
11,34,387,4,15,True,False,0.04332936309911792,False,0.3,True,0.5336460671987415,AdaBoost
5,1,1,0,1,False,False,0.011750264720662935,False,0.0,False,0.07370959140853572,Voting
0,8,20,0,0,False,False,0.011940638238743084,False,0.0,False,0.038739097145592497,Voting
2,5,15,0,2,False,False,0.011927875259049392,False,0.0,False,0.031871569026908735,Voting
8,29,264,0,1,False,False,0.01856568430207424,False,0.0,False,0.24999429445436,Voting
11,6,6,0,1,False,False,0.013767986727377392,False,0.0,False,0.01179541933338271,Voting
0,38,120,0,1,False,False,0.018143806429482944,False,0.0,False,0.0732379535007105,Voting
10,42,273,0,1,False,False,0.3560522084019595,False,0.2,False,0.416950599021067,Voting
0,4,21,0,1,False,False,0.011384853467836306,False,0.0,False,0.039615660824396916,Voting
7,33,382,1,8,False,False,0.02247267654227385,False,0.0,False,0.031340144129553826,Voting
1,14,138,0,13,True,False,0.014615609954797687,False,0.0,False,0.09116510233101166,Voting
5,51,429,2,2,False,False,0.3629083736739404,False,0.3,False,0.1858934679878075,Voting
1,7,17,0,0,False,False,0.011952111991073835,False,0.0,False,0.038472826981039286,Voting
3,6,23,0,3,False,False,0.01234687678237528,False,0.0,False,0.039290351240233536,Voting
5,10,36,0,1,False,False,0.013299402836356194,False,0.0,False,0.019089390260895917,Voting
17,53,624,1,16,True,False,0.04393877821385222,False,0.4,False,0.30764223492725706,Voting
5,22,134,1,4,False,False,0.017676300680786274,False,0.0,False,0.035435784628715924,Voting
2,16,90,0,2,True,False,0.013962196666957864,False,0.0,False,0.024079635303445784,Voting
19,14,14,0,1,False,False,0.017461963566784502,False,0.0,False,0.052527237323959586,Voting
64,270,2700,6,8,False,True,0.9733233061273476,True,1.0,True,0.7103246384378837,Voting
9,34,70,0,1,False,False,0.0194779823038325,False,0.0,False,0.08338269274030552,Voting
4,32,265,0,1,False,False,0.018207197164390485,False,0.0,False,0.06599247019959895,Voting
0,31,161,0,1,False,False,0.016653952281647552,False,0.0,False,0.19199093256418787,Voting
3,8,26,0,1,False,False,0.01255249504396667,False,0.0,False,0.018332912111059984,Voting
0,9,47,0,1,False,False,0.012212213989119149,False,0.0,False,0.036605889188035305,Voting
6,41,282,0,1,False,False,0.021166098098179903,False,0.0,False,0.09471194607960401,Voting
6,64,509,1,12,False,False,0.3688276583293904,False,0.2,False,0.31807680628752943,Voting
3,20,143,0,3,False,False,0.015149281675229196,False,0.0,False,0.06840902529310484,Voting
2,12,41,0,1,False,False,0.013070571056964657,False,0.0,False,0.03747998047635679,Voting
