lcom,ce,loc,moa,max_cc,bug,Voting_Prediction,Voting_Pred_Prob,RandomForest_Prediction,RandomForest_Pred_Prob,AdaBoost_Prediction,AdaBoost_Pred_Prob,selectedEnsemble,PredictedEnsemble,DSE_Prediction,DSE_Pred_Prob
1,4,49,0,1,True,False,0.48367467795790703,True,1.0,True,0.9125180696345676,Voting,Voting,False,0.48367467795790703
3,0,3,0,1,False,False,0.1251886293235618,False,0.0,False,0.07535333475315026,Voting,Voting,False,0.1251886293235618
78,8,49,0,1,False,False,0.2874217083789102,False,0.2882936507936508,False,0.4899345353331736,Voting,Voting,False,0.2874217083789102
1,4,17,0,1,False,False,0.1439994723603786,False,0.0,False,0.050616964343478635,Voting,Voting,False,0.1439994723603786
253,8,23,0,1,False,True,0.5053570997186663,False,0.0,False,0.014266919254315731,Voting,Voting,True,0.5053570997186663
26,0,134,0,1,False,False,0.16353233736684233,False,0.0,False,0.1066865389121802,Voting,Voting,False,0.16353233736684233
0,5,234,1,3,True,False,0.2314829171065781,False,0.1,False,0.15745915079411515,Voting,Voting,False,0.2314829171065781
274,1,459,0,3,False,True,0.6090739357086985,False,0.16666666666666666,False,0.28162406311122284,Voting,Voting,True,0.6090739357086985
3,7,55,0,2,False,False,0.1821977216919249,False,0.1,False,0.0682202448829307,Voting,Voting,False,0.1821977216919249
78,8,49,0,1,False,False,0.2874217083789102,False,0.2882936507936508,False,0.4899345353331736,Voting,Voting,False,0.2874217083789102
1,1,16,0,1,False,False,0.13043572769783593,False,0.0,False,0.03621095980500919,Voting,Voting,False,0.13043572769783593
8,15,364,0,8,False,True,0.7886407430441751,True,1.0,True,0.8695789257108884,Voting,Voting,True,0.7886407430441751
221,5,333,3,7,False,True,0.8669511303449458,True,0.7,True,0.5436689816553256,Voting,Voting,True,0.8669511303449458
1,2,17,0,1,False,False,0.1347359101468131,False,0.0,False,0.021606199515186605,Voting,Voting,False,0.1347359101468131
126,23,771,5,9,True,True,0.6109128278748938,True,0.8,True,0.5638429009343441,Voting,Voting,True,0.6109128278748938
3,9,261,1,4,False,True,0.631328880262001,True,0.7,False,0.45423291756552503,AdaBoost,Voting,True,0.631328880262001
1,4,69,0,7,False,False,0.19015853881241396,False,0.1,False,0.30564851303234075,Voting,Voting,False,0.19015853881241396
6,22,413,1,6,True,True,0.5567315153900447,False,0.1,False,0.14748238432128832,Voting,RandomForest,False,0.32836575769502235
0,2,1,0,1,False,False,0.13155904152610373,False,0.0,False,0.05281629611278918,Voting,Voting,False,0.13155904152610373
1,1,32,0,2,False,False,0.14369252651591646,False,0.0,False,0.04737096793695735,Voting,Voting,False,0.14369252651591646
3,7,55,0,2,False,False,0.1821977216919249,False,0.1,False,0.0682202448829307,Voting,Voting,False,0.1821977216919249
21,3,174,0,19,False,False,0.17700256266242426,False,0.05,False,0.15702406078018527,Voting,Voting,False,0.17700256266242426
10,5,5,0,1,False,False,0.15071233511506255,False,0.0,False,0.150478662319343,Voting,Voting,False,0.15071233511506255
0,3,78,0,3,False,False,0.1729332669599487,False,0.0,False,0.0275774542340186,Voting,Voting,False,0.1729332669599487
16,2,112,1,2,False,False,0.16081812533429046,False,0.0,False,0.09407258554911832,Voting,Voting,False,0.16081812533429046
9,0,91,5,1,False,False,0.11816937834508735,False,0.0,False,0.07735492307790551,Voting,Voting,False,0.11816937834508735
68,15,365,7,4,False,False,0.4291002258490681,False,0.3,False,0.1393888981017983,Voting,Voting,False,0.4291002258490681
1,11,243,1,4,False,False,0.3101068776016622,False,0.4,False,0.38933058447479824,Voting,Voting,False,0.3101068776016622
6,1,79,5,1,False,False,0.11734307161019375,False,0.0,False,0.08305079456842028,Voting,Voting,False,0.11734307161019375
21,1,109,1,7,False,False,0.3500215200072609,False,0.31666666666666665,False,0.4968422281999938,Voting,Voting,False,0.3500215200072609
0,0,7,0,0,False,False,0.4483786277713282,True,1.0,True,0.8121893644970007,Voting,Voting,False,0.4483786277713282
1,0,2,0,1,False,False,0.12428720462111582,False,0.0,False,0.05443535882112769,Voting,Voting,False,0.12428720462111582
91,7,54,0,1,False,False,0.2255553630274505,False,0.0,False,0.08528513600837699,Voting,Voting,False,0.2255553630274505
0,4,254,1,3,True,False,0.23490745357211185,False,0.1,False,0.11265768040621382,Voting,Voting,False,0.23490745357211185
55,5,11,0,1,False,True,0.5090045177345327,True,0.9,True,0.803469753239771,Voting,Voting,True,0.5090045177345327
11,5,39,2,1,False,False,0.13357684810806286,False,0.28,False,0.22361513272742525,Voting,Voting,False,0.13357684810806286
78,8,49,0,1,False,False,0.2874217083789102,False,0.2882936507936508,False,0.4899345353331736,Voting,Voting,False,0.2874217083789102
1,4,17,0,1,False,False,0.1439994723603786,False,0.0,False,0.050616964343478635,Voting,Voting,False,0.1439994723603786
16,15,354,5,4,False,False,0.41569826400799936,False,0.1,False,0.14703987390205311,Voting,Voting,False,0.41569826400799936
1,4,17,0,1,False,False,0.1439994723603786,False,0.0,False,0.050616964343478635,Voting,Voting,False,0.1439994723603786
10,16,495,3,3,False,True,0.8379995030307159,True,0.8,True,0.771009824955941,Voting,Voting,True,0.8379995030307159
1,0,45,0,4,False,False,0.1596522250491554,False,0.0,False,0.07043783748301903,Voting,Voting,False,0.1596522250491554
182,31,495,4,2,False,True,0.619270207751305,False,0.1,False,0.12156257524415792,Voting,Voting,True,0.619270207751305
8,0,26,0,1,False,False,0.13110456074940666,False,0.0,False,0.041583121500559705,Voting,Voting,False,0.13110456074940666
0,14,402,0,17,False,False,0.2541105097434677,False,0.0,False,0.1278344293101937,Voting,Voting,False,0.2541105097434677
1,4,29,0,1,False,False,0.4796274803213221,False,0.4,False,0.14072576084292746,Voting,Voting,False,0.4796274803213221
1,3,26,1,0,False,False,0.11679980601731975,False,0.0,False,0.08232926740851061,Voting,Voting,False,0.11679980601731975
78,8,49,0,1,False,False,0.2874217083789102,False,0.2882936507936508,False,0.4899345353331736,Voting,Voting,False,0.2874217083789102
0,0,23,0,1,False,False,0.12749849581658187,False,0.0,False,0.0458034761444988,Voting,Voting,False,0.12749849581658187
3,7,54,0,2,False,False,0.18195794000762647,False,0.1,False,0.07784152416276598,Voting,Voting,False,0.18195794000762647
78,9,57,0,1,False,False,0.23082144216585865,False,0.2,False,0.18878514188439768,Voting,Voting,False,0.23082144216585865
88,20,367,6,5,False,True,0.8253553142000517,False,0.3583333333333333,True,0.5163125661180185,RandomForest,Voting,True,0.8253553142000517
10,0,75,0,2,True,False,0.15253830329236004,False,0.0,False,0.08936158999621698,Voting,Voting,False,0.15253830329236004
78,8,49,0,1,False,False,0.2874217083789102,False,0.2882936507936508,False,0.4899345353331736,Voting,Voting,False,0.2874217083789102
0,0,77,0,0,False,False,0.1276259062645423,False,0.0,False,0.2257868727686417,Voting,Voting,False,0.1276259062645423
3,1,16,0,0,False,False,0.12134424459911447,False,0.0,False,0.0977339462544076,Voting,Voting,False,0.12134424459911447
21,7,73,0,2,False,False,0.19543162524724192,False,0.1,False,0.1455239842868828,Voting,Voting,False,0.19543162524724192
260,4,443,3,8,False,True,0.9118179647961584,True,0.7,True,0.8071117814233759,Voting,Voting,True,0.9118179647961584
3,7,67,0,3,False,False,0.19672978322576432,False,0.1,False,0.22197396121563398,Voting,Voting,False,0.19672978322576432
4,9,223,0,5,False,False,0.29283328586975377,False,0.1,False,0.3836468730817347,Voting,Voting,False,0.29283328586975377
3,7,63,0,2,False,False,0.1841502563515328,False,0.2,False,0.17717974143285845,Voting,Voting,False,0.1841502563515328
55,5,11,0,1,False,True,0.5090045177345327,True,0.9,True,0.803469753239771,Voting,Voting,True,0.5090045177345327
0,0,38,0,0,True,False,0.12028347927225976,False,0.0,False,0.2762412544374418,Voting,Voting,False,0.12028347927225976
31,0,64,0,1,False,False,0.14899585790841646,False,0.0,False,0.11569974879489227,Voting,Voting,False,0.14899585790841646
11,1,129,6,3,True,False,0.17893850344890885,False,0.0,False,0.09730100385730718,Voting,Voting,False,0.17893850344890885
95,5,235,3,7,False,False,0.3182736732996853,False,0.2,False,0.3123102469989888,Voting,Voting,False,0.3182736732996853
78,8,49,0,1,False,False,0.2490954141738425,False,0.1515079365079365,False,0.4847263157135671,Voting,Voting,False,0.2490954141738425
3,6,46,0,1,False,False,0.17040865424988794,False,0.1,False,0.16958604604784805,Voting,Voting,False,0.17040865424988794
9,13,366,4,4,False,True,0.6289981268925243,True,0.6,True,0.5251353086547902,Voting,Voting,True,0.6289981268925243
51,17,350,1,3,True,True,0.8071950632789627,True,1.0,True,0.8559736833206958,Voting,Voting,True,0.8071950632789627
492,6,441,2,7,True,True,0.7939630717548513,False,0.37,True,0.5015233901984921,Voting,Voting,True,0.7939630717548513
0,0,164,0,13,True,False,0.140745363311068,False,0.05,False,0.0977206366268394,Voting,Voting,False,0.140745363311068
276,13,189,0,1,False,True,0.5280779169626156,False,0.0,False,0.04861779449724422,Voting,Voting,True,0.5280779169626156
0,5,68,1,3,False,False,0.1988337629683184,False,0.2,False,0.2663533257824518,Voting,Voting,False,0.1988337629683184
1,4,30,0,2,False,False,0.17309566344244046,False,0.0,False,0.08446409902748585,Voting,Voting,False,0.17309566344244046
11,1,141,7,3,False,False,0.2895267526157104,False,0.0,False,0.15225606900373195,Voting,Voting,False,0.2895267526157104
3,7,52,0,2,False,False,0.18410411593261808,False,0.0,False,0.05335864199269735,Voting,Voting,False,0.18410411593261808
1,4,76,0,5,False,False,0.2035006897446525,False,0.0,False,0.2314457824051985,Voting,Voting,False,0.2035006897446525
10,1,5,0,1,False,False,0.15859950733919634,False,0.0,False,0.055372332626525286,Voting,Voting,False,0.15859950733919634
78,9,81,0,1,True,False,0.21862336879299668,False,0.1,False,0.12971802263215554,Voting,Voting,False,0.21862336879299668
2,7,91,1,1,False,False,0.19047065381326173,False,0.06666666666666668,False,0.2484887180304577,Voting,Voting,False,0.19047065381326173
3,7,103,0,5,False,False,0.2204495583843189,False,0.0,False,0.13295650015865554,Voting,Voting,False,0.2204495583843189
6,3,4,0,1,False,False,0.1552151076532223,False,0.0,False,0.048276951833659064,Voting,Voting,False,0.1552151076532223
1,8,59,0,1,False,False,0.17696055958475854,False,0.0,False,0.06337138008372477,Voting,Voting,False,0.17696055958475854
0,5,94,0,1,False,False,0.19137154718909,False,0.0,False,0.09535575016338896,Voting,Voting,False,0.19137154718909
15,2,6,0,1,False,False,0.15888072341667256,False,0.0,False,0.06600727624903435,Voting,Voting,False,0.15888072341667256
10,2,5,0,1,False,False,0.15735763004955972,False,0.0,False,0.04451151229106761,Voting,Voting,False,0.15735763004955972
0,0,22,0,1,False,False,0.16471538884002604,False,0.0,False,0.05892057243874638,Voting,Voting,False,0.16471538884002604
11,1,81,2,3,False,False,0.21210779843858307,False,0.0,False,0.10770035222452592,Voting,Voting,False,0.21210779843858307
0,1,1,0,1,False,False,0.1550755884273176,False,0.0,False,0.01894140656376352,Voting,Voting,False,0.1550755884273176
3,0,90,0,6,False,False,0.2080301601133977,False,0.0,False,0.08458657121145961,Voting,Voting,False,0.2080301601133977
66,12,110,0,1,True,True,0.5696254971408434,True,0.8,True,0.8263693369020785,Voting,Voting,True,0.5696254971408434
36,10,77,0,1,False,False,0.1984617052218424,False,0.0,False,0.10691474355754887,Voting,Voting,False,0.1984617052218424
3,7,55,0,2,False,False,0.1854154663172808,False,0.0,False,0.05410993582425565,Voting,Voting,False,0.1854154663172808
457,6,454,2,7,False,True,0.7933482207334888,True,0.5833333333333333,True,0.5015642474613472,Voting,Voting,True,0.7933482207334888
4,0,90,0,1,False,False,0.19536459289712904,False,0.0,False,0.03322231158417841,Voting,Voting,False,0.19536459289712904
0,0,32,0,0,False,False,0.4931294595405815,True,0.7666666666666666,True,0.59565365955631,Voting,Voting,False,0.4931294595405815
6,0,104,0,5,False,False,0.22236237546152904,False,0.1,False,0.13376570126960854,Voting,Voting,False,0.22236237546152904
91,8,86,0,1,False,False,0.2275855744987855,False,0.24,False,0.2276577084498905,Voting,Voting,False,0.2275855744987855
40,0,119,0,7,False,False,0.3903258105473433,True,0.6,False,0.4968553888046285,Voting,Voting,False,0.3903258105473433
78,9,81,0,1,True,False,0.21862336879299668,False,0.1,False,0.12971802263215554,Voting,Voting,False,0.21862336879299668
18,7,253,0,5,False,False,0.4912742515988204,True,0.9,True,0.5589304033387179,Voting,Voting,False,0.4912742515988204
0,7,168,1,3,False,False,0.2567344124262808,False,0.1,False,0.15167301869114938,Voting,Voting,False,0.2567344124262808
3,0,35,0,1,False,False,0.17059865742896782,False,0.1,False,0.0956661172622104,Voting,Voting,False,0.17059865742896782
6,3,22,0,1,False,False,0.1621079290632403,False,0.1,False,0.08540558272296066,Voting,Voting,False,0.1621079290632403
13,13,226,1,1,False,False,0.29434878141387605,False,0.0,False,0.03007277883564638,Voting,Voting,False,0.29434878141387605
7,17,216,0,5,False,False,0.3515907434552412,False,0.1,False,0.1304233570302139,Voting,Voting,False,0.3515907434552412
36,1,342,0,4,False,False,0.4031989330717021,False,0.0,False,0.0895385023680749,Voting,Voting,False,0.4031989330717021
383,34,684,8,6,True,True,0.9535746331184406,True,0.8,True,0.6883220917174756,Voting,Voting,True,0.9535746331184406
2,10,262,1,6,True,True,0.6687012071047378,True,0.8,True,0.7281729004700759,Voting,Voting,True,0.6687012071047378
21,11,80,0,1,False,False,0.19747764792410807,False,0.0,False,0.06102255537444015,Voting,Voting,False,0.19747764792410807
55,2,11,0,1,True,True,0.5068321996662571,True,0.9333333333333332,True,0.9029566799524902,Voting,Voting,True,0.5068321996662571
11,6,169,0,5,False,False,0.25964216953303515,False,0.0,False,0.07378796871643807,Voting,Voting,False,0.25964216953303515
20,21,252,5,5,False,False,0.4213911968205353,False,0.0,False,0.09803522044515804,Voting,Voting,False,0.4213911968205353
78,8,49,0,1,False,False,0.2490954141738425,False,0.1515079365079365,False,0.4847263157135671,Voting,Voting,False,0.2490954141738425
1,3,91,0,5,False,False,0.21099516249287287,False,0.0,False,0.1059100521144934,Voting,Voting,False,0.21099516249287287
6,5,38,0,1,False,False,0.1676336890410398,False,0.0,False,0.1102874273057167,Voting,Voting,False,0.1676336890410398
3,1,16,0,0,False,False,0.152410260261669,False,0.0,False,0.1172367597119173,Voting,Voting,False,0.152410260261669
0,10,234,2,4,False,False,0.3261207205984452,False,0.0,False,0.2409674106010166,Voting,Voting,False,0.3261207205984452
76,2,171,2,7,False,True,0.6135115634621867,True,0.5974999999999999,True,0.5689445066310611,Voting,Voting,True,0.6135115634621867
2,0,99,0,5,False,False,0.2188102999640032,False,0.0,False,0.10114626063516016,Voting,Voting,False,0.2188102999640032
6,0,17,0,1,False,False,0.1639387708935289,False,0.0,False,0.031720249481625835,Voting,Voting,False,0.1639387708935289
1,2,2,0,1,False,False,0.15440650902330866,False,0.0,False,0.054779040086561655,Voting,Voting,False,0.15440650902330866
2,12,179,3,4,False,False,0.3038146192011861,False,0.1,False,0.4060722834221924,Voting,Voting,False,0.3038146192011861
37,1,109,1,7,False,False,0.2171127182234636,False,0.1,False,0.13308805686439815,Voting,Voting,False,0.2171127182234636
18,19,360,0,6,False,False,0.4768989921814552,False,0.1,False,0.17578227156852794,Voting,Voting,False,0.4768989921814552
78,8,49,0,1,False,False,0.2490954141738425,False,0.1515079365079365,False,0.4847263157135671,Voting,Voting,False,0.2490954141738425
1,4,17,0,1,False,False,0.15854483108985432,False,0.0,False,0.03823068288252728,Voting,Voting,False,0.15854483108985432
1,3,11,0,1,False,False,0.15685748647451472,False,0.0,False,0.0631400668847943,Voting,Voting,False,0.15685748647451472
0,1,1,0,1,False,False,0.1550755884273176,False,0.0,False,0.01894140656376352,Voting,Voting,False,0.1550755884273176
7,12,302,1,2,False,False,0.3690610868329039,False,0.3,False,0.4181322252212508,Voting,Voting,False,0.3690610868329039
0,1,1,0,1,False,False,0.1550755884273176,False,0.0,False,0.01894140656376352,Voting,Voting,False,0.1550755884273176
61,8,214,0,5,False,False,0.3172236508551227,False,0.4333333333333334,False,0.2957375470348793,Voting,Voting,False,0.3172236508551227
0,0,140,0,2,False,False,0.2061757962822965,False,0.0,False,0.030058349114709983,Voting,Voting,False,0.2061757962822965
91,7,54,0,1,False,False,0.20871502702416844,False,0.0,False,0.056233742624494036,Voting,Voting,False,0.20871502702416844
14,1,46,1,1,False,False,0.15336833656118676,False,0.0,False,0.05451777601773712,Voting,Voting,False,0.15336833656118676
88,2,163,2,7,False,False,0.4353795603326128,True,0.55,False,0.4979925430729714,Voting,Voting,False,0.4353795603326128
21,2,7,0,1,False,False,0.14866623108442192,False,0.0,False,0.10577164192358196,Voting,Voting,False,0.14866623108442192
78,8,49,0,1,False,False,0.2014333909406875,False,0.0,False,0.0473699616191698,Voting,Voting,False,0.2014333909406875
1,4,17,0,1,False,False,0.149488267571491,False,0.0,False,0.06764210645902033,Voting,Voting,False,0.149488267571491
3,6,48,0,1,False,False,0.16499808289389006,True,0.65,False,0.23224915303145305,Voting,Voting,False,0.16499808289389006
0,0,13,0,0,True,False,0.13556710571244915,False,0.0,False,0.013334202356249577,Voting,Voting,False,0.13556710571244915
115,31,798,8,13,True,True,0.6093935414196608,False,0.1,False,0.14173502688355166,Voting,Voting,True,0.6093935414196608
0,4,43,0,1,False,False,0.15867705341091298,False,0.3,False,0.3505660044004434,Voting,Voting,False,0.15867705341091298
24,1,343,1,22,False,False,0.1800587137852616,False,0.1,False,0.1698648637587739,Voting,Voting,False,0.1800587137852616
28,1,8,0,1,False,False,0.15029844458600627,False,0.0,False,0.09837685409063887,Voting,Voting,False,0.15029844458600627
0,0,11,0,0,False,False,0.1349083641563398,False,0.0,False,0.0150258641891056,Voting,Voting,False,0.1349083641563398
78,9,57,0,1,False,False,0.20877145148015228,False,0.07857142857142857,False,0.22205942811977705,Voting,Voting,False,0.20877145148015228
28,10,83,0,3,True,False,0.22443085258753456,False,0.0,False,0.14266348970594506,Voting,Voting,False,0.22443085258753456
21,2,7,0,1,False,False,0.14866623108442192,False,0.0,False,0.10577164192358196,Voting,Voting,False,0.14866623108442192
6,1,4,0,1,False,False,0.1429769764619419,False,0.0,False,0.14717768418217705,Voting,Voting,False,0.1429769764619419
15,8,83,0,2,False,False,0.19988383195546355,False,0.0,False,0.08223592070191196,Voting,Voting,False,0.19988383195546355
1,1,15,0,1,False,False,0.14559703713520258,False,0.0,False,0.04444192068600383,Voting,Voting,False,0.14559703713520258
26,5,200,2,3,False,False,0.2609996727696225,False,0.0,False,0.08889925010286014,Voting,Voting,False,0.2609996727696225
37,10,447,2,9,False,False,0.44722025520364345,False,0.0,False,0.13408388736532836,Voting,Voting,False,0.44722025520364345
15,9,60,0,1,False,False,0.18149012040302484,False,0.0,False,0.09385529651656267,Voting,Voting,False,0.18149012040302484
0,15,178,3,9,False,True,0.6010759681495123,True,0.8,True,0.7613406358058271,Voting,Voting,True,0.6010759681495123
3,6,21,0,1,False,False,0.15496254810048848,False,0.4,False,0.4020835859016497,Voting,Voting,False,0.15496254810048848
2,10,153,1,3,False,False,0.25043117511151897,False,0.0,False,0.19081397896700766,Voting,Voting,False,0.25043117511151897
51,1,169,0,7,False,True,0.581390427032735,False,0.35,False,0.45022286520158944,Voting,Voting,True,0.581390427032735
10,1,89,0,3,False,False,0.19429391499524384,False,0.0,False,0.12216549514220465,Voting,Voting,False,0.19429391499524384
2,10,118,1,1,False,False,0.20271637685910185,False,0.25,False,0.17149305169146314,Voting,Voting,False,0.20271637685910185
13,20,274,1,2,False,False,0.4233331798062559,False,0.3,False,0.34237579840209964,Voting,Voting,False,0.4233331798062559
78,8,49,0,1,True,False,0.2014333909406875,False,0.0,False,0.0473699616191698,Voting,Voting,False,0.2014333909406875
0,0,23,0,1,False,False,0.1476231831040433,False,0.0,False,0.011115834179178129,Voting,Voting,False,0.1476231831040433
83,1,129,1,7,False,False,0.24431293794067105,False,0.4,False,0.21799887695563414,Voting,Voting,False,0.24431293794067105
13,21,157,0,4,False,False,0.3844796377499963,False,0.0,False,0.08993993772887925,Voting,Voting,False,0.3844796377499963
1,4,81,0,2,False,False,0.18412569599426665,False,0.1,False,0.2946473757052687,Voting,Voting,False,0.18412569599426665
0,20,274,1,5,True,False,0.4415611995178106,False,0.0,False,0.07544172508084665,Voting,Voting,False,0.2759757496986316
10,1,56,0,1,False,False,0.16266022174235684,False,0.3,True,0.5154171387574493,Voting,Voting,False,0.16266022174235684
270,5,509,3,4,False,True,0.611169240606817,False,0.1,False,0.08553337516522458,Voting,Voting,True,0.611169240606817
1,4,17,0,1,False,False,0.149488267571491,False,0.0,False,0.06764210645902033,Voting,Voting,False,0.149488267571491
4,10,223,0,3,False,False,0.29723337399792377,False,0.0,False,0.10305458545072338,Voting,Voting,False,0.29723337399792377
17,0,150,0,3,False,False,0.22549804468246035,False,0.0,False,0.10635544996508654,Voting,Voting,False,0.22549804468246035
1,4,17,0,1,False,False,0.149488267571491,False,0.0,False,0.06764210645902033,Voting,Voting,False,0.149488267571491
36,9,207,0,7,False,False,0.28948152964294555,False,0.1,False,0.05081962127486242,Voting,Voting,False,0.28948152964294555
28,2,8,0,1,False,False,0.15110380210166632,False,0.0,False,0.09860067163049914,Voting,Voting,False,0.15110380210166632
3,7,63,0,3,False,False,0.1938278233396688,False,0.0,False,0.0709589982954333,Voting,Voting,False,0.1938278233396688
1,7,110,0,1,False,False,0.1928454001535883,False,0.0,False,0.14510204147155345,Voting,Voting,False,0.1928454001535883
0,23,291,1,5,True,False,0.4795838750007112,False,0.0,False,0.12146861270144095,Voting,Voting,False,0.3452906516384849
147,14,596,3,8,True,True,0.9362656338121352,True,0.8,True,0.8339973835280192,Voting,Voting,True,0.9362656338121352
1,4,17,0,1,False,False,0.149488267571491,False,0.0,False,0.06764210645902033,Voting,Voting,False,0.149488267571491
3,7,93,0,4,False,False,0.21373058168836528,False,0.0,False,0.0446425614925906,Voting,Voting,False,0.21373058168836528
4,4,128,2,2,False,False,0.1979025307510484,False,0.1,False,0.08943860746077129,Voting,Voting,False,0.1979025307510484
10,1,5,0,1,False,False,0.1442686483323726,False,0.0,False,0.10575107185546163,Voting,Voting,False,0.1442686483323726
41,13,221,6,5,False,False,0.3580660802107131,False,0.0,False,0.0240465097855382,Voting,Voting,False,0.3580660802107131
253,8,23,0,1,False,False,0.4452293066965141,False,0.0,False,0.039480725282049656,Voting,Voting,False,0.4452293066965141
4,8,300,2,5,True,True,0.6854602031777911,True,0.7,True,0.6915063746929576,Voting,Voting,True,0.6854602031777911
1,7,46,0,1,False,False,0.16617767504312744,False,0.0,False,0.05623142232716342,Voting,Voting,False,0.16617767504312744
344,11,564,1,5,True,True,0.6391056647593636,False,0.0,False,0.06086436848145984,Voting,Voting,True,0.6391056647593636
0,3,75,1,4,False,False,0.1898243907471273,False,0.0,False,0.11652039011919114,Voting,Voting,False,0.1898243907471273
15,0,385,0,47,False,False,0.16602325527241865,False,0.0,False,0.1505984396153705,Voting,Voting,False,0.16602325527241865
10,8,135,0,1,False,False,0.20998495190657915,False,0.0,False,0.052486892926904484,Voting,Voting,False,0.20998495190657915
11,1,105,4,3,False,False,0.19707939653092307,False,0.0,False,0.05834476390156682,Voting,Voting,False,0.19707939653092307
78,9,65,0,1,False,False,0.21230462277735399,False,0.07857142857142857,False,0.3021097270695152,Voting,Voting,False,0.21230462277735399
2,11,247,1,8,True,True,0.6332508215503995,True,0.9,True,0.5856756746994,Voting,Voting,True,0.6332508215503995
4,17,221,1,4,False,False,0.3707161324107196,False,0.1,False,0.07713502694434109,Voting,Voting,False,0.3707161324107196
118,3,264,1,7,False,True,0.5949645623015324,False,0.3666666666666667,True,0.5026417163003992,RandomForest,Voting,True,0.5378900883928159
6,6,148,3,3,False,False,0.2364754197186964,False,0.1,False,0.4102514230903904,Voting,Voting,False,0.2364754197186964
1,7,35,0,1,False,False,0.16985148888484633,False,0.2,False,0.06728542055710926,Voting,Voting,False,0.16985148888484633
1,4,49,0,1,True,True,0.5021595873310432,True,1.0,True,0.9247317728527281,Voting,Voting,True,0.5021595873310432
3,7,103,0,6,False,False,0.2299267636755269,False,0.1,False,0.22071880495631896,Voting,Voting,False,0.2299267636755269
253,10,23,0,1,False,False,0.45237735896160797,False,0.0,False,0.06718148228904915,Voting,Voting,False,0.45237735896160797
3,2,3,0,1,False,False,0.15438759106105987,False,0.0,False,0.1478313778572809,Voting,Voting,False,0.15438759106105987
6,1,4,0,1,False,False,0.1548877583985385,False,0.0,False,0.08587825270689416,Voting,Voting,False,0.1548877583985385
1,1,2,0,1,False,False,0.1532606182941524,False,0.0,False,0.013727945571689135,Voting,Voting,False,0.1532606182941524
167,25,464,7,4,True,True,0.877689215525269,True,0.7,True,0.6181159831794536,Voting,Voting,True,0.877689215525269
11,1,105,4,3,False,False,0.21318142675088847,False,0.0,False,0.0528234286376719,Voting,Voting,False,0.21318142675088847
28,2,8,0,1,False,False,0.16240331300051072,False,0.0,False,0.10984023990492284,Voting,Voting,False,0.16240331300051072
63,1,152,1,7,False,False,0.4273812709266809,True,0.6380952380952382,False,0.4979997339808438,Voting,Voting,False,0.4273812709266809
73,16,309,7,7,False,False,0.4401143867861279,False,0.0,False,0.3004490359090868,Voting,Voting,False,0.4401143867861279
2,13,163,1,1,False,False,0.24285886637302026,False,0.0,False,0.10871629886940397,Voting,Voting,False,0.24285886637302026
3,7,52,0,2,False,False,0.1880596238062993,False,0.0,False,0.07432393307441817,Voting,Voting,False,0.1880596238062993
6,0,4,0,1,False,False,0.15474091753578365,False,0.0,False,0.05640733213715975,Voting,Voting,False,0.15474091753578365
11,1,117,5,3,False,False,0.2238743382400192,False,0.0,False,0.17551697954024148,Voting,Voting,False,0.2238743382400192
36,1,122,1,7,False,True,0.5652519739947951,True,0.7,False,0.4954684800683746,AdaBoost,AdaBoost,False,0.4954684800683746
31,7,285,0,7,False,False,0.3346491947040267,False,0.175,False,0.10026687746858076,Voting,Voting,False,0.3346491947040267
126,19,264,8,4,False,False,0.4526969721200435,False,0.5,False,0.3595468590374541,Voting,Voting,False,0.4526969721200435
1,8,56,0,1,False,False,0.17886500300954652,False,0.0,False,0.10008539466105976,Voting,Voting,False,0.17886500300954652
117,8,221,0,7,False,False,0.3668710943422094,False,0.42,False,0.28089149035891403,Voting,Voting,False,0.3668710943422094
0,4,115,0,4,False,False,0.22212744857072106,False,0.2,False,0.3080251258881445,Voting,Voting,False,0.22212744857072106
8,8,220,1,4,False,False,0.29027495446360635,False,0.0,False,0.05971864783767763,Voting,Voting,False,0.29027495446360635
3,1,3,0,1,True,False,0.2872850088472858,False,0.15595238095238093,False,0.4885630061233491,Voting,Voting,False,0.2872850088472858
9,1,79,1,1,False,False,0.1740430680436521,False,0.0,False,0.06499894901862559,Voting,Voting,False,0.1740430680436521
6,1,91,6,1,False,False,0.1842973778807024,False,0.0,False,0.043958582304124375,Voting,Voting,False,0.1842973778807024
7,1,41,1,1,False,False,0.16165735659153194,False,0.0,False,0.15079427300673906,Voting,Voting,False,0.16165735659153194
1,1,9,0,1,False,False,0.1551133711561894,False,0.0,False,0.07508540849978693,Voting,Voting,False,0.1551133711561894
3,7,72,0,3,False,False,0.205851619720081,False,0.0,False,0.08287420168543214,Voting,Voting,False,0.205851619720081
2,10,202,1,7,True,False,0.28834861462807765,True,0.9,True,0.6004234170590111,Voting,Voting,False,0.28834861462807765
0,0,45,0,3,False,False,0.1858667344055247,False,0.0,False,0.041561673301545934,Voting,Voting,False,0.1858667344055247
0,0,35,0,1,False,False,0.16202061966121747,False,0.0,False,0.068861324039287,Voting,Voting,False,0.16202061966121747
0,0,28,0,1,False,False,0.16000406305519985,False,0.0,False,0.05883220227086085,Voting,Voting,False,0.16000406305519985
69,0,213,0,7,False,False,0.4637406327266294,True,0.6,True,0.501517250020691,Voting,Voting,False,0.4637406327266294
180,1,418,0,7,False,True,0.5477468949596744,False,0.2,False,0.1480854415283146,Voting,Voting,True,0.5477468949596744
6,4,205,0,1,False,False,0.23026506628400065,False,0.0,False,0.14810277261776675,Voting,Voting,False,0.23026506628400065
6,6,28,0,1,True,True,0.5001640691722461,True,1.0,True,0.7376833967516646,Voting,Voting,True,0.5001640691722461
282,3,348,3,7,True,True,0.9032346877341234,True,1.0,True,0.8954021415811291,Voting,Voting,True,0.9032346877341234
91,7,53,0,1,False,False,0.21480027603228896,False,0.0,False,0.09306517203762828,Voting,Voting,False,0.21480027603228896
0,0,1,0,1,False,False,0.15264557171529072,False,0.0,False,0.026943112062352836,Voting,Voting,False,0.15264557171529072
9,0,155,0,3,False,False,0.2302292657408745,False,0.0,False,0.16311475638421385,Voting,Voting,False,0.2302292657408745
108,36,368,6,3,False,True,0.8496426553664452,False,0.125,False,0.2631497770845461,Voting,Voting,True,0.8496426553664452
20,1,99,1,7,False,False,0.21610645407197,False,0.0,False,0.07358833836990758,Voting,Voting,False,0.21610645407197
78,9,81,0,1,False,True,0.5561796135868248,True,1.0,True,0.8808385041795641,Voting,Voting,True,0.5561796135868248
36,10,80,0,1,False,False,0.2044873305626385,False,0.175,False,0.09211296977030144,Voting,Voting,False,0.2044873305626385
15,7,46,0,1,False,False,0.17666750949514914,False,0.0,False,0.011283660612558337,Voting,Voting,False,0.17666750949514914
4,3,119,0,2,False,False,0.20453365495404885,False,0.0,False,0.1454004905750279,Voting,Voting,False,0.20453365495404885
1,3,11,0,1,False,False,0.15682201067910082,False,0.1,False,0.1428868066178879,Voting,Voting,False,0.15682201067910082
1,1,187,1,3,False,False,0.24260028015467003,False,0.0,False,0.18535235570006106,Voting,Voting,False,0.24260028015467003
253,7,23,0,1,False,False,0.4416538005916061,False,0.0,False,0.007634200871169549,Voting,Voting,False,0.4416538005916061
0,0,1,0,1,False,False,0.15264557171529072,False,0.0,False,0.026943112062352836,Voting,Voting,False,0.15264557171529072
0,4,115,0,4,False,False,0.22212744857072106,False,0.2,False,0.3080251258881445,Voting,Voting,False,0.22212744857072106
21,2,7,0,1,False,False,0.16001469072992688,False,0.0,False,0.10468666134167516,Voting,Voting,False,0.16001469072992688
1,1,2,0,1,False,False,0.1532606182941524,False,0.0,False,0.013727945571689135,Voting,Voting,False,0.1532606182941524
0,1,30,0,1,False,False,0.1607254914936611,False,0.0,False,0.06513020398502158,Voting,Voting,False,0.1607254914936611
15,2,6,0,1,False,False,0.15808502794651014,False,0.0,False,0.10567081359402712,Voting,Voting,False,0.15808502794651014
1,4,11,0,1,False,False,0.15786226267507744,False,0.0,False,0.08925904160184886,Voting,Voting,False,0.15786226267507744
0,0,45,0,3,False,False,0.1858667344055247,False,0.0,False,0.041561673301545934,Voting,Voting,False,0.1858667344055247
1,1,9,0,1,False,False,0.1551133711561894,False,0.0,False,0.07508540849978693,Voting,Voting,False,0.1551133711561894
7,1,41,1,1,False,False,0.16165735659153194,False,0.0,False,0.15079427300673906,Voting,Voting,False,0.16165735659153194
9,0,155,0,3,False,False,0.2302292657408745,False,0.0,False,0.16311475638421385,Voting,Voting,False,0.2302292657408745
108,36,368,6,3,True,True,0.8496426553664452,False,0.125,False,0.2631497770845461,Voting,Voting,True,0.8496426553664452
21,2,7,0,1,False,False,0.16001469072992688,False,0.0,False,0.10468666134167516,Voting,Voting,False,0.16001469072992688
1,1,2,0,1,False,False,0.1532606182941524,False,0.0,False,0.013727945571689135,Voting,Voting,False,0.1532606182941524
15,2,6,0,1,False,False,0.15808502794651014,False,0.0,False,0.10567081359402712,Voting,Voting,False,0.15808502794651014
0,0,35,0,1,False,False,0.15017978387856082,False,0.0,False,0.10935271219497768,Voting,Voting,False,0.15017978387856082
69,0,213,0,7,False,False,0.4554838612752686,True,0.5833333333333333,True,0.5048799684032095,Voting,Voting,False,0.4554838612752686
180,1,418,0,7,False,True,0.5728953854473727,False,0.0,False,0.0944653389453138,Voting,Voting,True,0.5728953854473727
28,1,8,0,1,False,False,0.15042499885248126,False,0.0,False,0.08354169543484961,Voting,Voting,False,0.15042499885248126
0,3,141,2,2,False,False,0.17426320111336402,False,0.2,False,0.045544834616491406,Voting,Voting,False,0.17426320111336402
6,1,91,6,1,False,False,0.12594504407956655,False,0.0,False,0.05962083108555832,Voting,Voting,False,0.12594504407956655
0,0,1,0,1,False,False,0.13876730590341546,False,0.0,False,0.027259585927226368,Voting,Voting,False,0.13876730590341546
282,3,348,3,7,True,True,0.9015280272693684,True,1.0,True,0.8492360556955248,Voting,Voting,True,0.9015280272693684
4,0,31,0,1,False,False,0.1498443093656282,False,0.0,False,0.15388728942798555,Voting,Voting,False,0.1498443093656282
6,6,28,0,1,True,False,0.4923582033052863,True,0.7,True,0.7607531071408852,Voting,Voting,False,0.4923582033052863
6,4,205,0,1,False,False,0.2341628858777375,False,0.0,False,0.10954765933566572,Voting,Voting,False,0.2341628858777375
1,4,11,0,1,False,False,0.147190507662238,False,0.0,False,0.13610023052198042,Voting,Voting,False,0.147190507662238
0,0,1,0,1,False,False,0.13876730590341546,False,0.0,False,0.027259585927226368,Voting,Voting,False,0.13876730590341546
300,7,25,0,1,False,True,0.5312800554981871,False,0.0,False,0.02769354173992414,Voting,Voting,True,0.5312800554981871
1,7,35,0,1,False,False,0.1630669900984719,False,0.0,False,0.05568480181771916,Voting,Voting,False,0.1630669900984719
448,5,261,3,7,False,True,0.5894830463735872,False,0.4318181818181818,False,0.4710238863738759,Voting,Voting,True,0.5894830463735872
118,3,264,1,7,False,True,0.5935863406075517,True,0.5333333333333333,True,0.5040207306044808,Voting,Voting,True,0.575046953753946
6,6,134,3,3,False,False,0.18059921602301984,False,0.0,False,0.12308821602151294,Voting,Voting,False,0.18059921602301984
4,17,221,1,4,False,False,0.364918125862214,False,0.0,False,0.0531573446552776,Voting,Voting,False,0.364918125862214
11,1,105,4,3,False,False,0.15344058944188796,False,0.03333333333333333,False,0.0955256797002476,Voting,Voting,False,0.15344058944188796
11,1,105,4,3,False,False,0.15344058944188796,False,0.03333333333333333,False,0.0955256797002476,Voting,Voting,False,0.15344058944188796
21,2,7,0,1,False,False,0.1487158808297844,False,0.0,False,0.1185205531543604,Voting,Voting,False,0.1487158808297844
300,10,25,0,1,False,True,0.5370712656916053,False,0.0,False,0.05806962113991247,Voting,Voting,True,0.5370712656916053
3,2,3,0,1,False,False,0.14197484965280352,False,0.05,False,0.1805069684529032,Voting,Voting,False,0.14197484965280352
1,2,203,1,3,False,False,0.23023527311403985,False,0.0,False,0.10159938392874596,Voting,Voting,False,0.23023527311403985
4,3,119,0,2,False,False,0.19696561808715987,False,0.0,False,0.07057311726486147,Voting,Voting,False,0.19696561808715987
15,7,46,0,1,False,False,0.17146892136527922,False,0.0,False,0.004581405463844103,Voting,Voting,False,0.17146892136527922
36,10,80,0,1,False,False,0.2061076485914572,False,0.0,False,0.12980379595948596,Voting,Voting,False,0.2061076485914572
20,1,99,1,7,False,False,0.18144580270451968,False,0.1,False,0.014129193173626013,Voting,Voting,False,0.18144580270451968
9,1,79,1,1,False,False,0.15264226293248062,False,0.1,False,0.12549606612977873,Voting,Voting,False,0.15264226293248062
155,25,489,7,4,True,True,0.8567560625675259,True,0.94,True,0.7579515431398668,Voting,Voting,True,0.8567560625675259
6,1,4,0,1,False,False,0.1420410198524892,False,0.0,False,0.12538842248189472,Voting,Voting,False,0.1420410198524892
3,1,3,0,1,True,False,0.2242447725658608,False,0.17694444444444446,False,0.491138656796685,Voting,Voting,False,0.2242447725658608
15,0,385,0,47,False,False,0.18538818732869566,False,0.1,False,0.13451310669090816,Voting,Voting,False,0.18538818732869566
28,2,8,0,1,False,False,0.15152930218620822,False,0.0,False,0.15678358389655506,Voting,Voting,False,0.15152930218620822
0,3,75,1,4,False,False,0.17218204702151282,False,0.0,False,0.08084672441011576,Voting,Voting,False,0.17218204702151282
344,11,543,1,5,False,True,0.9788825485726798,True,0.9,True,0.5727999231159246,Voting,Voting,True,0.9788825485726798
1,7,46,0,1,False,False,0.16717950939150036,False,0.0,False,0.07598156023334325,Voting,Voting,False,0.16717950939150036
4,8,299,1,5,True,True,0.669812673786955,True,1.0,True,0.8164777293007571,Voting,Voting,True,0.669812673786955
41,11,185,6,5,False,False,0.2654963589397447,False,0.0,False,0.06467384070105422,Voting,Voting,False,0.2654963589397447
10,1,5,0,1,False,False,0.14350062093895122,False,0.0,False,0.0735950545190307,Voting,Voting,False,0.14350062093895122
4,4,128,2,2,False,False,0.17134876114373676,False,0.0,False,0.0920886130306298,Voting,Voting,False,0.17134876114373676
36,9,207,0,7,False,False,0.29268234761865153,False,0.0,False,0.12281655940915374,Voting,Voting,False,0.29268234761865153
13,24,337,1,3,True,True,0.5264661906968388,False,0.2,False,0.15989251387568135,Voting,Voting,True,0.5264661906968388
17,0,150,0,3,False,False,0.22028833247739601,False,0.0,False,0.1439946573099505,Voting,Voting,False,0.22028833247739601
4,12,271,0,9,False,False,0.32301887386487776,False,0.3,False,0.19847173226338288,Voting,Voting,False,0.32301887386487776
252,5,505,3,4,False,True,0.6068593857402665,False,0.1,False,0.26786413556029226,Voting,Voting,True,0.6068593857402665
0,20,274,1,5,False,True,0.6696721595468481,False,0.4952380952380952,True,0.5002160777837517,RandomForest,Voting,True,0.6160001397595395
13,21,157,0,4,False,False,0.4003550833893111,False,0.1,False,0.08052561824985231,Voting,Voting,False,0.4003550833893111
83,1,129,1,7,False,False,0.23523370104233354,False,0.3,False,0.2396519799831449,Voting,Voting,False,0.23523370104233354
25,11,411,0,5,False,False,0.4802484618895074,False,0.3,False,0.18944788972113905,Voting,Voting,False,0.4802484618895074
0,0,23,0,1,False,False,0.14600367787850266,False,0.0,False,0.08454242505424793,Voting,Voting,False,0.14600367787850266
147,14,596,3,8,True,True,0.9405914877323248,True,1.0,True,0.8469165683240635,Voting,Voting,True,0.9405914877323248
0,23,291,1,5,False,True,0.6588990349840551,True,0.5166666666666666,True,0.5006309953877085,Voting,Voting,True,0.5980267120623833
1,7,125,0,1,False,False,0.2006912211528916,False,0.0,False,0.04746118474654784,Voting,Voting,False,0.2006912211528916
0,15,178,3,9,True,False,0.252711406871916,False,0.0,False,0.11128413211313692,Voting,Voting,False,0.252711406871916
21,10,71,0,1,False,False,0.19578380462845585,False,0.0,False,0.08856522139806326,Voting,Voting,False,0.19578380462845585
37,10,447,2,9,False,False,0.4595944876654247,False,0.0,False,0.12041910765469913,Voting,Voting,False,0.4595944876654247
15,2,6,0,1,False,False,0.14642410168387696,False,0.0,False,0.10499880682499167,Voting,Voting,False,0.14642410168387696
26,5,200,2,3,False,False,0.2309700218487364,False,0.1,False,0.09979491878335607,Voting,Voting,False,0.2309700218487364
1,1,15,0,1,False,False,0.1443237021572635,False,0.0,False,0.1078421215183456,Voting,Voting,False,0.1443237021572635
15,8,83,0,2,False,False,0.1993529834738441,False,0.1,False,0.16570094195066598,Voting,Voting,False,0.1993529834738441
28,10,83,0,3,False,False,0.3901884700780481,True,0.5716666666666667,False,0.4943699326861144,Voting,Voting,False,0.3901884700780481
24,1,331,1,22,False,False,0.17924995107529398,False,0.0,False,0.09880407131181414,Voting,Voting,False,0.17924995107529398
0,1,1,0,1,False,False,0.13950362471914166,False,0.0,False,0.0019742057559959517,Voting,Voting,False,0.13950362471914166
10,1,89,0,3,False,False,0.1892352704813972,False,0.0,False,0.11642904435082735,Voting,Voting,False,0.1892352704813972
115,31,823,8,13,False,True,0.9555905669807344,True,0.6,True,0.6942793694620069,Voting,Voting,True,0.9555905669807344
0,0,13,0,0,False,False,0.2902784901712311,True,0.5083333333333333,True,0.5032280242152551,Voting,Voting,False,0.2902784901712311
21,2,7,0,1,False,False,0.14110823792049748,False,0.0,False,0.049370701755077406,Voting,Voting,False,0.14110823792049748
88,2,163,2,7,False,False,0.4561180884605386,False,0.4416666666666666,False,0.4993470351093036,Voting,Voting,False,0.4561180884605386
14,1,46,1,1,False,False,0.14433171801677147,False,0.0,False,0.08872458107572143,Voting,Voting,False,0.14433171801677147
0,0,140,0,2,False,False,0.18933445578684127,False,0.0,False,0.018762369134427057,Voting,Voting,False,0.18933445578684127
0,12,155,0,2,False,False,0.2461590691661745,False,0.0,False,0.041632266466842656,Voting,Voting,False,0.2461590691661745
0,1,30,0,1,False,False,0.13983734439175136,False,0.0,False,0.09710641749145632,Voting,Voting,False,0.13983734439175136
21,11,80,0,1,False,False,0.1948496353453907,False,0.0,False,0.11127937993362666,Voting,Voting,False,0.1948496353453907
55,2,11,0,1,True,False,0.4894678414093656,True,1.0,True,0.8715135905624077,Voting,Voting,False,0.4894678414093656
11,6,169,0,5,False,False,0.2542350424531683,False,0.0,False,0.05316581774878571,Voting,Voting,False,0.2542350424531683
18,19,360,0,6,False,False,0.4968559872245148,False,0.1,False,0.14320753041447304,Voting,Voting,False,0.4968559872245148
37,1,109,1,7,False,False,0.2158721681055556,False,0.03333333333333333,False,0.11616794419724495,Voting,Voting,False,0.2158721681055556
1,2,2,0,1,False,False,0.13375441337959035,False,0.0,False,0.07737822321723575,Voting,Voting,False,0.13375441337959035
6,0,17,0,1,False,False,0.13616898888204462,False,0.0,False,0.12736405929111164,Voting,Voting,False,0.13616898888204462
17,0,128,0,5,False,False,0.21654748458549591,False,0.225,False,0.16832277522260716,Voting,Voting,False,0.21654748458549591
10,5,163,0,3,False,False,0.2293960213834864,False,0.0,False,0.12114925558365375,Voting,Voting,False,0.2293960213834864
61,1,154,1,7,False,True,0.5874109897602481,True,1.0,True,0.9876704687380244,Voting,Voting,True,0.5874109897602481
0,10,237,2,4,False,False,0.3168260010571254,False,0.1,False,0.08724819651871316,Voting,Voting,False,0.3168260010571254
3,1,16,0,0,False,False,0.12661985121824426,False,0.0,False,0.12969044079625036,Voting,Voting,False,0.12661985121824426
0,2,44,0,2,False,False,0.1570638438093412,False,0.1,False,0.06908347557599273,Voting,Voting,False,0.1570638438093412
6,0,104,0,5,False,False,0.20195456872811576,False,0.1,False,0.11572709075257938,Voting,Voting,False,0.20195456872811576
0,4,52,0,1,False,False,0.15259578855839914,True,0.6,False,0.1917443072821551,Voting,Voting,False,0.15259578855839914
406,34,736,8,6,True,True,0.9794690995903642,True,1.0,True,0.6464857552517139,Voting,Voting,True,0.9794690995903642
36,1,342,0,4,False,False,0.35724440684267783,False,0.1,False,0.10364178456248616,Voting,Voting,False,0.35724440684267783
7,17,216,0,5,False,False,0.3762301482298504,False,0.0,False,0.08184958573233563,Voting,Voting,False,0.3762301482298504
13,13,226,1,1,False,False,0.2775291745625457,False,0.0,False,0.0292536051101778,Voting,Voting,False,0.2775291745625457
6,3,22,0,1,False,False,0.14276946749743605,False,0.0,False,0.12152532360209653,Voting,Voting,False,0.14276946749743605
3,0,35,0,1,False,False,0.14061748985627634,False,0.0,False,0.1357599300050249,Voting,Voting,False,0.14061748985627634
0,7,168,1,3,False,False,0.2382864176681877,False,0.1,False,0.1314564902850919,Voting,Voting,False,0.2382864176681877
18,7,255,0,5,False,True,0.649061108236652,True,0.9,True,0.8224034535430108,Voting,Voting,True,0.649061108236652
4,3,97,0,2,False,False,0.17932200838424472,False,0.0,False,0.13254038699950946,Voting,Voting,False,0.17932200838424472
40,0,119,0,7,False,False,0.3871266191633183,True,0.6416666666666666,True,0.5036488934286448,Voting,Voting,False,0.3871266191633183
0,1,190,0,5,False,False,0.2447434402602444,False,0.1,False,0.11395180704872372,Voting,Voting,False,0.2447434402602444
6,5,38,0,1,False,False,0.15232316549275646,False,0.0,False,0.09013242105098214,Voting,Voting,False,0.15232316549275646
3,1,3,0,1,False,False,0.4291816584012547,True,0.7835714285714286,True,0.5113289542351106,Voting,Voting,False,0.4291816584012547
1,3,91,0,5,False,False,0.20189622324845427,False,0.0,False,0.08436919400444114,Voting,Voting,False,0.20189622324845427
457,6,454,2,7,False,True,0.8038483998886964,True,0.5666666666666667,True,0.5012230853429364,Voting,Voting,True,0.8038483998886964
28,9,65,0,1,False,False,0.18258421354344,False,0.0,False,0.1402817526622436,Voting,Voting,False,0.18258421354344
66,12,110,0,1,True,True,0.5715746431508674,True,1.0,True,0.8235568133464978,Voting,Voting,True,0.5715746431508674
3,0,90,0,6,False,False,0.19603554498839992,False,0.0,False,0.11369750782274413,Voting,Voting,False,0.19603554498839992
0,1,1,0,1,False,False,0.13155849130808173,False,0.0,False,0.02683961683954944,Voting,Voting,False,0.13155849130808173
11,1,81,2,3,False,False,0.18011616201960298,False,0.05,False,0.09698485476543572,Voting,Voting,False,0.18011616201960298
0,0,22,0,1,False,False,0.13599746508698946,False,0.0,False,0.07997081087273382,Voting,Voting,False,0.13599746508698946
15,2,6,0,1,False,False,0.13887545613161456,False,0.0,False,0.08615369603178402,Voting,Voting,False,0.13887545613161456
15,2,6,0,1,False,False,0.13887545613161456,False,0.0,False,0.08615369603178402,Voting,Voting,False,0.13887545613161456
0,5,94,0,1,False,False,0.1695629475411303,False,0.0,False,0.10098965728534966,Voting,Voting,False,0.1695629475411303
1,8,59,0,1,False,False,0.16719356601963414,False,0.0,False,0.06015691215573722,Voting,Voting,False,0.16719356601963414
8,9,219,1,4,False,False,0.29638283662016324,False,0.0,False,0.05602370351940414,Voting,Voting,False,0.29638283662016324
3,4,39,0,1,True,False,0.14929748151234487,False,0.0,False,0.12127390454030433,Voting,Voting,False,0.14929748151234487
53,2,211,0,7,False,False,0.28195284323656605,False,0.0,False,0.08903248711511938,Voting,Voting,False,0.28195284323656605
20,21,252,5,5,False,False,0.4392450107480334,False,0.0,False,0.11812796711085807,Voting,Voting,False,0.4392450107480334
4,0,90,0,1,False,False,0.15862740384542515,False,0.0,False,0.134301196207442,Voting,Voting,False,0.15862740384542515
10,1,5,0,1,False,False,0.13538887613687484,False,0.0,False,0.05531188453690202,Voting,Voting,False,0.13538887613687484
0,0,11,0,0,False,False,0.2897439582512457,False,0.37666666666666665,False,0.18856065367988667,Voting,Voting,False,0.2897439582512457
11,1,141,7,3,False,False,0.22086814492247286,False,0.03333333333333333,False,0.1680512541557743,Voting,Voting,False,0.22086814492247286
1,4,30,0,2,False,False,0.15743837835988192,False,0.0,False,0.06875545094839998,Voting,Voting,False,0.15743837835988192
325,13,204,0,1,False,True,0.5947897098794007,False,0.0,False,0.0791353516867668,Voting,Voting,True,0.5947897098794007
0,4,63,1,3,False,False,0.17820954422563848,False,0.0,False,0.16104703361788145,Voting,Voting,False,0.17820954422563848
0,0,164,0,13,False,False,0.3287126621119953,False,0.4966666666666667,False,0.4963058452317719,Voting,Voting,False,0.3287126621119953
492,6,441,2,7,False,True,0.9729518297600556,True,1.0,True,0.8946470914116456,Voting,Voting,True,0.9729518297600556
51,17,350,1,3,True,True,0.8056314609751114,True,0.9,True,0.8482369295630481,Voting,Voting,True,0.8056314609751114
11,1,129,6,3,False,False,0.3772640406055816,False,0.40166666666666667,False,0.498537401702699,Voting,Voting,False,0.3772640406055816
1,8,56,0,1,False,False,0.16616198287379916,False,0.0,False,0.13537255835479306,Voting,Voting,False,0.16616198287379916
10,16,495,3,3,True,True,0.5280236992135161,False,0.0,False,0.0741669648247011,Voting,Voting,True,0.5280236992135161
16,15,354,5,4,False,False,0.44426982102800144,False,0.2,False,0.1388698679689218,Voting,Voting,False,0.44426982102800144
21,3,174,0,19,False,False,0.12242128372445933,False,0.0,False,0.1590337045279464,Voting,Voting,False,0.12242128372445933
55,5,11,0,1,True,False,0.16248021987006064,False,0.2,False,0.1267364515124102,Voting,Voting,False,0.16248021987006064
24,13,448,1,5,True,True,0.5283825016781725,True,0.65,False,0.4727926361707036,Voting,Voting,True,0.5283825016781725
0,4,254,1,3,False,False,0.496139059690049,True,0.7483333333333333,True,0.5113993612415371,Voting,Voting,False,0.496139059690049
0,0,23,0,1,False,False,0.13764105407723784,False,0.0,False,0.026687555355146404,Voting,Voting,False,0.13764105407723784
66,5,12,0,1,False,False,0.1678033124314778,False,0.3,False,0.3151997710964403,Voting,Voting,False,0.1678033124314778
21,12,337,0,5,False,False,0.4239570252922016,False,0.05,False,0.35626524496286777,Voting,Voting,False,0.4239570252922016
260,4,443,3,8,True,True,0.5837184756346275,False,0.1,False,0.09153238849005046,Voting,Voting,True,0.5837184756346275
21,7,73,0,2,False,False,0.18870855050459304,False,0.1,False,0.1406773385359838,Voting,Voting,False,0.18870855050459304
15,2,84,0,1,False,False,0.16704623240226632,False,0.0,False,0.15254149234141334,Voting,Voting,False,0.16704623240226632
1,0,45,0,4,False,False,0.15926920308455628,False,0.05,False,0.07673708156264965,Voting,Voting,False,0.15926920308455628
182,31,495,4,2,False,True,0.6194535168341152,False,0.0,False,0.13126232088389694,Voting,Voting,True,0.6194535168341152
177,26,380,10,4,False,True,0.5152007275269261,False,0.2,False,0.3950949629240674,Voting,Voting,True,0.5152007275269261
31,7,297,0,7,False,False,0.3256214184512016,False,0.06666666666666668,False,0.11797223137090365,Voting,Voting,False,0.3256214184512016
11,1,117,5,3,False,False,0.2255825158435052,False,0.0,False,0.09711632787942603,Voting,Voting,False,0.2255825158435052
6,0,4,0,1,False,False,0.13299672902794654,False,0.0,False,0.08823232116835099,Voting,Voting,False,0.13299672902794654
60,14,312,6,7,False,False,0.4534374674355106,False,0.4,False,0.07647271565052867,Voting,Voting,False,0.4534374674355106
63,1,152,1,7,False,False,0.38306158787129,True,0.5083333333333333,True,0.5006229958080165,Voting,Voting,False,0.38306158787129
10,8,135,0,1,False,False,0.2092580078576738,False,0.0,False,0.06233204704860645,Voting,Voting,False,0.2092580078576738
31,0,64,0,1,False,False,0.1605760885004506,False,0.0,False,0.14670522805483135,Voting,Voting,False,0.1605760885004506
1,3,26,1,0,False,False,0.13040392658708788,False,0.1,False,0.09738434927815057,Voting,Voting,False,0.13040392658708788
0,14,402,0,17,False,False,0.22212871879949148,False,0.0,False,0.13014015767466694,Voting,Voting,False,0.22212871879949148
8,0,26,0,1,False,False,0.14048082716356716,False,0.0,False,0.12082765384475715,Voting,Voting,False,0.14048082716356716
3,1,16,0,0,False,False,0.13141402850886347,False,0.0,False,0.0876745661869608,Voting,Voting,False,0.13141402850886347
8,15,361,0,8,True,False,0.4448585369235218,False,0.0,False,0.09671527308649737,Voting,Voting,False,0.4448585369235218
1,0,2,0,1,False,False,0.13127050749028354,False,0.0,False,0.07474702285795562,Voting,Voting,False,0.13127050749028354
21,1,109,1,7,False,False,0.17520810053514546,False,0.0,False,0.10288770999555093,Voting,Voting,False,0.17520810053514546
6,1,79,5,1,False,False,0.17563005450286906,False,0.0,False,0.022660086714585824,Voting,Voting,False,0.17563005450286906
53,14,360,6,4,False,False,0.4860618464327652,True,0.6,False,0.11848993142696385,Voting,Voting,False,0.4860618464327652
9,0,91,5,1,False,False,0.18011506092854238,False,0.15,False,0.18006254070176353,Voting,Voting,False,0.18011506092854238
16,2,112,1,2,False,False,0.1805415209558853,False,0.0,False,0.13142881902841924,Voting,Voting,False,0.1805415209558853
0,3,78,0,3,False,False,0.1752198743251987,False,0.0,False,0.1368617678290417,Voting,Voting,False,0.1752198743251987
10,5,5,0,1,False,False,0.1453221110677747,False,0.0,False,0.04017451545794555,Voting,Voting,False,0.1453221110677747
51,5,183,0,3,False,False,0.2544808769835392,False,0.3,False,0.43442301924108,Voting,Voting,False,0.2544808769835392
4,7,111,0,3,False,False,0.20705071253157006,False,0.0,False,0.15948709396202196,Voting,Voting,False,0.20705071253157006
0,2,1,0,1,False,False,0.13408476100305336,False,0.0,False,0.019084476986455216,Voting,Voting,False,0.13408476100305336
6,22,413,1,6,False,True,0.7316312468272076,False,0.3766666666666666,False,0.49925810186465097,Voting,Voting,True,0.6008548225575345
3,7,187,0,4,False,False,0.2521809528018754,False,0.0,False,0.07282477561135492,Voting,Voting,False,0.2521809528018754
27,11,220,1,4,False,False,0.31756797897759304,False,0.0,False,0.08961787596470297,Voting,Voting,False,0.31756797897759304
26,0,134,0,1,False,False,0.18782060053615848,False,0.0,False,0.11328588848456506,Voting,Voting,False,0.18782060053615848
10,0,75,0,2,False,False,0.3873094999348456,True,0.6666666666666667,True,0.5091417708924522,Voting,Voting,False,0.3873094999348456
21,11,190,4,3,False,False,0.3160021321063127,False,0.0,False,0.060356504661970414,Voting,Voting,False,0.3160021321063127
107,21,765,5,9,False,True,0.6293991161275504,False,0.4,False,0.22408093176868848,Voting,Voting,True,0.6293991161275504
1,2,17,0,1,False,False,0.13934784644490755,False,0.0,False,0.0735263699095339,Voting,Voting,False,0.13934784644490755
143,3,309,2,7,False,True,0.761069993108728,True,1.0,True,0.8408047318805599,Voting,Voting,True,0.761069993108728
1,1,16,0,1,False,False,0.1371519163668908,False,0.0,False,0.056114988785364535,Voting,Voting,False,0.1371519163668908
2,6,57,1,1,True,False,0.15853773785010133,False,0.0,False,0.10876321365078473,Voting,Voting,False,0.15853773785010133
300,8,25,0,1,False,True,0.5074290343496982,False,0.0,False,0.048139279851457696,Voting,Voting,True,0.5074290343496982
3,0,3,0,1,False,False,0.1320111638223366,False,0.08181818181818183,False,0.08277796547628265,Voting,Voting,False,0.1320111638223366
0,7,298,1,6,False,True,0.6613974484789805,True,1.0,True,0.6644806969652672,Voting,Voting,True,0.6613974484789805
263,1,724,0,7,False,True,0.6468357125500551,False,0.0,False,0.16026978120838375,Voting,Voting,True,0.6468357125500551
15,3,6,0,1,False,False,0.14145716373083345,False,0.1,False,0.09469326502152264,Voting,Voting,False,0.14145716373083345
0,3,78,0,3,False,False,0.1752198743251987,False,0.0,False,0.1368617678290417,Voting,Voting,False,0.1752198743251987
16,2,112,1,2,False,False,0.1805415209558853,False,0.0,False,0.13142881902841924,Voting,Voting,False,0.1805415209558853
9,0,91,5,1,False,False,0.18011506092854238,False,0.15,False,0.18006254070176353,Voting,Voting,False,0.18011506092854238
51,14,361,6,5,False,False,0.483965855493345,False,0.5,False,0.2196324352734204,Voting,Voting,False,0.483965855493345
6,1,79,5,1,False,False,0.17563005450286906,False,0.0,False,0.022660086714585824,Voting,Voting,False,0.17563005450286906
42,3,204,0,19,False,False,0.13727162472707655,False,0.4,False,0.13419836439569022,Voting,Voting,False,0.13727162472707655
21,1,109,1,7,True,False,0.17520810053514546,False,0.0,False,0.10288770999555093,Voting,Voting,False,0.17520810053514546
3,7,186,0,4,False,False,0.2515627340649018,False,0.0,False,0.07280747247126178,Voting,Voting,False,0.2515627340649018
27,11,220,1,4,False,False,0.31756797897759304,False,0.0,False,0.08961787596470297,Voting,Voting,False,0.31756797897759304
26,0,134,0,1,False,False,0.18782060053615848,False,0.0,False,0.11328588848456506,Voting,Voting,False,0.18782060053615848
378,8,28,0,1,False,True,0.5480427941037878,False,0.1,False,0.10343811514630594,Voting,Voting,True,0.5480427941037878
10,5,5,0,1,False,False,0.1453221110677747,False,0.0,False,0.04017451545794555,Voting,Voting,False,0.1453221110677747
51,5,183,0,3,False,False,0.2544808769835392,False,0.3,False,0.43442301924108,Voting,Voting,False,0.2544808769835392
4,7,111,0,3,False,False,0.20705071253157006,False,0.0,False,0.15948709396202196,Voting,Voting,False,0.20705071253157006
0,7,168,1,3,False,False,0.25847080320391697,False,0.1,False,0.13832501392219096,Voting,Voting,False,0.25847080320391697
3,0,35,0,1,False,False,0.16473833286211206,False,0.0,False,0.09998740441488094,Voting,Voting,False,0.16473833286211206
6,3,22,0,1,False,False,0.16596981227891958,False,0.0,False,0.04602843592465115,Voting,Voting,False,0.16596981227891958
13,13,226,1,1,False,False,0.3287912407410752,False,0.0,False,0.05172849071997555,Voting,Voting,False,0.3287912407410752
7,17,216,0,5,False,False,0.4111846959604024,False,0.0,False,0.08449497168923048,Voting,Voting,False,0.4111846959604024
36,1,342,0,4,False,False,0.3944799553065239,False,0.1,False,0.11550811305008153,Voting,Voting,False,0.3944799553065239
484,37,814,8,6,False,True,0.98219700382319,True,0.55,True,0.5233158155015947,Voting,Voting,True,0.98219700382319
21,11,80,0,1,False,False,0.2300778220519883,False,0.0,False,0.09051161951635453,Voting,Voting,False,0.2300778220519883
1,0,2,0,1,False,False,0.15326919801198993,False,0.0,False,0.0967997693672646,Voting,Voting,False,0.15326919801198993
6,22,413,1,6,False,True,0.7353622247614497,False,0.4583333333333334,True,0.501735150589544,RandomForest,Voting,True,0.6430192609520776
0,2,1,0,1,False,False,0.15580393486524016,False,0.0,False,0.028428423777555695,Voting,Voting,False,0.15580393486524016
3,0,3,0,1,False,False,0.15392052510320284,False,0.06923076923076922,False,0.06830866928330014,Voting,Voting,False,0.15392052510320284
25,8,284,2,6,False,False,0.3567544959657067,True,0.9,False,0.4349847259333167,Voting,Voting,False,0.3567544959657067
263,1,724,0,7,False,True,0.6473621372475312,False,0.0,False,0.16567552423683835,Voting,Voting,True,0.6473621372475312
3,1,16,0,0,False,False,0.1510527856802324,False,0.0,False,0.06781671122834318,Voting,Voting,False,0.1510527856802324
21,7,73,0,2,False,False,0.21264261460589629,False,0.0,False,0.14102242479861954,Voting,Voting,False,0.21264261460589629
3,2,66,0,2,False,False,0.18781518029870728,False,0.3,True,0.5057398005415629,Voting,Voting,False,0.18781518029870728
309,4,465,3,8,False,True,0.757417398811167,True,0.8,True,0.5707802794066071,Voting,Voting,True,0.757417398811167
78,5,13,0,1,False,False,0.19340983605910111,False,0.016666666666666666,False,0.05037385060215748,Voting,Voting,False,0.19340983605910111
0,0,23,0,1,False,False,0.16000493711424096,False,0.0,False,0.02236127186782897,Voting,Voting,False,0.16000493711424096
8,8,151,1,3,False,False,0.25630654835480965,False,0.0,False,0.1732101352689234,Voting,Voting,False,0.25630654835480965
0,4,254,1,3,False,True,0.5263899033691902,True,0.7,True,0.5039620723297111,Voting,Voting,True,0.5263899033691902
78,7,13,0,1,False,False,0.20213740965095925,False,0.04575757575757576,False,0.10545016235603492,Voting,Voting,False,0.20213740965095925
13,9,189,0,5,False,False,0.2990976796910769,False,0.1,False,0.10275211141062432,Voting,Voting,False,0.2990976796910769
11,0,39,0,1,False,False,0.16773808033432758,False,0.2,False,0.29032281568817336,Voting,Voting,False,0.16773808033432758
0,0,157,0,2,False,False,0.2274539340786277,False,0.1,False,0.2440577681652336,Voting,Voting,False,0.2274539340786277
6,5,37,0,1,False,True,0.5103619252916315,False,0.3,False,0.2381569827182737,Voting,Voting,True,0.5103619252916315
15,3,6,0,1,False,False,0.16240379466929478,False,0.0,False,0.09643229753440023,Voting,Voting,False,0.16240379466929478
2,6,57,1,1,False,True,0.5124481565460797,True,0.7,True,0.7880702582436866,Voting,Voting,True,0.5124481565460797
4,9,172,0,2,False,False,0.2727822692652453,False,0.0,False,0.06712340470168457,Voting,Voting,False,0.2727822692652453
1,1,16,0,1,False,False,0.15913730570036316,False,0.0,False,0.0643724813238517,Voting,Voting,False,0.15913730570036316
143,3,309,2,7,True,False,0.4305153631559051,False,0.2,False,0.16368931420274896,Voting,Voting,False,0.4305153631559051
1,2,17,0,1,False,False,0.16120667604590122,False,0.0,False,0.049523204970675416,Voting,Voting,False,0.16120667604590122
107,21,765,5,9,False,True,0.6284866477789353,False,0.3,False,0.22472017631854185,Voting,Voting,True,0.6284866477789353
28,12,498,0,10,False,True,0.5250617310133986,False,0.1,False,0.2306914531367427,Voting,Voting,True,0.5250617310133986
21,11,190,4,3,False,False,0.3143596275861137,False,0.0,False,0.054951522163103415,Voting,Voting,False,0.3143596275861137
10,0,75,0,2,False,False,0.3563221071456432,True,0.5549999999999999,True,0.5153579224221101,Voting,Voting,False,0.3563221071456432
8,11,173,0,2,False,False,0.2908703820111129,False,0.0,False,0.12959467306710687,Voting,Voting,False,0.2908703820111129
16,15,354,5,4,False,False,0.473341415641424,False,0.0,False,0.14609553427383168,Voting,Voting,False,0.473341415641424
11,1,129,6,3,False,False,0.4038617580907236,True,0.5333333333333334,False,0.4977199609294025,Voting,Voting,False,0.4038617580907236
28,9,65,0,1,False,False,0.21188757886245635,False,0.1,False,0.0384882773284791,Voting,Voting,False,0.21188757886245635
457,6,454,2,7,True,True,0.6168182730391805,False,0.05,False,0.1792215972279309,Voting,Voting,True,0.6168182730391805
9,8,214,1,4,False,False,0.30353322734232563,False,0.0,False,0.10782760317242944,Voting,Voting,False,0.30353322734232563
3,4,39,0,1,False,True,0.5074656208598136,True,1.0,True,0.8981787896002225,Voting,Voting,True,0.5074656208598136
53,2,211,0,7,False,False,0.275553712732974,False,0.0,False,0.12760368640042613,Voting,Voting,False,0.275553712732974
492,6,441,2,7,True,True,0.7840914869714365,False,0.42,False,0.4977693013819261,Voting,Voting,True,0.7840914869714365
0,0,164,0,13,False,False,0.30806475461899896,True,0.5333333333333333,True,0.5051809470549968,Voting,Voting,False,0.30806475461899896
406,13,229,0,1,False,True,0.5957745353001884,False,0.0,False,0.2042904470939093,Voting,Voting,True,0.5957745353001884
0,4,63,1,3,False,False,0.19053598117704826,False,0.1,False,0.15727149701882326,Voting,Voting,False,0.19053598117704826
1,4,30,0,1,False,False,0.17047993560499008,False,0.1,False,0.09841977433329256,Voting,Voting,False,0.17047993560499008
1,4,30,0,2,False,False,0.17878296050087752,False,0.0,False,0.05859306280238065,Voting,Voting,False,0.17878296050087752
3,6,237,0,2,False,True,0.6306548989116735,False,0.1,False,0.3449554487454495,Voting,Voting,True,0.6306548989116735
91,14,135,0,1,False,False,0.32769307727044944,False,0.2857142857142857,False,0.4051780664193488,Voting,Voting,False,0.32769307727044944
1,9,400,0,1,False,False,0.4462541209326225,False,0.1,False,0.3428680308935373,Voting,Voting,False,0.4462541209326225
1,8,57,0,1,False,False,0.19635338426497848,False,0.0,False,0.21281718176695472,Voting,Voting,False,0.19635338426497848
0,5,94,0,1,False,False,0.19928567705248126,False,0.0,False,0.08791526806446204,Voting,Voting,False,0.19928567705248126
15,2,6,0,1,False,False,0.16026048162570142,False,0.0,False,0.09528881114354587,Voting,Voting,False,0.16026048162570142
21,2,7,0,1,False,False,0.16196194916059878,False,0.0,False,0.08050725680248964,Voting,Voting,False,0.16196194916059878
3,8,75,0,1,False,False,0.2043157541829043,False,0.0,False,0.2453558533583104,Voting,Voting,False,0.2043157541829043
33,24,468,0,2,False,True,0.6096666084128215,False,0.4,True,0.6184531407516136,RandomForest,RandomForest,False,0.4
0,0,22,0,1,False,False,0.159662653390605,False,0.0,False,0.022143392458549585,Voting,Voting,False,0.159662653390605
11,1,81,2,3,False,False,0.18856165565161684,False,0.0,False,0.1512751500736397,Voting,Voting,False,0.18856165565161684
0,1,1,0,1,False,False,0.15409937810017493,False,0.0,False,0.008722067283581759,Voting,Voting,False,0.15409937810017493
3,0,90,0,6,False,False,0.1966881687292512,False,0.0,False,0.06460518950218211,Voting,Voting,False,0.1966881687292512
11,1,141,7,3,False,False,0.26057625355126063,False,0.1,False,0.1737998759998333,Voting,Voting,False,0.26057625355126063
0,0,11,0,0,False,False,0.3475573887877004,True,0.5588095238095238,False,0.17556076636466195,Voting,Voting,False,0.3475573887877004
10,1,5,0,1,False,False,0.14702177993983742,False,0.0,False,0.0941996442829614,Voting,Voting,False,0.14702177993983742
1,2,2,0,1,False,False,0.14820208786670475,False,0.0,False,0.09362883564386497,Voting,Voting,False,0.14820208786670475
37,1,109,1,7,False,False,0.17689848079052936,False,0.0,False,0.12129389277930093,Voting,Voting,False,0.17689848079052936
18,19,360,0,6,False,True,0.5354792470453994,False,0.3,False,0.15571434644087762,Voting,Voting,True,0.5354792470453994
78,2,13,0,1,False,False,0.17213494858736356,False,0.4,False,0.3124772266678261,Voting,Voting,False,0.17213494858736356
11,6,169,0,5,False,False,0.2464445899772396,False,0.0,False,0.06971140971042658,Voting,Voting,False,0.2464445899772396
142,34,1051,9,17,False,True,0.6445444940163639,False,0.3,False,0.3490640334348725,Voting,Voting,True,0.6445444940163639
0,0,115,0,6,False,False,0.18285225120926046,False,0.0,False,0.05307616708095166,Voting,Voting,False,0.18285225120926046
0,4,52,0,1,False,False,0.1716345131743113,False,0.3,False,0.1834183760785096,Voting,Voting,False,0.1716345131743113
40,0,119,0,7,True,False,0.1848629232381148,False,0.0,False,0.07842020742280749,Voting,Voting,False,0.1848629232381148
0,1,190,0,5,False,False,0.22889629090769176,False,0.3,False,0.13926440820452854,Voting,Voting,False,0.22889629090769176
4,3,97,0,2,False,False,0.18999915592468203,False,0.0,False,0.08741643781319186,Voting,Voting,False,0.18999915592468203
6,0,17,0,1,False,False,0.1468302828798657,False,0.0,False,0.06897593093985084,Voting,Voting,False,0.1468302828798657
21,2,7,0,1,False,False,0.15294023233776347,False,0.0,False,0.10807640812785664,Voting,Voting,False,0.15294023233776347
4,0,90,0,1,False,False,0.1706576676574808,False,0.0,False,0.07801943377728851,Voting,Voting,False,0.1706576676574808
20,21,252,5,5,False,False,0.4724843905216849,False,0.0,False,0.13681724283839672,Voting,Voting,False,0.4724843905216849
3,9,166,0,3,False,False,0.2682751302105661,False,0.0,False,0.04017949025278924,Voting,Voting,False,0.2682751302105661
1,2,70,0,3,False,False,0.17866455761824745,False,0.0,False,0.06262603011706612,Voting,Voting,False,0.17866455761824745
3,1,3,0,1,False,False,0.4454195202712453,True,0.8859848484848485,True,0.5155983308441368,Voting,Voting,False,0.4454195202712453
6,5,38,0,1,False,False,0.17262760727538792,False,0.0,False,0.06487391402979754,Voting,Voting,False,0.17262760727538792
3,1,16,0,0,False,False,0.1433318196026647,False,0.0,False,0.10597905529317338,Voting,Voting,False,0.1433318196026647
0,10,237,2,4,False,False,0.32401421948210585,False,0.1,False,0.14410648662257325,Voting,Voting,False,0.32401421948210585
61,1,154,1,7,True,False,0.2063404673429986,False,0.09285714285714286,False,0.16584326779947098,Voting,Voting,False,0.2063404673429986
10,5,163,0,3,False,False,0.2364958478271082,False,0.0,False,0.10360459762304512,Voting,Voting,False,0.2364958478271082
17,0,128,0,5,False,False,0.19692269257444864,False,0.2,False,0.121477318160468,Voting,Voting,False,0.19692269257444864
18,7,255,0,5,True,False,0.31201725762942084,False,0.0,False,0.0751344461966468,Voting,Voting,False,0.31201725762942084
6,4,205,0,1,False,False,0.2394744333250025,False,0.2,False,0.1360838866821857,Voting,Voting,False,0.2394744333250025
1,1,15,0,1,False,False,0.14853043007856,False,0.0,False,0.07082122629014766,Voting,Voting,False,0.14853043007856
26,5,200,2,3,False,False,0.25333736606221624,False,0.2,False,0.1256526106782001,Voting,Voting,False,0.25333736606221624
37,10,449,2,9,False,False,0.4667707697145424,False,0.0,False,0.10808084441512272,Voting,Voting,False,0.4667707697145424
15,2,6,0,1,False,False,0.15151706652315275,False,0.0,False,0.06917737603798105,Voting,Voting,False,0.15151706652315275
28,11,87,0,1,False,False,0.2383837433203477,False,0.2833333333333333,False,0.39635336590844455,Voting,Voting,False,0.2383837433203477
0,17,185,4,8,False,True,0.5248457177162446,True,0.5833333333333333,True,0.5678033403191446,Voting,Voting,True,0.5248457177162446
24,1,331,1,22,False,False,0.13166135042677718,False,0.0,False,0.1046913430561918,Voting,Voting,False,0.13166135042677718
0,1,1,0,1,False,False,0.14447208436891215,False,0.0,False,0.1042583812540375,Voting,Voting,False,0.14447208436891215
0,12,155,0,2,False,False,0.2871280291291937,False,0.1,False,0.022024406169143976,Voting,Voting,False,0.2871280291291937
3,1,3,0,1,False,False,0.4454195202712453,True,0.8859848484848485,True,0.5155983308441368,Voting,Voting,False,0.4454195202712453
14,1,46,1,1,False,False,0.15243242443868166,False,0.0,False,0.09717897962446463,Voting,Voting,False,0.15243242443868166
15,8,83,0,2,False,False,0.21607536342376998,False,0.0,False,0.1583431879401478,Voting,Voting,False,0.21607536342376998
55,5,540,0,5,False,True,0.5596501149610787,False,0.4,False,0.32343633942172983,Voting,Voting,True,0.5596501149610787
6,7,29,0,1,False,False,0.18077243061408568,False,0.1,False,0.4833709345707342,Voting,Voting,False,0.18077243061408568
4,0,31,0,1,False,False,0.1506859226734669,False,0.0,False,0.09529647947435922,Voting,Voting,False,0.1506859226734669
331,3,370,3,7,True,True,0.8836388003748161,True,0.9,True,0.8212714486860564,Voting,Voting,True,0.8836388003748161
0,0,1,0,1,False,False,0.1415484750209359,False,0.0,False,0.09889883509028577,Voting,Voting,False,0.1415484750209359
6,1,91,6,1,False,False,0.1778635880240744,False,0.0,False,0.036905975192596085,Voting,Voting,False,0.1778635880240744
0,3,141,2,2,False,False,0.1971145122677324,False,0.0,False,0.10931454576484866,Voting,Voting,False,0.1971145122677324
28,1,8,0,1,False,False,0.15129866183359972,False,0.0,False,0.08382627571755845,Voting,Voting,False,0.15129866183359972
9,6,226,0,4,False,False,0.28299599958698113,False,0.2,False,0.1844105836607727,Voting,Voting,False,0.28299599958698113
110,1,204,0,12,False,False,0.18037194788319166,True,0.6,True,0.5209289838651345,Voting,Voting,False,0.18037194788319166
28,10,83,0,3,False,False,0.4091422643116953,False,0.4416666666666666,True,0.5031556858002849,Voting,Voting,False,0.4091422643116953
6,6,27,0,1,False,True,0.5076432429013019,True,0.6,True,0.6573010585692856,Voting,Voting,True,0.5076432429013019
88,2,163,2,7,True,False,0.2280467623852728,False,0.0,False,0.05399391172741413,Voting,Voting,False,0.2280467623852728
21,2,7,0,1,False,False,0.15294023233776347,False,0.0,False,0.10807640812785664,Voting,Voting,False,0.15294023233776347
0,0,13,0,0,False,False,0.30576245007283553,False,0.3666666666666665,False,0.4994141535312134,Voting,Voting,False,0.30576245007283553
13,24,337,1,3,False,True,0.9003980370203633,True,0.8,True,0.9096670610583948,Voting,Voting,True,0.9003980370203633
0,0,23,0,1,False,False,0.1477392686177647,False,0.0,False,0.05491614664884848,Voting,Voting,False,0.1477392686177647
25,11,411,0,5,False,False,0.4911397799476127,False,0.0,False,0.18892167600248466,Voting,Voting,False,0.4911397799476127
83,2,129,2,7,True,False,0.2072780803945201,False,0.0,False,0.17560882460460495,Voting,Voting,False,0.2072780803945201
13,21,157,0,4,False,False,0.4515200956394006,False,0.0,False,0.08485712101459403,Voting,Voting,False,0.4515200956394006
69,7,215,3,7,False,False,0.2837709862014248,False,0.24285714285714285,False,0.15433939522450954,Voting,Voting,False,0.2837709862014248
0,20,274,1,5,False,True,0.7155925622309711,True,0.6583333333333333,True,0.5107099852366646,Voting,Voting,True,0.6965061525984252
41,19,298,1,3,False,True,0.5040084075773232,True,0.9,True,0.7662902143096691,Voting,Voting,True,0.5040084075773232
4,12,271,0,9,False,False,0.3183315341835669,False,0.0,False,0.18497088156053407,Voting,Voting,False,0.3183315341835669
17,0,150,0,3,False,False,0.20812765739246428,False,0.0,False,0.10241176507765992,Voting,Voting,False,0.20812765739246428
4,9,241,1,3,False,False,0.31317132693973004,False,0.3,False,0.28209627919023633,Voting,Voting,False,0.31317132693973004
36,9,207,0,7,False,False,0.2847813460037994,False,0.3,False,0.12299540367864355,Voting,Voting,False,0.2847813460037994
28,2,8,0,1,False,False,0.14757832961908174,False,0.0,False,0.0829005608969213,Voting,Voting,False,0.14757832961908174
10,1,89,0,3,False,False,0.16516372843129512,False,0.03333333333333333,False,0.09024211312392376,Voting,Voting,False,0.16516372843129512
1,7,125,0,1,False,False,0.1960614745573865,False,0.0,False,0.059758982541594015,Voting,Voting,False,0.1960614745573865
0,23,291,1,5,False,True,0.6939507936103367,True,0.7,False,0.4967511153326612,AdaBoost,Voting,True,0.6282175675177781
130,15,574,3,8,False,True,0.9264110850537376,True,1.0,True,0.8792371872991478,Voting,Voting,True,0.9264110850537376
24,0,50,0,1,False,False,0.14980617789719258,False,0.0,False,0.2419522263306456,Voting,Voting,False,0.14980617789719258
4,4,128,2,2,False,False,0.1827289166897074,False,0.0,False,0.07764150735934781,Voting,Voting,False,0.1827289166897074
10,1,5,0,1,False,False,0.13786418769977068,False,0.0,False,0.03145813967184515,Voting,Voting,False,0.13786418769977068
41,11,185,6,5,False,False,0.3852515911414388,False,0.0,False,0.0499070881858761,Voting,Voting,False,0.3852515911414388
1,7,46,0,1,False,False,0.1718323890156326,False,0.0,False,0.08685548350546761,Voting,Voting,False,0.1718323890156326
401,11,563,1,5,False,True,0.9749122223256906,True,1.0,True,0.6737595548245328,Voting,Voting,True,0.9749122223256906
3,5,78,1,4,False,False,0.1749409115977081,False,0.05,False,0.2765409077066547,Voting,Voting,False,0.1749409115977081
15,0,385,0,47,False,False,0.05625480798857917,False,0.0,False,0.13224823454713647,Voting,Voting,False,0.05625480798857917
238,5,475,3,4,False,True,0.5864483277605662,False,0.25,False,0.3661645504533229,Voting,Voting,True,0.5864483277605662
31,7,297,0,7,False,False,0.2893745491801316,False,0.0,False,0.15319145892614405,Voting,Voting,False,0.2893745491801316
222,25,352,11,4,False,True,0.5495348768629139,False,0.3,False,0.38991764830495423,Voting,Voting,True,0.5495348768629139
289,2,198,0,7,False,True,0.5434877392476628,False,0.09,False,0.2677065492023034,Voting,Voting,True,0.5434877392476628
1,8,56,0,1,False,False,0.1808107647833169,False,0.0,False,0.11065382482236899,Voting,Voting,False,0.1808107647833169
3,2,3,0,1,False,False,0.1388796243257766,False,0.0,False,0.1399905846288556,Voting,Voting,False,0.1388796243257766
21,2,7,0,1,False,False,0.14498729397327026,False,0.0,False,0.06585171800785206,Voting,Voting,False,0.14498729397327026
1,4,33,0,1,False,False,0.15320098055291018,False,0.2,False,0.3431529829261365,Voting,Voting,False,0.15320098055291018
5,3,177,1,2,False,False,0.19640872375086252,False,0.1,False,0.1432059307822551,Voting,Voting,False,0.19640872375086252
11,1,105,4,3,False,False,0.1946246207961135,False,0.0,False,0.04402573195701833,Voting,Voting,False,0.1946246207961135
11,1,105,4,3,False,False,0.1946246207961135,False,0.0,False,0.04402573195701833,Voting,Voting,False,0.1946246207961135
4,17,219,1,4,False,False,0.39484251049561697,False,0.1,False,0.0578810016052969,Voting,Voting,False,0.39484251049561697
11,1,117,5,3,False,False,0.2279173563963469,False,0.15,False,0.12417275295541715,Voting,Voting,False,0.2279173563963469
6,0,4,0,1,False,False,0.13361271978783104,False,0.0,False,0.08910184552782405,Voting,Voting,False,0.13361271978783104
10,16,525,3,3,False,True,0.731578330372796,True,0.7633333333333333,True,0.5015837313414666,Voting,Voting,True,0.731578330372796
182,31,495,4,2,False,True,0.6299698980117792,False,0.1,False,0.1457798284723503,Voting,Voting,True,0.6299698980117792
15,2,84,0,1,False,False,0.1628114913114677,False,0.1,False,0.12018689760022995,Voting,Voting,False,0.1628114913114677
8,0,26,0,1,False,False,0.13904227621538334,False,0.0,False,0.12323637646196715,Voting,Voting,False,0.13904227621538334
0,14,402,0,17,False,False,0.19462280387150696,False,0.0,False,0.10051395907288962,Voting,Voting,False,0.19462280387150696
1,3,26,1,0,False,False,0.13743605631166575,False,0.1,False,0.1073956305574956,Voting,Voting,False,0.13743605631166575
31,0,64,0,1,False,False,0.15598275561892475,False,0.0,False,0.13972101041640222,Voting,Voting,False,0.15598275561892475
24,0,49,0,1,False,False,0.14955014628686802,False,0.0,False,0.18547307419686565,Voting,Voting,False,0.14955014628686802
10,8,135,0,1,False,False,0.20894048941242105,False,0.0,False,0.0711604309101056,Voting,Voting,False,0.20894048941242105
63,1,152,1,7,True,False,0.19177807056203086,False,0.0,False,0.18351209480816624,Voting,Voting,False,0.19177807056203086
60,12,297,6,6,False,False,0.4514281481885145,False,0.2,False,0.1570349311882846,Voting,Voting,False,0.4514281481885145
118,3,264,1,7,True,False,0.3200316289821489,False,0.1,False,0.12712937666302418,Voting,Voting,False,0.2466877526547659
6,6,134,3,3,False,False,0.21309476012636888,False,0.0,False,0.09886820927462232,Voting,Voting,False,0.21309476012636888
1,7,35,0,1,False,False,0.16892245846463014,False,0.0,False,0.06968831966447521,Voting,Voting,False,0.16892245846463014
0,0,1,0,1,False,False,0.13149228383998302,False,0.0,False,0.04820045766290708,Voting,Voting,False,0.13149228383998302
1,4,11,0,1,False,False,0.14794095851635558,False,0.0,False,0.06750837303147081,Voting,Voting,False,0.14794095851635558
15,2,6,0,1,False,False,0.14288601199926546,False,0.0,False,0.025672547058071173,Voting,Voting,False,0.14288601199926546
1,1,2,0,1,False,False,0.13486250561142438,False,0.0,False,0.02802964932469117,Voting,Voting,False,0.13486250561142438
122,38,380,7,3,False,True,0.7676347896184176,True,0.55,False,0.4818634869156762,AdaBoost,AdaBoost,False,0.4818634869156762
9,0,155,0,3,False,False,0.1842789442571222,False,0.1,False,0.12674207169972576,Voting,Voting,False,0.1842789442571222
7,1,41,1,1,False,False,0.14042407535709928,False,0.0,False,0.09657285444777183,Voting,Voting,False,0.14042407535709928
1,1,9,0,1,False,False,0.13637554005169802,False,0.07727272727272727,False,0.08570650143367428,Voting,Voting,False,0.13637554005169802
0,0,131,0,8,False,False,0.4803777524457628,True,0.5333333333333334,False,0.4485223030854829,Voting,Voting,False,0.4803777524457628
0,0,35,0,1,False,False,0.13907781971668118,False,0.0,False,0.08998184290654296,Voting,Voting,False,0.13907781971668118
69,0,213,0,7,True,False,0.22279077555298754,False,0.0,False,0.10704173495243527,Voting,Voting,False,0.22279077555298754
378,7,28,0,1,False,True,0.5735948498064048,False,0.0,False,0.04743192203858705,Voting,Voting,True,0.5735948498064048
66,9,156,0,1,False,True,0.5852369468415578,True,0.9,True,0.6116478943532261,Voting,Voting,True,0.5852369468415578
378,10,28,0,1,False,True,0.5818135078798446,False,0.0,False,0.1074857992286484,Voting,Voting,True,0.5818135078798446
3,2,3,0,1,False,False,0.1388796243257766,False,0.0,False,0.1399905846288556,Voting,Voting,False,0.1388796243257766
6,1,4,0,1,False,False,0.13656231104126593,False,0.0,False,0.06377323274046466,Voting,Voting,False,0.13656231104126593
267,37,645,10,4,False,True,0.6356362344460877,False,0.4,False,0.45600427847576097,Voting,Voting,True,0.6356362344460877
30,1,88,1,1,False,False,0.16034761673370612,False,0.1,False,0.19876837665309932,Voting,Voting,False,0.16034761673370612
20,1,99,1,7,False,False,0.15254586167263728,False,0.0,False,0.047733498066884136,Voting,Voting,False,0.15254586167263728
3,8,138,0,5,False,False,0.2171911033234956,False,0.1,False,0.19715876342889227,Voting,Voting,False,0.2171911033234956
36,10,80,0,1,False,False,0.21554083300039487,False,0.0,False,0.12564867346714365,Voting,Voting,False,0.21554083300039487
15,7,46,0,1,False,False,0.17602370547931764,False,0.0,False,0.008351050879229568,Voting,Voting,False,0.17602370547931764
11,4,169,0,4,False,False,0.20775604169807446,False,0.0,False,0.3344980680261995,Voting,Voting,False,0.20775604169807446
1,2,203,1,3,False,False,0.2070929252482583,False,0.1,False,0.10732586020271424,Voting,Voting,False,0.2070929252482583
180,1,418,0,7,False,True,0.5222206395491452,False,0.0,False,0.11628640827840755,Voting,Voting,True,0.5222206395491452
