cbo,lcom3,mfa,bug,Voting_Prediction,Voting_Pred_Prob,RandomForest_Prediction,RandomForest_Pred_Prob,AdaBoost_Prediction,AdaBoost_Pred_Prob,selectedEnsemble,PredictedEnsemble,DSE_Prediction,DSE_Pred_Prob
35,0.965786901,0.0,True,True,0.9999475030402284,True,1.0,True,0.9636293503733556,RandomForest,RandomForest,True,1.0
6,2.0,0.985714286,True,True,0.9570518406600248,True,1.0,True,0.9281585988913073,RandomForest,RandomForest,True,1.0
2,2.0,0.959183673,True,True,0.8761563923270467,True,1.0,True,0.9578895232817222,RandomForest,RandomForest,True,1.0
2,2.0,0.0,True,False,0.423307008854049,True,0.9101453168142164,True,0.5124855469551084,RandomForest,RandomForest,True,0.8815077692871477
0,2.0,0.0,False,False,0.0914001819570681,False,0.0298264373320228,False,0.4814621569693836,RandomForest,RandomForest,False,0.0298264373320228
0,2.0,0.0,False,False,0.0914001819570681,False,0.0298264373320228,False,0.4814621569693836,RandomForest,RandomForest,False,0.0298264373320228
26,0.825396825,0.0,True,True,0.9993168961218096,True,1.0,True,0.9315749417249743,RandomForest,RandomForest,True,1.0
0,2.0,0.0,False,False,0.0914001819570681,False,0.0298264373320228,False,0.4814621569693836,RandomForest,RandomForest,False,0.0298264373320228
2,2.0,0.959183673,True,True,0.8761563923270467,True,1.0,True,0.9578895232817222,RandomForest,RandomForest,True,1.0
4,0.1875,0.0,True,True,0.6568064329647035,True,0.9,True,0.9657238823399724,RandomForest,RandomForest,True,0.9
2,0.8,0.0,True,True,0.5086276229795657,True,1.0,True,0.7804420421839419,RandomForest,RandomForest,True,1.0
2,2.0,0.0,True,False,0.423307008854049,True,0.9101453168142164,True,0.5124855469551084,RandomForest,RandomForest,True,0.8815077692871477
3,2.0,0.953488372,True,True,0.8962683101466441,True,1.0,True,0.9729369785145926,RandomForest,RandomForest,True,1.0
2,2.0,0.979166667,True,True,0.8840422686484709,True,1.0,True,0.9521989784629514,RandomForest,RandomForest,True,1.0
0,2.0,0.0,False,False,0.0914001819570681,False,0.0298264373320228,False,0.4814621569693836,RandomForest,RandomForest,False,0.0298264373320228
0,2.0,0.0,False,False,0.0914001819570681,False,0.0298264373320228,False,0.4814621569693836,RandomForest,RandomForest,False,0.0298264373320228
4,0.945054945,0.858695652,True,True,0.9209457235955364,True,1.0,True,0.9728225058238672,RandomForest,RandomForest,True,1.0
0,2.0,1.0,False,True,0.5148137756537338,False,0.0,False,0.14264015250043585,RandomForest,RandomForest,False,0.0
5,0.75,0.921568627,True,True,0.9538172943249908,True,1.0,True,0.9645401215999406,RandomForest,RandomForest,True,1.0
0,2.0,0.0,False,False,0.0914001819570681,False,0.0298264373320228,False,0.4814621569693836,RandomForest,RandomForest,False,0.0298264373320228
2,2.0,0.0,True,False,0.423307008854049,True,0.9101453168142164,True,0.5124855469551084,RandomForest,RandomForest,True,0.8815077692871477
13,0.817567568,0.556962025,True,True,0.9902108854008564,True,1.0,True,0.6454063872367851,RandomForest,RandomForest,True,1.0
2,2.0,0.0,True,False,0.423307008854049,True,0.9101453168142164,True,0.5124855469551084,RandomForest,RandomForest,True,0.8815077692871477
3,2.0,0.953488372,True,True,0.8962683101466441,True,1.0,True,0.9729369785145926,RandomForest,RandomForest,True,1.0
0,2.0,0.0,False,False,0.0914001819570681,False,0.0298264373320228,False,0.4814621569693836,RandomForest,RandomForest,False,0.0298264373320228
0,1.111111111,0.0,False,False,0.11214767170960524,False,0.0,False,0.3516339946044338,RandomForest,RandomForest,False,0.0
0,0.933333333,0.0,True,False,0.1224367970249132,False,0.0,False,0.4129766034841272,RandomForest,RandomForest,False,0.0
0,2.0,0.0,False,False,0.0914001819570681,False,0.0298264373320228,False,0.4814621569693836,RandomForest,RandomForest,False,0.0298264373320228
1,0.14285714300000002,0.0,True,False,0.22345019503989075,False,0.1,False,0.4391126231562189,RandomForest,RandomForest,False,0.1
3,2.0,0.872340426,True,True,0.860946391750602,True,1.0,True,0.9600989620097952,RandomForest,RandomForest,True,1.0
0,2.0,0.0,False,False,0.0914001819570681,False,0.0298264373320228,False,0.4814621569693836,RandomForest,RandomForest,False,0.0298264373320228
6,1.0,0.728682171,True,True,0.9248185257964928,True,1.0,True,0.8458481667865432,RandomForest,RandomForest,True,1.0
17,0.8560719640000001,0.651515152,True,True,0.99763211875922,True,1.0,True,0.9037709291385876,RandomForest,RandomForest,True,1.0
2,2.0,0.0,True,False,0.423307008854049,True,0.9101453168142164,True,0.5124855469551084,RandomForest,RandomForest,True,0.8815077692871477
4,0.96,0.9375,True,True,0.9383313706193276,True,1.0,True,0.9935378049788628,RandomForest,RandomForest,True,1.0
5,0.716666667,0.0,True,True,0.6316278833263201,True,1.0,True,0.9565017806552732,RandomForest,RandomForest,True,1.0
3,2.0,0.953488372,True,True,0.8962683101466441,True,1.0,True,0.9729369785145926,RandomForest,RandomForest,True,1.0
26,0.28571428600000004,0.818181818,True,True,0.9998874017846644,True,0.8,True,0.953408846390618,RandomForest,RandomForest,True,0.8
6,0.666666667,0.962025316,True,True,0.9697136647748288,True,1.0,True,0.9487947787407182,RandomForest,RandomForest,True,1.0
0,2.0,0.0,False,False,0.0914001819570681,False,0.0298264373320228,False,0.4814621569693836,RandomForest,RandomForest,False,0.0298264373320228
2,2.0,0.886792453,True,True,0.8418302692331703,True,1.0,True,0.9638530690904488,RandomForest,RandomForest,True,1.0
2,2.0,0.979166667,True,True,0.8840422686484709,True,1.0,True,0.9521989784629514,RandomForest,RandomForest,True,1.0
6,2.0,0.52173913,True,True,0.7758634926332831,True,1.0,True,0.8773472309099086,RandomForest,RandomForest,True,1.0
0,2.0,0.0,False,False,0.0914001819570681,False,0.0298264373320228,False,0.4814621569693836,RandomForest,RandomForest,False,0.0298264373320228
9,1.0,1.0,True,True,0.9875719172634286,True,0.925,True,0.9401808922927628,RandomForest,RandomForest,True,0.9562859586317143
0,2.0,0.0,False,False,0.0914001819570681,False,0.0298264373320228,False,0.4814621569693836,RandomForest,RandomForest,False,0.0298264373320228
3,0.941176471,0.846846847,True,True,0.8970922541356662,True,1.0,True,0.9481987474464416,RandomForest,RandomForest,True,1.0
2,2.0,0.0,True,False,0.423307008854049,True,0.9101453168142164,True,0.5124855469551084,RandomForest,RandomForest,True,0.8815077692871477
3,2.0,0.911111111,True,True,0.8792004428961967,True,1.0,True,0.9741006673682387,RandomForest,RandomForest,True,1.0
7,2.0,0.0,True,True,0.6294185049711261,True,0.875,True,0.8526317770433701,RandomForest,RandomForest,True,0.875
3,2.0,0.82,True,True,0.8324414095228533,True,1.0,True,0.9615853770601228,RandomForest,RandomForest,True,1.0
16,0.850806452,0.0,True,True,0.9878333500391979,True,1.0,True,0.8973448363477985,RandomForest,RandomForest,True,1.0
8,2.0,0.0,False,True,0.5760635276177385,True,0.7216666666666667,True,0.5063657767146856,RandomForest,RandomForest,True,0.7216666666666667
5,2.0,1.0,True,True,0.9458994054052114,True,1.0,True,0.9374914186035116,RandomForest,RandomForest,True,1.0
2,2.0,0.783333333,True,True,0.7783315720345345,True,1.0,True,0.9490881324305276,RandomForest,RandomForest,True,1.0
3,2.0,0.931818182,True,True,0.8879119253010869,True,1.0,True,0.9824372770438428,RandomForest,RandomForest,True,1.0
5,0.615384615,0.3,True,True,0.7482382841181082,True,1.0,True,0.7671795150498684,RandomForest,RandomForest,True,1.0
0,2.0,0.0,False,False,0.0914001819570681,False,0.0298264373320228,False,0.4814621569693836,RandomForest,RandomForest,False,0.0298264373320228
2,1.0,0.0,True,False,0.4937240881801766,True,1.0,True,0.9548791660856408,RandomForest,RandomForest,True,1.0
2,2.0,0.979166667,True,True,0.8707427385065517,True,1.0,True,0.9775986370751304,RandomForest,RandomForest,True,1.0
7,0.529411765,0.8235294120000001,True,True,0.9840235631390194,True,1.0,True,0.9682644646043655,RandomForest,RandomForest,True,1.0
1,0.571428571,0.0,True,False,0.4683424325480208,True,0.9,True,0.7406434705348194,RandomForest,RandomForest,True,0.9
17,0.925581395,0.5,True,True,0.9997756514022796,True,1.0,True,0.8790052685243608,RandomForest,RandomForest,True,1.0
0,2.0,0.0,False,False,0.07723708182575485,False,0.021222251948995977,False,0.4806475260799714,RandomForest,RandomForest,False,0.021222251948995977
2,2.0,0.8392857140000001,True,True,0.7957385410626701,True,1.0,True,0.9636542521378608,RandomForest,RandomForest,True,1.0
59,0.96969697,0.7333333329999999,True,True,0.9999999999996824,True,1.0,True,0.8864817248007397,RandomForest,RandomForest,True,1.0
14,0.936363636,0.0,True,True,0.9976988758144384,True,0.7,True,0.9409829094814164,RandomForest,RandomForest,True,0.7
3,2.0,0.87037037,True,True,0.8636293297220634,True,1.0,True,0.9220058555598616,RandomForest,RandomForest,True,1.0
2,2.0,0.0,True,False,0.4298934641080827,True,0.9096191597123616,True,0.5119250371569044,RandomForest,RandomForest,True,0.8822062628206885
0,2.0,0.0,False,False,0.07723708182575485,False,0.021222251948995977,False,0.4806475260799714,RandomForest,RandomForest,False,0.021222251948995977
11,2.0,0.84375,True,True,0.9979148433147741,True,1.0,True,0.9106566675750476,RandomForest,RandomForest,True,1.0
2,2.0,0.0,True,False,0.4298934641080827,True,0.9096191597123616,True,0.5119250371569044,RandomForest,RandomForest,True,0.8822062628206885
0,2.0,0.0,False,False,0.07723708182575485,False,0.021222251948995977,False,0.4806475260799714,RandomForest,RandomForest,False,0.021222251948995977
3,0.488888889,0.0,True,True,0.5727560600488522,True,1.0,True,0.7923076561564838,RandomForest,RandomForest,True,1.0
57,0.901515152,0.0,True,True,0.9999999999968868,True,1.0,True,0.9938459216065779,RandomForest,RandomForest,True,1.0
3,2.0,0.953488372,True,True,0.899422044409662,True,1.0,True,0.9156896502120844,RandomForest,RandomForest,True,1.0
3,2.0,0.0,True,False,0.4766713936564879,True,0.9299368686868684,True,0.5153365219721229,RandomForest,RandomForest,True,0.8905224795537918
3,2.0,0.0,True,False,0.4766713936564879,True,0.9299368686868684,True,0.5153365219721229,RandomForest,RandomForest,True,0.8905224795537918
2,2.0,0.944444444,True,True,0.8550079278501959,True,1.0,True,0.9836137491196392,RandomForest,RandomForest,True,1.0
2,2.0,0.921568627,True,True,0.8435326692562716,True,1.0,True,0.9835096017968176,RandomForest,RandomForest,True,1.0
6,0.647058824,0.0,True,True,0.8089595853778958,True,0.7,True,0.5424376749974769,RandomForest,RandomForest,True,0.7
0,2.0,0.0,False,False,0.07723708182575485,False,0.021222251948995977,False,0.4806475260799714,RandomForest,RandomForest,False,0.021222251948995977
18,0.98089701,0.391304348,True,True,0.9998301686174372,True,1.0,True,0.9331291603103772,RandomForest,RandomForest,True,1.0
0,2.0,0.0,False,False,0.07723708182575485,False,0.021222251948995977,False,0.4806475260799714,RandomForest,RandomForest,False,0.021222251948995977
5,2.0,0.0,True,True,0.6312036933129413,True,1.0,True,0.9929195706083226,RandomForest,RandomForest,True,1.0
0,2.0,0.0,False,False,0.07723708182575485,False,0.021222251948995977,False,0.4806475260799714,RandomForest,RandomForest,False,0.021222251948995977
5,1.1,0.0,True,True,0.6763315164187448,True,1.0,True,0.9874390715266772,RandomForest,RandomForest,True,1.0
2,0.333333333,0.884615385,True,True,0.881514728768145,True,0.8,True,0.7531409044140875,RandomForest,RandomForest,True,0.8
2,2.0,0.0,True,False,0.4298934641080827,True,0.9096191597123616,True,0.5119250371569044,RandomForest,RandomForest,True,0.8822062628206885
2,2.0,0.979166667,True,True,0.8707427385065517,True,1.0,True,0.9775986370751304,RandomForest,RandomForest,True,1.0
0,2.0,0.0,True,False,0.07723708182575485,False,0.021222251948995977,False,0.4806475260799714,RandomForest,RandomForest,False,0.021222251948995977
7,2.0,1.0,True,True,0.9879524860134512,True,1.0,True,0.8785972985780588,RandomForest,RandomForest,True,1.0
3,2.0,0.0,True,False,0.4766713936564879,True,0.9299368686868684,True,0.5153365219721229,RandomForest,RandomForest,True,0.8905224795537918
0,2.0,0.0,True,False,0.07723708182575485,False,0.021222251948995977,False,0.4806475260799714,RandomForest,RandomForest,False,0.021222251948995977
22,0.956575682,0.0,True,True,0.999948294721586,True,0.9,True,0.9752378311561516,RandomForest,RandomForest,True,0.9
4,0.0,0.666666667,True,True,0.9118323790843732,True,0.9,True,0.9190841577823722,RandomForest,RandomForest,True,0.9
9,1.028846154,0.0,True,True,0.9652567396958518,True,1.0,True,0.921764724636652,RandomForest,RandomForest,True,1.0
6,0.666666667,0.96,True,True,0.9806168924791354,True,1.0,True,0.9731608275642688,RandomForest,RandomForest,True,1.0
3,1.5,0.967741935,True,True,0.9131486037284636,True,1.0,True,0.9072706997605048,RandomForest,RandomForest,True,1.0
0,2.0,0.0,False,False,0.07723708182575485,False,0.021222251948995977,False,0.4806475260799714,RandomForest,RandomForest,False,0.021222251948995977
4,0.75,0.961538462,True,True,0.9500943638877092,True,1.0,True,0.9781241985950052,RandomForest,RandomForest,True,1.0
0,2.0,0.0,False,False,0.07723708182575485,False,0.021222251948995977,False,0.4806475260799714,RandomForest,RandomForest,False,0.021222251948995977
13,0.377777778,0.611111111,True,True,0.9987661420056088,True,0.7,True,0.6359702862326684,RandomForest,RandomForest,True,0.7
16,0.28571428600000004,0.818181818,True,True,0.9997956179287364,True,0.8,True,0.9128459704222074,RandomForest,RandomForest,True,0.8
6,1.090909091,0.0,False,True,0.7698528184309129,True,0.6,True,0.7970461997923063,RandomForest,RandomForest,True,0.6
2,2.0,0.0,True,False,0.4298934641080827,True,0.9096191597123616,True,0.5119250371569044,RandomForest,RandomForest,True,0.8822062628206885
2,2.0,0.979166667,True,True,0.8707427385065517,True,1.0,True,0.9775986370751304,RandomForest,RandomForest,True,1.0
6,0.964912281,0.0,True,True,0.7804636461712171,True,0.8,True,0.8293757189047697,RandomForest,RandomForest,True,0.8
0,2.0,0.0,False,False,0.07723708182575485,False,0.021222251948995977,False,0.4806475260799714,RandomForest,RandomForest,False,0.021222251948995977
22,2.0,0.0,False,True,0.9999490636410804,True,1.0,True,0.9573223015118024,RandomForest,RandomForest,True,1.0
5,2.0,0.0,False,True,0.6312036933129413,True,1.0,True,0.9929195706083226,RandomForest,RandomForest,True,1.0
3,0.780487805,0.0,True,True,0.5504539775589244,True,1.0,True,0.9818425366812779,RandomForest,RandomForest,True,1.0
3,2.0,0.931818182,True,True,0.8911223331870706,True,1.0,True,0.9184318696462912,RandomForest,RandomForest,True,1.0
16,0.928571429,0.0,True,True,0.999107742988881,True,1.0,True,0.9771875776497776,RandomForest,RandomForest,True,1.0
3,2.0,0.891304348,True,True,0.8736453425701306,True,1.0,True,0.9220058555598616,RandomForest,RandomForest,True,1.0
4,2.0,0.0,True,True,0.5647123416134521,True,0.99375,True,0.9980198630982958,RandomForest,RandomForest,True,0.99375
38,0.933687003,0.0,True,True,0.999999974128542,True,1.0,True,0.9934004582196592,RandomForest,RandomForest,True,1.0
28,0.933870968,0.0,True,True,0.9999970084694711,True,1.0,True,0.9934004582196592,RandomForest,RandomForest,True,1.0
6,0.6806722690000001,0.734375,True,True,0.9392750484315648,True,1.0,True,0.9449280495841341,RandomForest,RandomForest,True,1.0
0,0.0,0.894736842,False,True,0.557805724998375,False,0.0,False,0.23615473059044026,RandomForest,RandomForest,False,0.0
0,2.0,0.0,False,False,0.08684910730126318,False,0.026259670086129342,False,0.4812148709672187,RandomForest,RandomForest,False,0.026259670086129342
6,2.0,0.0,True,False,0.4865781313704095,True,0.78,True,0.5107395810898486,RandomForest,RandomForest,True,0.78
2,2.0,0.783333333,True,True,0.7455414546621838,True,1.0,True,0.9602030062604301,RandomForest,RandomForest,True,1.0
11,1.111111111,0.0,True,True,0.5888511022795239,True,0.6,False,0.3329146132581894,RandomForest,RandomForest,True,0.6
3,2.0,0.931818182,True,True,0.8642244482266902,True,1.0,True,0.9683399094703782,RandomForest,RandomForest,True,1.0
0,2.0,0.0,False,False,0.08684910730126318,False,0.026259670086129342,False,0.4812148709672187,RandomForest,RandomForest,False,0.026259670086129342
0,2.0,0.0,False,False,0.08684910730126318,False,0.026259670086129342,False,0.4812148709672187,RandomForest,RandomForest,False,0.026259670086129342
22,0.933333333,0.666666667,True,True,0.9993827738792521,True,1.0,True,0.9395628618448052,RandomForest,RandomForest,True,1.0
4,0.0,0.0,True,True,0.7454487641021018,True,0.6,True,0.7525538634994282,RandomForest,RandomForest,True,0.6
0,0.5,0.0,True,False,0.1853703766133125,False,0.1,False,0.19982392871514545,RandomForest,RandomForest,False,0.1
3,2.0,0.931818182,True,True,0.8642244482266902,True,1.0,True,0.9683399094703782,RandomForest,RandomForest,True,1.0
0,2.0,1.0,False,False,0.4926431801066744,False,0.0,False,0.1954709851496989,RandomForest,RandomForest,False,0.0
0,2.0,0.0,False,False,0.08684910730126318,False,0.026259670086129342,False,0.4812148709672187,RandomForest,RandomForest,False,0.026259670086129342
0,2.0,0.0,False,False,0.08684910730126318,False,0.026259670086129342,False,0.4812148709672187,RandomForest,RandomForest,False,0.026259670086129342
3,2.0,0.854166667,True,True,0.8227029349159657,True,1.0,True,0.9682835218282064,RandomForest,RandomForest,True,1.0
2,0.5,0.0,True,True,0.5651692179053135,True,1.0,True,0.9807448136974308,RandomForest,RandomForest,True,1.0
2,2.0,0.810344828,True,True,0.7636551746419039,True,1.0,True,0.9598856400795897,RandomForest,RandomForest,True,1.0
1,2.0,0.0,True,False,0.17198044270017232,False,0.3058562271062271,False,0.4938857348772489,RandomForest,RandomForest,False,0.3058562271062271
3,0.53030303,0.0,True,True,0.5943801369823287,True,1.0,True,0.9350145018727488,RandomForest,RandomForest,True,1.0
5,0.375,0.533333333,True,True,0.8886136144606751,True,1.0,True,0.9420338486950134,RandomForest,RandomForest,True,1.0
2,2.0,0.0,False,False,0.4356473406902573,True,0.970792476172506,True,0.5198064005099923,Voting,RandomForest,True,0.9455497811025886
3,2.0,0.0,True,False,0.437888787906679,True,0.8850854700854699,True,0.5150265251957945,RandomForest,RandomForest,True,0.8456269393049883
0,2.0,0.0,False,False,0.08684910730126318,False,0.026259670086129342,False,0.4812148709672187,RandomForest,RandomForest,False,0.026259670086129342
18,2.0,0.0,True,True,0.99012940917116,True,0.7,True,0.8320745364815203,RandomForest,RandomForest,True,0.7
6,0.8,0.0,True,True,0.6912754459814835,True,1.0,True,0.8176544293708271,RandomForest,RandomForest,True,1.0
0,2.0,0.0,False,False,0.08684910730126318,False,0.026259670086129342,False,0.4812148709672187,RandomForest,RandomForest,False,0.026259670086129342
0,2.0,0.0,False,False,0.08684910730126318,False,0.026259670086129342,False,0.4812148709672187,RandomForest,RandomForest,False,0.026259670086129342
0,0.876923077,0.0,False,False,0.13517968937483524,False,0.0,False,0.09272467908032944,RandomForest,RandomForest,False,0.0
2,2.0,0.979166667,True,True,0.8615219251895626,True,1.0,True,0.9568998159220541,RandomForest,RandomForest,True,1.0
0,2.0,0.0,False,False,0.08684910730126318,False,0.026259670086129342,False,0.4812148709672187,RandomForest,RandomForest,False,0.026259670086129342
13,0.592592593,0.7692307690000001,False,True,0.9941625693297288,True,0.9,True,0.943909288094758,RandomForest,RandomForest,True,0.9
3,2.0,0.911111111,True,True,0.8539787482893425,True,1.0,True,0.968283521825866,RandomForest,RandomForest,True,1.0
0,2.0,0.0,False,False,0.08684910730126318,False,0.026259670086129342,False,0.4812148709672187,RandomForest,RandomForest,False,0.026259670086129342
4,0.25,0.0,True,True,0.6934967358039182,True,1.0,True,0.9516271258942608,RandomForest,RandomForest,True,1.0
2,0.666666667,0.666666667,True,True,0.8179744805372536,True,1.0,True,0.9012612602094736,RandomForest,RandomForest,True,1.0
10,2.0,0.0,True,True,0.8180865025785149,True,0.98,True,0.8363191125288012,RandomForest,RandomForest,True,0.98
0,2.0,0.0,False,False,0.08684910730126318,False,0.026259670086129342,False,0.4812148709672187,RandomForest,RandomForest,False,0.026259670086129342
3,2.0,0.0,True,False,0.437888787906679,True,0.8850854700854699,True,0.5150265251957945,RandomForest,RandomForest,True,0.8456269393049883
0,2.0,0.0,False,False,0.08684910730126318,False,0.026259670086129342,False,0.4812148709672187,RandomForest,RandomForest,False,0.026259670086129342
2,2.0,0.0,True,False,0.4356473406902573,True,0.970792476172506,True,0.5198064005099923,RandomForest,RandomForest,True,0.9455497811025886
0,2.0,0.0,False,False,0.08684910730126318,False,0.026259670086129342,False,0.4812148709672187,RandomForest,RandomForest,False,0.026259670086129342
2,2.0,0.0,True,False,0.4356473406902573,True,0.970792476172506,True,0.5198064005099923,RandomForest,RandomForest,True,0.9455497811025886
3,0.7989417990000001,0.0,True,True,0.5520041674192404,True,1.0,True,0.90539898315799,RandomForest,RandomForest,True,1.0
6,0.25,0.0,False,False,0.4570837059097829,False,0.4,False,0.19743126421136847,RandomForest,RandomForest,False,0.4
2,2.0,0.0,True,False,0.4356473406902573,True,0.970792476172506,True,0.5198064005099923,RandomForest,RandomForest,True,0.9455497811025886
45,0.75,0.0,True,True,0.9999964471264275,True,1.0,True,0.9926292096132536,RandomForest,RandomForest,True,1.0
4,2.0,0.75,True,True,0.7950204297155447,True,1.0,True,0.9178536006252952,RandomForest,RandomForest,True,1.0
0,0.7333333329999999,0.0,False,False,0.1513696514460595,False,0.0,False,0.05213797053151798,RandomForest,RandomForest,False,0.0
10,0.8833333329999999,0.214285714,True,True,0.9310580076932448,True,1.0,True,0.8764908606767255,RandomForest,RandomForest,True,1.0
3,0.7142857140000001,0.7307692309999999,True,True,0.8675131397895307,True,0.9,True,0.6919258611216508,RandomForest,RandomForest,True,0.9
9,0.950980392,0.4074074070000001,True,True,0.9300774020134424,True,1.0,True,0.9891575676757214,RandomForest,RandomForest,True,1.0
0,0.75,0.0,False,False,0.1493180777947515,False,0.0,False,0.07481865416299059,RandomForest,RandomForest,False,0.0
0,2.0,0.0,False,False,0.08684910730126318,False,0.026259670086129342,False,0.4812148709672187,RandomForest,RandomForest,False,0.026259670086129342
6,2.0,0.985714286,True,True,0.9476744905154381,True,1.0,True,0.9161028926599456,RandomForest,RandomForest,True,1.0
12,0.825,0.0,True,True,0.9554247251364448,True,0.9,True,0.5748999951974522,RandomForest,RandomForest,True,0.9
12,2.0,0.7692307690000001,True,True,0.987321732471749,True,1.0,True,0.8898414852935259,RandomForest,RandomForest,True,1.0
1,0.6875,0.0,True,True,0.5093405589448942,True,0.7,False,0.4938889682225786,RandomForest,RandomForest,True,0.7
3,2.0,0.911111111,True,True,0.8359385196235748,True,1.0,True,0.9748210401946464,RandomForest,RandomForest,True,1.0
2,2.0,0.0,True,False,0.4194384237972661,True,0.8667238097908848,True,0.5104362746311125,RandomForest,RandomForest,True,0.8445181523302088
4,0.2,0.615384615,True,True,0.9302106910679736,True,1.0,True,0.9785558995733524,RandomForest,RandomForest,True,1.0
3,2.0,0.931818182,True,True,0.8468594127737349,True,1.0,True,0.9743608911567404,RandomForest,RandomForest,True,1.0
5,0.666666667,0.946428571,True,True,0.9679774866183934,True,1.0,True,0.9760575873372188,RandomForest,RandomForest,True,1.0
1,0.5,0.0,True,True,0.5740743283380465,True,0.8,True,0.8228480171928289,RandomForest,RandomForest,True,0.8
6,2.0,0.985714286,True,True,0.9543644586987492,True,1.0,True,0.8841279580315722,RandomForest,RandomForest,True,1.0
0,2.0,0.0,False,False,0.07917487724698156,False,0.030606850831092224,False,0.4815196363524596,RandomForest,RandomForest,False,0.030606850831092224
0,2.0,0.0,False,False,0.07917487724698156,False,0.030606850831092224,False,0.4815196363524596,RandomForest,RandomForest,False,0.030606850831092224
5,0.461538462,0.0,True,True,0.7887255289674346,True,1.0,True,0.9113247966345176,RandomForest,RandomForest,True,1.0
6,2.0,0.958333333,True,True,0.9494474619990746,True,1.0,True,0.9260710441417987,RandomForest,RandomForest,True,1.0
15,0.738095238,0.0,True,True,0.9952125295734248,True,1.0,True,0.8525733400443034,RandomForest,RandomForest,True,1.0
3,2.0,0.7580645159999999,True,True,0.7450297733087012,True,1.0,True,0.8312971158332739,RandomForest,RandomForest,True,1.0
6,0.666666667,0.94,True,True,0.9774302764976524,True,1.0,True,0.9689692345359828,RandomForest,RandomForest,True,1.0
13,0.761904762,0.0,True,True,0.9899367623611356,False,0.5,False,0.3461126395456285,Voting,Voting,True,0.9899367623611356
5,2.0,0.0,True,False,0.4944730029708255,True,0.775,True,0.5114158562132123,RandomForest,RandomForest,True,0.775
16,2.0,0.0,True,True,0.6613866456076622,False,0.5,False,0.2192176672989855,Voting,Voting,True,0.5968319873645973
0,2.0,0.0,False,False,0.07917487724698156,False,0.030606850831092224,False,0.4815196363524596,RandomForest,RandomForest,False,0.030606850831092224
16,2.0,0.0,True,True,0.6613866456076622,False,0.5,False,0.2192176672989855,Voting,Voting,True,0.5968319873645973
5,0.166666667,0.0,True,True,0.8480115269396324,True,1.0,True,0.9197936052153488,RandomForest,RandomForest,True,1.0
13,1.058823529,0.0,True,True,0.9885943445887114,False,0.5,True,0.5685087591230515,RandomForest,RandomForest,False,0.5
0,2.0,0.0,False,False,0.07917487724698156,False,0.030606850831092224,False,0.4815196363524596,RandomForest,RandomForest,False,0.030606850831092224
10,0.771428571,0.0,True,True,0.9640931667301066,True,0.9,True,0.7302580869538341,RandomForest,RandomForest,True,0.9
1,0.984126984,0.0,True,False,0.15166663296572694,False,0.3,False,0.3109704256169372,RandomForest,RandomForest,False,0.3
5,1.0,0.878504673,True,True,0.9489946640155812,True,1.0,True,0.9802677166510946,RandomForest,RandomForest,True,1.0
3,2.0,0.931818182,True,True,0.8468594127737349,True,1.0,True,0.9743608911567404,RandomForest,RandomForest,True,1.0
2,2.0,0.0,True,False,0.4194384237972661,True,0.8667238097908848,True,0.5104362746311125,RandomForest,RandomForest,True,0.8445181523302088
4,0.9,0.915254237,True,True,0.9409003487710588,True,1.0,True,0.9869084903217842,RandomForest,RandomForest,True,1.0
3,0.944444444,0.0,True,True,0.565494328290633,True,1.0,True,0.6203186052427048,RandomForest,RandomForest,True,1.0
0,2.0,0.0,False,False,0.07917487724698156,False,0.030606850831092224,False,0.4815196363524596,RandomForest,RandomForest,False,0.030606850831092224
2,2.0,0.0,True,False,0.4194384237972661,True,0.8667238097908848,True,0.5104362746311125,RandomForest,RandomForest,True,0.8445181523302088
1,2.0,1.0,True,True,0.8133492110784716,False,0.1988888888888889,False,0.4389816616522065,Voting,Voting,True,0.8133492110784716
2,2.0,0.8245614040000001,True,True,0.7419163306786992,True,1.0,True,0.944141440684671,RandomForest,RandomForest,True,1.0
9,1.333333333,0.0,True,True,0.8995816075704491,False,0.2,True,0.6205769920590833,RandomForest,RandomForest,False,0.2
0,2.0,0.0,False,False,0.07917487724698156,False,0.030606850831092224,False,0.4815196363524596,RandomForest,RandomForest,False,0.030606850831092224
0,2.0,0.0,False,False,0.07917487724698156,False,0.030606850831092224,False,0.4815196363524596,RandomForest,RandomForest,False,0.030606850831092224
10,1.0,0.571428571,True,True,0.9867288374044554,True,1.0,True,0.8686125803458447,RandomForest,RandomForest,True,1.0
5,2.0,0.848484848,True,True,0.8868029117311682,True,0.9666666666666666,True,0.9529261168470559,RandomForest,RandomForest,True,0.9666666666666666
1,2.0,0.0,True,False,0.21738358217143386,False,0.33388673418085185,False,0.4998918758350421,RandomForest,RandomForest,False,0.33388673418085185
2,2.0,0.94,True,True,0.8138574950382788,True,1.0,True,0.9614835676376016,RandomForest,RandomForest,True,1.0
0,2.0,0.0,False,False,0.07917487724698156,False,0.030606850831092224,False,0.4815196363524596,RandomForest,RandomForest,False,0.030606850831092224
18,0.8,0.0,True,True,0.9983377479942422,True,1.0,True,0.9776285218343128,RandomForest,RandomForest,True,1.0
10,0.0,0.0,True,True,0.9779640127523606,False,0.2,True,0.5978669904874151,RandomForest,RandomForest,False,0.2
0,0.875,0.0,False,False,0.14176711607503287,False,0.0,False,0.13756304284580748,RandomForest,RandomForest,False,0.0
10,2.0,1.0,True,True,0.6590968694812389,False,0.5,False,0.19795372573207504,Voting,RandomForest,False,0.5681843726348166
9,2.0,0.909090909,True,True,0.9849671758662772,True,1.0,True,0.8191668327031599,RandomForest,RandomForest,True,1.0
20,2.0,0.0,True,True,0.998750080393418,True,0.7,True,0.8069620478917958,RandomForest,RandomForest,True,0.7
5,2.0,0.0,True,False,0.4944730029708255,True,0.775,True,0.5114158562132123,RandomForest,RandomForest,True,0.775
1,2.0,0.0,False,False,0.21738358217143386,False,0.33388673418085185,False,0.4998918758350421,RandomForest,RandomForest,False,0.33388673418085185
2,2.0,0.0,True,False,0.4194384237972661,True,0.8667238097908848,True,0.5104362746311125,RandomForest,RandomForest,True,0.8445181523302088
9,0.892561983,0.0,True,True,0.933831154175345,True,1.0,True,0.9100123112254068,RandomForest,RandomForest,True,1.0
11,2.0,0.916666667,True,True,0.9939316821767016,True,1.0,True,0.8150060995295029,RandomForest,RandomForest,True,1.0
8,0.843537415,0.0,True,True,0.8964752148584182,True,1.0,True,0.947354940795752,RandomForest,RandomForest,True,1.0
3,2.0,0.931818182,True,True,0.8468594127737349,True,1.0,True,0.9743608911567404,RandomForest,RandomForest,True,1.0
2,2.0,0.0,True,False,0.4194384237972661,True,0.8667238097908848,True,0.5104362746311125,RandomForest,RandomForest,True,0.8445181523302088
3,0.0,0.75,False,True,0.9382125599457348,True,0.9,True,0.901596956507269,RandomForest,RandomForest,True,0.9
0,2.0,0.0,False,False,0.07917487724698156,False,0.030606850831092224,False,0.4815196363524596,RandomForest,RandomForest,False,0.030606850831092224
0,2.0,0.0,False,False,0.07917487724698156,False,0.030606850831092224,False,0.4815196363524596,RandomForest,RandomForest,False,0.030606850831092224
6,1.0,0.831858407,True,True,0.9598328767464812,True,1.0,True,0.9660975436439072,RandomForest,RandomForest,True,1.0
4,0.0,0.666666667,True,True,0.9299315793223876,True,0.8,True,0.8823792524858248,RandomForest,RandomForest,True,0.8
9,0.766917293,0.0,True,True,0.8759459155121211,True,0.9,True,0.8014783204264952,RandomForest,RandomForest,True,0.9
2,2.0,0.0,True,False,0.4362538077207827,True,0.9886560457516341,True,0.5215110140295378,RandomForest,RandomForest,True,0.9632582417042386
2,2.0,0.0,False,False,0.4362538077207827,True,0.9886560457516341,True,0.5215110140295378,Voting,RandomForest,True,0.9632582417042386
15,0.392857143,0.647058824,True,True,0.9965827986336484,True,0.9,True,0.9208555541533866,RandomForest,RandomForest,True,0.9
0,2.0,0.0,False,False,0.08473049319628483,False,0.025559345985301442,False,0.4814376938447713,RandomForest,RandomForest,False,0.025559345985301442
7,0.666666667,0.947368421,True,True,0.9810526302334438,True,1.0,True,0.9845354508860622,RandomForest,RandomForest,True,1.0
7,0.375,0.0,True,True,0.8139160534702671,True,0.8,True,0.6295912262057223,RandomForest,RandomForest,True,0.8
8,2.0,0.0,True,False,0.4305005388692633,False,0.2386904761904761,False,0.4903954016405613,RandomForest,RandomForest,False,0.2386904761904761
5,1.166666667,0.0,True,True,0.5881214952860955,True,1.0,True,0.9139742454585252,RandomForest,RandomForest,True,1.0
2,2.0,0.0,True,False,0.4362538077207827,True,0.9886560457516341,True,0.5215110140295378,RandomForest,RandomForest,True,0.9632582417042386
2,2.0,0.0,True,False,0.4362538077207827,True,0.9886560457516341,True,0.5215110140295378,RandomForest,RandomForest,True,0.9632582417042386
42,0.944805195,0.519736842,True,True,0.9999978835965652,True,1.0,True,0.7493912521112249,RandomForest,RandomForest,True,1.0
2,2.0,0.0,True,False,0.4362538077207827,True,0.9886560457516341,True,0.5215110140295378,RandomForest,RandomForest,True,0.9632582417042386
0,2.0,1.0,False,True,0.5383683382601497,False,0.0,False,0.15937660580420873,RandomForest,RandomForest,False,0.0
26,1.556179775,0.0,True,True,0.6658941400710926,True,0.6,False,0.24167900202337386,RandomForest,RandomForest,True,0.6
0,1.041666667,0.0,False,False,0.1134044668571703,False,0.0,False,0.1066957391005573,RandomForest,RandomForest,False,0.0
10,0.8214285709999999,0.858695652,True,True,0.6565070623629917,True,0.8,True,0.9710692297347364,RandomForest,RandomForest,True,0.8
0,2.0,0.0,False,False,0.08473049319628483,False,0.025559345985301442,False,0.4814376938447713,RandomForest,RandomForest,False,0.025559345985301442
3,2.0,0.0,True,False,0.4429221581395568,True,0.918429815798237,True,0.5151075001902081,RandomForest,RandomForest,True,0.8781325566746201
0,2.0,0.0,False,False,0.08473049319628483,False,0.025559345985301442,False,0.4814376938447713,RandomForest,RandomForest,False,0.025559345985301442
1,0.6181818179999999,0.0,True,True,0.5026980941905458,False,0.3,False,0.4211916036910585,Voting,Voting,True,0.5026980941905458
3,2.0,0.911111111,True,True,0.90433614693093,True,1.0,True,0.9462101771777032,RandomForest,RandomForest,True,1.0
4,0.375,0.0,True,True,0.6461136354038364,True,1.0,True,0.9572889239855348,RandomForest,RandomForest,True,1.0
12,1.025,0.0,True,True,0.9572859555156804,True,1.0,True,0.9626585106879808,RandomForest,RandomForest,True,1.0
0,2.0,0.0,True,False,0.08473049319628483,False,0.025559345985301442,False,0.4814376938447713,RandomForest,RandomForest,False,0.025559345985301442
1,2.0,0.0,True,False,0.2598134730329052,False,0.3862633019154759,False,0.4957019485339169,RandomForest,RandomForest,False,0.3862633019154759
2,2.0,0.0,True,False,0.4362538077207827,True,0.9886560457516341,True,0.5215110140295378,RandomForest,RandomForest,True,0.9632582417042386
3,2.0,0.953488372,True,True,0.917870464482982,True,1.0,True,0.9425220139445432,RandomForest,RandomForest,True,1.0
5,0.954545455,0.810344828,True,True,0.9441219448164264,True,1.0,True,0.9008713431996328,RandomForest,RandomForest,True,1.0
4,0.2,0.615384615,True,True,0.9097401692803504,True,1.0,True,0.9657061198773608,RandomForest,RandomForest,True,1.0
2,2.0,0.0,True,False,0.4362538077207827,True,0.9886560457516341,True,0.5215110140295378,RandomForest,RandomForest,True,0.9632582417042386
16,0.7356321840000001,0.738317757,True,True,0.9977352401274208,True,1.0,True,0.8513256785039839,RandomForest,RandomForest,True,1.0
5,2.0,0.0,True,False,0.4685010340767105,True,0.7350757575757576,True,0.5120327633491742,RandomForest,RandomForest,True,0.7350757575757576
21,0.757575758,0.0,True,True,0.997275144242984,True,1.0,True,0.9518266872060379,RandomForest,RandomForest,True,1.0
0,2.0,0.0,False,False,0.08473049319628483,False,0.025559345985301442,False,0.4814376938447713,RandomForest,RandomForest,False,0.025559345985301442
9,1.2,0.915254237,True,True,0.986772862594265,True,1.0,True,0.9709114110737379,RandomForest,RandomForest,True,1.0
0,2.0,0.0,False,False,0.08473049319628483,False,0.025559345985301442,False,0.4814376938447713,RandomForest,RandomForest,False,0.025559345985301442
11,0.5,0.7666666670000001,True,True,0.9913926686642436,False,0.5,True,0.6690156933857193,RandomForest,RandomForest,False,0.5
6,0.571428571,0.75,True,True,0.6242406483771438,False,0.4,True,0.6145070156651777,RandomForest,RandomForest,False,0.4
9,2.0,0.0,True,True,0.7723321761434582,True,0.7511904761904762,True,0.8186272324491062,RandomForest,RandomForest,True,0.7511904761904762
28,0.949425287,0.0,True,True,0.9996207751395708,True,1.0,True,0.9811758968159934,RandomForest,RandomForest,True,1.0
0,2.0,0.0,False,False,0.08473049319628483,False,0.025559345985301442,False,0.4814376938447713,RandomForest,RandomForest,False,0.025559345985301442
5,2.0,0.7777777779999999,True,True,0.8996262673277609,True,1.0,True,0.9733809749754674,RandomForest,RandomForest,True,1.0
0,0.5,0.974358974,False,True,0.5694902868349727,False,0.0,False,0.08857199585765008,RandomForest,RandomForest,False,0.0
3,2.0,0.931818182,True,True,0.9113357958345606,True,1.0,True,0.9464838546920092,RandomForest,RandomForest,True,1.0
0,2.0,0.0,False,False,0.08473049319628483,False,0.025559345985301442,False,0.4814376938447713,RandomForest,RandomForest,False,0.025559345985301442
18,2.0,0.0,True,True,0.9915859506650104,True,0.975,True,0.8400196666572245,RandomForest,RandomForest,True,0.975
2,2.0,0.886792453,True,True,0.8715832947339609,True,1.0,True,0.9816239161341352,RandomForest,RandomForest,True,1.0
2,0.5,0.944444444,True,True,0.9325951406293801,True,1.0,True,0.8047155175468985,RandomForest,RandomForest,True,1.0
5,2.0,0.0,True,False,0.4685010340767105,True,0.7350757575757576,True,0.5120327633491742,RandomForest,RandomForest,True,0.7350757575757576
0,2.0,0.0,False,False,0.08473049319628483,False,0.025559345985301442,False,0.4814376938447713,RandomForest,RandomForest,False,0.025559345985301442
8,0.638888889,0.0,True,True,0.836201059990984,True,1.0,True,0.9118073212349748,RandomForest,RandomForest,True,1.0
2,2.0,0.979166667,True,True,0.9062104956885988,True,1.0,True,0.9648919974365854,RandomForest,RandomForest,True,1.0
1,2.0,0.0,False,False,0.2598134730329052,False,0.3862633019154759,False,0.4957019485339169,RandomForest,RandomForest,False,0.3862633019154759
9,2.0,0.833333333,True,True,0.9789864261486249,True,1.0,True,0.9812325749789408,RandomForest,RandomForest,True,1.0
19,0.833333333,0.9,True,True,0.9993157876184524,True,1.0,True,0.9414339111657904,RandomForest,RandomForest,True,1.0
2,2.0,0.979166667,True,True,0.9062104956885988,True,1.0,True,0.9648919974365854,RandomForest,RandomForest,True,1.0
5,0.375,0.533333333,True,True,0.8988023312310958,True,0.9,True,0.9282440966396542,RandomForest,RandomForest,True,0.9
0,2.0,0.0,False,False,0.08001935883451179,False,0.02181401155817812,False,0.4809839207825423,RandomForest,RandomForest,False,0.02181401155817812
24,2.0,0.0,True,True,0.6659713029283584,False,0.4,False,0.34642077663538595,Voting,Voting,True,0.6659713029283584
3,0.0,0.0,True,True,0.671370902362442,True,0.9,True,0.7987313435737543,RandomForest,RandomForest,True,0.9
11,2.0,0.653061224,True,True,0.9891910615633118,True,1.0,True,0.8692412633111569,RandomForest,RandomForest,True,1.0
7,0.685714286,0.0,True,True,0.7921056291258958,True,1.0,True,0.9889603732077396,RandomForest,RandomForest,True,1.0
20,0.988095238,0.779661017,True,True,0.9996812137788408,True,0.9,True,0.7590824192899157,RandomForest,RandomForest,True,0.9
2,0.0,0.0,False,True,0.6279229098879381,False,0.5,True,0.5087755305387287,RandomForest,RandomForest,False,0.5
3,1.2,0.0,False,True,0.5068515825517196,True,0.9,True,0.8830555481081712,RandomForest,RandomForest,True,0.9
10,0.7179487179999999,0.2,True,True,0.9605483877042698,True,1.0,True,0.9386672054048948,RandomForest,RandomForest,True,1.0
10,0.5,0.0,True,True,0.9463540178888372,True,1.0,True,0.98478804424241,RandomForest,RandomForest,True,1.0
0,1.043478261,0.0,False,False,0.10515441944353916,False,0.1,False,0.07386656585310962,RandomForest,RandomForest,False,0.1
60,0.934911243,0.0,True,True,0.9999999953654072,True,1.0,True,0.9929551443482456,RandomForest,RandomForest,True,1.0
3,2.0,0.931818182,True,True,0.934787892200945,True,1.0,True,0.9482603127787276,RandomForest,RandomForest,True,1.0
3,2.0,0.0,True,False,0.4720906513659924,True,1.0,True,0.9905101035663012,RandomForest,RandomForest,True,0.9622921893832852
0,2.0,0.0,True,False,0.08001935883451179,False,0.02181401155817812,False,0.4809839207825423,RandomForest,RandomForest,False,0.02181401155817812
0,0.08,0.0,True,False,0.2214114281415512,False,0.0,False,0.3081813873810013,RandomForest,RandomForest,False,0.0
0,0.882032668,0.0,False,False,0.11590778120581567,False,0.0,False,0.25345958022982434,RandomForest,RandomForest,False,0.0
6,2.0,0.971830986,True,True,0.9763018830990056,True,0.9,True,0.9621845606146872,RandomForest,RandomForest,True,0.9
2,2.0,0.0,True,False,0.4041139231523909,True,0.8397343518669882,True,0.5153414039136507,RandomForest,RandomForest,True,0.8191862184370544
0,2.0,0.0,False,False,0.08001935883451179,False,0.02181401155817812,False,0.4809839207825423,RandomForest,RandomForest,False,0.02181401155817812
0,2.0,0.0,False,False,0.08001935883451179,False,0.02181401155817812,False,0.4809839207825423,RandomForest,RandomForest,False,0.02181401155817812
6,0.7142857140000001,0.932432432,True,True,0.9808475069554278,True,1.0,True,0.9644532997526148,RandomForest,RandomForest,True,1.0
6,0.7142857140000001,0.333333333,True,True,0.8499887129197239,True,0.9,True,0.9516009563629656,RandomForest,RandomForest,True,0.9
3,1.5,0.0,False,False,0.4902750356612082,True,0.6,True,0.7613231228211214,Voting,Voting,False,0.4902750356612082
3,2.0,0.891304348,True,True,0.9253077082704874,True,1.0,True,0.9475228392691196,RandomForest,RandomForest,True,1.0
14,0.807692308,0.0,True,True,0.9865146466329756,True,1.0,True,0.7588141253833591,RandomForest,RandomForest,True,1.0
7,0.0,0.545454545,True,True,0.9681964216566006,True,1.0,True,0.8151096121818411,RandomForest,RandomForest,True,1.0
5,1.25,0.0,True,True,0.590068046594647,True,1.0,True,0.8763794106213152,RandomForest,RandomForest,True,1.0
0,2.0,0.0,False,False,0.08001935883451179,False,0.02181401155817812,False,0.4809839207825423,RandomForest,RandomForest,False,0.02181401155817812
16,0.996975806,0.0,True,True,0.992654064833318,True,1.0,True,0.7939625388123008,RandomForest,RandomForest,True,1.0
6,1.333333333,0.971830986,True,True,0.9798032906577258,True,0.9,True,0.9009327994638922,RandomForest,RandomForest,True,0.9
2,2.0,0.0,True,False,0.4041139231523909,True,0.8397343518669882,True,0.5153414039136507,RandomForest,RandomForest,True,0.8191862184370544
2,0.35714285700000004,0.0,True,True,0.560700996749398,True,0.9,True,0.7901302562850001,RandomForest,RandomForest,True,0.9
2,2.0,0.854545455,True,True,0.8913623168908341,True,1.0,True,0.9684985722816554,RandomForest,RandomForest,True,1.0
3,2.0,0.8039215690000001,True,True,0.8949399590605609,True,1.0,True,0.9470839569773308,RandomForest,RandomForest,True,1.0
2,2.0,0.959183673,True,True,0.922351474093672,True,1.0,True,0.9588809440210336,RandomForest,RandomForest,True,1.0
1,2.0,0.0,True,False,0.1678425535440624,False,0.2449945152886329,False,0.4943989915820594,RandomForest,RandomForest,False,0.2449945152886329
11,2.0,0.916666667,True,True,0.9946654124379024,True,1.0,True,0.9108630378531696,RandomForest,RandomForest,True,1.0
1,0.25,0.764705882,True,True,0.8970510821429295,True,0.7,True,0.563930614976176,RandomForest,RandomForest,True,0.7
13,2.0,0.0,True,True,0.9735334035336328,True,1.0,True,0.9127769578068412,RandomForest,RandomForest,True,1.0
9,0.740740741,0.272727273,True,True,0.9475403864841564,True,1.0,True,0.9610448292951966,RandomForest,RandomForest,True,1.0
0,2.0,0.0,False,False,0.08001935883451179,False,0.02181401155817812,False,0.4809839207825423,RandomForest,RandomForest,False,0.02181401155817812
2,1.142857143,0.0,True,False,0.478156875761779,True,0.8813953488372093,True,0.6992435749994742,RandomForest,RandomForest,True,0.8813953488372093
2,2.0,0.979166667,True,True,0.9264928185118948,True,1.0,True,0.9552715397245678,RandomForest,RandomForest,True,1.0
51,0.8979166670000001,0.0,True,True,0.9999999146764994,True,1.0,True,0.9942892951458449,RandomForest,RandomForest,True,1.0
3,2.0,0.0,False,False,0.4720906513659924,True,1.0,True,0.9905101035663012,Voting,RandomForest,True,0.9622921893832852
18,0.966165414,0.0,True,True,0.9961597660372208,True,1.0,True,0.9536640208322792,RandomForest,RandomForest,True,1.0
2,2.0,0.959183673,True,True,0.922351474093672,True,1.0,True,0.9588809440210336,RandomForest,RandomForest,True,1.0
6,0.0,0.916666667,True,True,0.983282878469936,True,1.0,True,0.7178345437181185,RandomForest,RandomForest,True,1.0
0,2.0,0.0,False,False,0.08001935883451179,False,0.02181401155817812,False,0.4809839207825423,RandomForest,RandomForest,False,0.02181401155817812
0,2.0,0.0,False,False,0.08001935883451179,False,0.02181401155817812,False,0.4809839207825423,RandomForest,RandomForest,False,0.02181401155817812
9,0.904761905,0.88,True,True,0.991251376159816,True,1.0,True,0.958962899104594,RandomForest,RandomForest,True,1.0
0,0.375,0.8,False,True,0.5450919496078925,False,0.1,False,0.255709327352844,RandomForest,RandomForest,False,0.1
13,2.0,0.882352941,True,True,0.9969815770933314,True,1.0,True,0.9094449587229988,RandomForest,RandomForest,True,1.0
39,0.982905983,0.977777778,True,True,0.999999582631001,True,1.0,True,0.8306008412694683,RandomForest,RandomForest,True,1.0
0,2.0,0.0,False,False,0.08001935883451179,False,0.02181401155817812,False,0.4809839207825423,RandomForest,RandomForest,False,0.02181401155817812
1,2.0,0.0,True,False,0.1678425535440624,False,0.2449945152886329,False,0.4943989915820594,RandomForest,RandomForest,False,0.2449945152886329
2,2.0,0.94,True,True,0.9179503143301428,True,1.0,True,0.9695736371816224,RandomForest,RandomForest,True,1.0
32,0.906177156,0.0,True,True,0.9999592607772426,True,1.0,True,0.9943218721180228,RandomForest,RandomForest,True,1.0
0,0.5,0.974358974,False,True,0.5818128324334092,False,0.1,False,0.16937557156843394,RandomForest,RandomForest,False,0.1
9,0.666666667,0.851851852,True,True,0.9921442336808528,True,1.0,True,0.8174916929679262,RandomForest,RandomForest,True,1.0
13,0.767857143,0.0,False,True,0.9847419646742774,True,1.0,True,0.9630927916708164,RandomForest,RandomForest,True,1.0
8,0.462962963,0.0,True,True,0.897485341530996,True,1.0,True,0.829058920200803,RandomForest,RandomForest,True,1.0
0,2.0,1.0,False,True,0.5465992497036846,False,0.0,False,0.1861695848000328,RandomForest,RandomForest,False,0.0
0,2.0,0.0,False,False,0.08026946588406307,False,0.024339920574553992,False,0.4810053465265609,RandomForest,RandomForest,False,0.024339920574553992
6,2.0,1.0,True,True,0.976727428140838,True,1.0,True,0.908322633941841,RandomForest,RandomForest,True,1.0
4,0.625,0.5,True,True,0.8636185456569884,True,0.9,True,0.9918958112689219,RandomForest,RandomForest,True,0.9
1,1.037878788,0.0,False,False,0.467681721077549,True,0.8,True,0.6257332295620208,Voting,Voting,False,0.467681721077549
8,0.5,0.0,True,True,0.8938428827523913,True,1.0,True,0.9783577901922784,RandomForest,RandomForest,True,1.0
0,2.0,0.0,False,False,0.08026946588406307,False,0.024339920574553992,False,0.4810053465265609,RandomForest,RandomForest,False,0.024339920574553992
2,2.0,0.0,True,False,0.4041843325667913,True,0.9175075004276566,True,0.5160924544270221,RandomForest,RandomForest,True,0.892867988370335
8,2.0,0.0,False,True,0.5641605414431919,True,0.55,True,0.5008823534322364,RandomForest,RandomForest,True,0.55
0,2.0,0.0,False,False,0.08026946588406307,False,0.024339920574553992,False,0.4810053465265609,RandomForest,RandomForest,False,0.024339920574553992
10,1.023550725,0.0,True,True,0.9346318342171612,True,1.0,True,0.9576111165134359,RandomForest,RandomForest,True,1.0
11,0.7142857140000001,0.6875,True,True,0.9939507191598476,True,0.8,True,0.8947522097130657,RandomForest,RandomForest,True,0.8
0,2.0,0.0,False,False,0.08026946588406307,False,0.024339920574553992,False,0.4810053465265609,RandomForest,RandomForest,False,0.024339920574553992
3,0.666666667,0.0,True,True,0.5784514815798116,True,1.0,True,0.9739893310384538,RandomForest,RandomForest,True,1.0
4,0.0,0.944444444,True,True,0.9748359959540012,True,0.9,True,0.6623725016638111,RandomForest,RandomForest,True,0.9
18,2.0,0.666666667,True,True,0.999084346740642,True,0.9,True,0.8577706208810926,RandomForest,RandomForest,True,0.9
11,2.0,0.8214285709999999,True,True,0.9932394215709859,True,0.9333333333333332,True,0.9423018141042258,RandomForest,RandomForest,True,0.9333333333333332
17,2.0,0.909090909,True,True,0.9992679495699276,True,1.0,True,0.8339818486374605,RandomForest,RandomForest,True,1.0
7,0.7179487179999999,0.806451613,True,True,0.9820108210346264,True,1.0,True,0.9029186078411608,RandomForest,RandomForest,True,1.0
0,2.0,0.0,False,False,0.08026946588406307,False,0.024339920574553992,False,0.4810053465265609,RandomForest,RandomForest,False,0.024339920574553992
0,0.7777777779999999,0.0,False,False,0.1370585337841314,False,0.0,False,0.14752528134763634,RandomForest,RandomForest,False,0.0
21,0.8516129029999999,0.333333333,True,True,0.9994974937237472,True,1.0,True,0.97120030335268,RandomForest,RandomForest,True,1.0
0,2.0,0.0,False,False,0.08026946588406307,False,0.024339920574553992,False,0.4810053465265609,RandomForest,RandomForest,False,0.024339920574553992
15,0.901234568,0.0,True,True,0.9920160563473668,True,1.0,True,0.9515791123037908,RandomForest,RandomForest,True,1.0
0,0.5,0.974358974,False,True,0.5818128324334092,False,0.1,False,0.16937557156843394,RandomForest,RandomForest,False,0.1
0,2.0,1.0,False,True,0.5465992497036846,False,0.0,False,0.1861695848000328,RandomForest,RandomForest,False,0.0
11,2.0,0.909090909,True,True,0.9945772774040348,True,0.9333333333333332,True,0.9200915427635992,RandomForest,RandomForest,True,0.9333333333333332
25,0.945736434,0.3695652170000001,True,True,0.9998738643274964,True,1.0,True,0.9540209409810584,RandomForest,RandomForest,True,1.0
0,2.0,0.0,False,False,0.08026946588406307,False,0.024339920574553992,False,0.4810053465265609,RandomForest,RandomForest,False,0.024339920574553992
21,0.125,0.0,True,True,0.9991452987114736,True,1.0,True,0.939525927057826,RandomForest,RandomForest,True,1.0
18,0.951219512,0.601941748,True,True,0.999241217273068,True,1.0,True,0.9110073945295464,RandomForest,RandomForest,True,1.0
29,0.75,0.0,True,True,0.9999268033572264,True,1.0,True,0.9978577286729394,RandomForest,RandomForest,True,1.0
1,1.095238095,0.0,True,False,0.4632590345687453,True,0.6,True,0.5750453489023822,RandomForest,RandomForest,True,0.6
29,0.926666667,0.0,True,True,0.9999225286911068,True,1.0,True,0.9759151513454912,RandomForest,RandomForest,True,1.0
14,2.0,0.0,True,True,0.9835862903946072,True,0.7166666666666666,True,0.7368506848149191,RandomForest,RandomForest,True,0.7166666666666666
5,1.111111111,0.0,True,True,0.6169501119372661,True,0.8,True,0.9009148726531664,RandomForest,RandomForest,True,0.8
2,2.0,0.0,True,False,0.4041843325667913,True,0.9175075004276566,True,0.5160924544270221,RandomForest,RandomForest,True,0.892867988370335
24,0.964285714,0.535714286,True,True,0.999879183443964,True,1.0,True,0.8936596557039009,RandomForest,RandomForest,True,1.0
10,1.25,0.0,False,True,0.9228997121541922,True,0.9,True,0.8290769559747591,RandomForest,RandomForest,True,0.9
6,0.333333333,0.894736842,True,True,0.9830904013750518,True,1.0,True,0.8511342039028842,RandomForest,RandomForest,True,1.0
3,2.0,0.911111111,True,True,0.9227967248186304,True,1.0,True,0.9631403916119337,RandomForest,RandomForest,True,1.0
25,0.891304348,0.571428571,True,True,0.9999220309535674,True,1.0,True,0.7952165067106072,RandomForest,RandomForest,True,1.0
0,2.0,0.0,False,False,0.08026946588406307,False,0.024339920574553992,False,0.4810053465265609,RandomForest,RandomForest,False,0.024339920574553992
8,2.0,0.0,True,True,0.5641605414431919,True,0.55,True,0.5008823534322364,RandomForest,RandomForest,True,0.55
3,2.0,0.0,True,False,0.4423963634615733,True,0.8936630036630036,True,0.5169287681198707,RandomForest,RandomForest,True,0.8602358451295643
8,1.090909091,0.0,True,False,0.4903995844643211,True,0.6,True,0.5209764114545354,RandomForest,RandomForest,True,0.6
3,1.5,0.964285714,True,True,0.9452220515243908,True,0.9,True,0.8822272982951651,RandomForest,RandomForest,True,0.9
3,2.0,0.0,True,False,0.4423963634615733,True,0.8936630036630036,True,0.5169287681198707,RandomForest,RandomForest,True,0.8602358451295643
4,0.75,0.967741935,True,True,0.9691849923473244,True,1.0,True,0.9472435913727056,RandomForest,RandomForest,True,1.0
2,1.0,0.0,True,False,0.49926842155784706,True,1.0,True,0.9727463882384292,RandomForest,RandomForest,True,1.0
9,2.0,0.0,True,True,0.8121600794510385,True,0.9,True,0.8339524317439915,RandomForest,RandomForest,True,0.9
3,2.0,0.788461538,True,True,0.8734853555990983,True,1.0,True,0.947769242771792,RandomForest,RandomForest,True,1.0
4,2.0,0.0,True,True,0.5063060472687232,True,1.0,True,0.9742735990719468,RandomForest,RandomForest,True,1.0
3,2.0,0.985507246,True,True,0.939427852451355,True,1.0,True,0.9250790791342096,RandomForest,RandomForest,True,1.0
3,2.0,0.872340426,True,True,0.9107575846076578,True,1.0,True,0.9352849266894384,RandomForest,RandomForest,True,1.0
6,2.0,0.971830986,True,True,0.9625160261559,True,1.0,True,0.9261843469498712,RandomForest,RandomForest,True,1.0
0,2.0,0.0,False,False,0.08203641851311581,False,0.02175958775546289,False,0.4802798629386341,RandomForest,RandomForest,False,0.02175958775546289
1,0.666666667,0.5555555560000001,True,True,0.7215271343258479,True,0.8,True,0.9173417770220578,RandomForest,RandomForest,True,0.8
4,0.5,0.0,True,True,0.6447758618081249,True,1.0,True,0.9805558811443108,RandomForest,RandomForest,True,1.0
0,0.6984126979999999,0.0,False,False,0.13759729951442168,False,0.0,False,0.09859551897803727,RandomForest,RandomForest,False,0.0
3,0.4625,0.515151515,True,True,0.8079256228909975,True,0.9,True,0.6557317814665389,RandomForest,RandomForest,True,0.9
4,0.75,0.969230769,True,True,0.9512529884382372,True,1.0,True,0.9525143168479028,RandomForest,RandomForest,True,1.0
31,0.953007519,0.6190476189999999,True,True,0.9999892564314096,True,1.0,True,0.9582357810536464,RandomForest,RandomForest,True,1.0
2,2.0,0.0,True,False,0.4214618003927724,True,0.8291056074507599,True,0.5108590264879257,RandomForest,RandomForest,True,0.8090809993847534
2,0.972222222,0.6,True,True,0.7394707898983598,True,1.0,True,0.9097930091471982,RandomForest,RandomForest,True,1.0
3,2.0,0.911111111,True,True,0.8779089237817045,True,1.0,True,0.9720675806844922,RandomForest,RandomForest,True,1.0
2,2.0,0.979166667,True,True,0.8794066951996755,True,1.0,True,0.9685782397262817,RandomForest,RandomForest,True,1.0
0,2.0,0.0,False,False,0.08203641851311581,False,0.02175958775546289,False,0.4802798629386341,RandomForest,RandomForest,False,0.02175958775546289
0,2.0,0.0,False,False,0.08203641851311581,False,0.02175958775546289,False,0.4802798629386341,RandomForest,RandomForest,False,0.02175958775546289
4,0.666666667,0.666666667,True,True,0.8854773052610753,True,1.0,True,0.964877721045188,RandomForest,RandomForest,True,1.0
0,2.0,0.0,False,False,0.08203641851311581,False,0.02175958775546289,False,0.4802798629386341,RandomForest,RandomForest,False,0.02175958775546289
0,2.0,0.0,False,False,0.08203641851311581,False,0.02175958775546289,False,0.4802798629386341,RandomForest,RandomForest,False,0.02175958775546289
12,0.963235294,0.0,True,True,0.9744933268456868,True,1.0,True,0.9519345463297664,RandomForest,RandomForest,True,1.0
7,1.133333333,0.909090909,True,True,0.9757942917632932,True,0.9,True,0.946929579298554,RandomForest,RandomForest,True,0.9
9,1.035714286,0.066666667,True,True,0.902502361964296,True,0.9,True,0.9241609722430784,RandomForest,RandomForest,True,0.9
2,0.9,0.0,True,False,0.4998669164695103,True,0.8,True,0.7870682613415465,RandomForest,RandomForest,True,0.8
17,0.773809524,0.0,True,True,0.9957562917509124,True,0.9,True,0.8534568181517398,RandomForest,RandomForest,True,0.9
0,2.0,0.0,False,False,0.08203641851311581,False,0.02175958775546289,False,0.4802798629386341,RandomForest,RandomForest,False,0.02175958775546289
2,2.0,0.979166667,True,True,0.8794066951996755,True,1.0,True,0.9685782397262817,RandomForest,RandomForest,True,1.0
7,2.0,0.727272727,True,True,0.9336126639877445,True,0.9,True,0.916784522561786,RandomForest,RandomForest,True,0.9
3,1.333333333,0.0,True,False,0.16951971979686808,False,0.4,False,0.3322439740500165,RandomForest,RandomForest,False,0.4
2,2.0,0.0,True,False,0.4214618003927724,True,0.8291056074507599,True,0.5108590264879257,RandomForest,RandomForest,True,0.8090809993847534
2,2.0,0.0,True,False,0.4214618003927724,True,0.8291056074507599,True,0.5108590264879257,RandomForest,RandomForest,True,0.8090809993847534
2,2.0,0.854545455,True,True,0.8142395971797419,True,1.0,True,0.9007706527252736,RandomForest,RandomForest,True,1.0
2,2.0,0.959183673,True,True,0.8708862147626303,True,1.0,True,0.9738466304079187,RandomForest,RandomForest,True,1.0
0,2.0,0.0,False,False,0.08203641851311581,False,0.02175958775546289,False,0.4802798629386341,RandomForest,RandomForest,False,0.02175958775546289
4,0.666666667,0.952380952,True,True,0.9504910265121824,True,1.0,True,0.9747798457010592,RandomForest,RandomForest,True,1.0
11,2.0,0.64,True,True,0.9870812401771104,True,1.0,True,0.9422246642401426,RandomForest,RandomForest,True,1.0
2,2.0,0.94,True,True,0.8620098249123024,True,1.0,True,0.9774019488539808,RandomForest,RandomForest,True,1.0
0,2.0,0.0,True,False,0.08203641851311581,False,0.02175958775546289,False,0.4802798629386341,RandomForest,RandomForest,False,0.02175958775546289
0,2.0,0.0,False,False,0.08203641851311581,False,0.02175958775546289,False,0.4802798629386341,RandomForest,RandomForest,False,0.02175958775546289
3,1.0,0.969072165,True,True,0.9289296778032452,True,1.0,True,0.927325681525486,RandomForest,RandomForest,True,1.0
20,2.0,0.0,True,True,0.9981544038371876,True,1.0,True,0.8101359105371309,RandomForest,RandomForest,True,1.0
0,2.0,0.0,False,False,0.08203641851311581,False,0.02175958775546289,False,0.4802798629386341,RandomForest,RandomForest,False,0.02175958775546289
6,2.0,1.0,True,True,0.9661107059204482,True,1.0,True,0.9192841770340592,RandomForest,RandomForest,True,1.0
1,2.0,0.0,False,False,0.1977268052895262,False,0.36030835745669504,False,0.4981735845905352,RandomForest,RandomForest,False,0.36030835745669504
0,2.0,0.0,False,False,0.08203641851311581,False,0.02175958775546289,False,0.4802798629386341,RandomForest,RandomForest,False,0.02175958775546289
2,2.0,0.0,True,False,0.4214618003927724,True,0.8291056074507599,True,0.5108590264879257,RandomForest,RandomForest,True,0.8090809993847534
39,2.0,0.87804878,True,True,0.9999995120410098,True,1.0,True,0.9009194878052152,RandomForest,RandomForest,True,1.0
6,2.0,0.0,True,True,0.5239535551740009,True,0.6683333333333333,True,0.5098560075792706,RandomForest,RandomForest,True,0.6683333333333333
0,2.0,1.0,False,True,0.5016718870386264,False,0.0,False,0.1728545138355001,RandomForest,RandomForest,False,0.0
5,0.666666667,0.955223881,True,True,0.9640099597344768,True,1.0,True,0.9739677445367056,RandomForest,RandomForest,True,1.0
1,0.0,0.0,False,True,0.6182471646292312,True,0.6,True,0.6461876684500615,RandomForest,RandomForest,True,0.6
5,0.25,0.0,True,True,0.7530502910127436,True,0.9,True,0.7941707267608735,RandomForest,RandomForest,True,0.9
0,2.0,0.0,False,False,0.08203641851311581,False,0.02175958775546289,False,0.4802798629386341,RandomForest,RandomForest,False,0.02175958775546289
0,1.2,0.0,False,False,0.09801841429163027,False,0.0,False,0.057465348464770964,RandomForest,RandomForest,False,0.0
2,2.0,0.0,True,False,0.4214618003927724,True,0.8291056074507599,True,0.5108590264879257,RandomForest,RandomForest,True,0.8090809993847534
3,0.928571429,0.0,True,True,0.5338498299053166,True,0.9,True,0.9327311270323362,RandomForest,RandomForest,True,0.9
36,2.0,0.0,True,True,0.9999918953998512,True,0.7,True,0.7806761375784893,RandomForest,RandomForest,True,0.7
4,2.0,0.0,True,True,0.5135634870925281,True,1.0,True,0.9727742285297144,RandomForest,RandomForest,True,1.0
0,2.0,0.0,False,False,0.08203641851311581,False,0.02175958775546289,False,0.4802798629386341,RandomForest,RandomForest,False,0.02175958775546289
0,2.0,0.0,False,False,0.08203641851311581,False,0.02175958775546289,False,0.4802798629386341,RandomForest,RandomForest,False,0.02175958775546289
15,0.84981685,0.0,True,True,0.9915869560054744,True,1.0,True,0.9511843944476128,RandomForest,RandomForest,True,1.0
15,0.964102564,0.47826087,True,True,0.9967303472579712,True,1.0,True,0.9604392294612412,RandomForest,RandomForest,True,1.0
3,2.0,0.872340426,True,True,0.8278228472317551,True,1.0,True,0.9339922079298464,RandomForest,RandomForest,True,1.0
4,0.75,0.960784314,True,True,0.9542947682839196,True,1.0,True,0.9515832939534159,RandomForest,RandomForest,True,1.0
0,2.0,0.0,False,False,0.07772786446461794,False,0.02426112452288224,False,0.4822000823190744,RandomForest,RandomForest,False,0.02426112452288224
3,2.0,0.854166667,True,True,0.8176908913349149,True,1.0,True,0.9343237270949784,RandomForest,RandomForest,True,1.0
0,2.0,0.0,False,False,0.07772786446461794,False,0.02426112452288224,False,0.4822000823190744,RandomForest,RandomForest,False,0.02426112452288224
6,2.0,0.0,True,True,0.5719301578376632,True,0.625,True,0.5035850007158392,RandomForest,RandomForest,True,0.625
13,0.9,0.954545455,True,True,0.999305993636578,True,0.9,True,0.7847726871337809,RandomForest,RandomForest,True,0.9
52,1.166666667,0.0,True,True,0.9999999999380136,True,1.0,True,0.9009919405381313,RandomForest,RandomForest,True,1.0
6,0.0,0.0,False,True,0.9220489229403268,False,0.3,True,0.5574579159722434,RandomForest,RandomForest,False,0.3
9,2.0,0.8214285709999999,True,True,0.9908065167886484,True,1.0,True,0.949280367723558,RandomForest,RandomForest,True,1.0
0,2.0,0.0,False,False,0.07772786446461794,False,0.02426112452288224,False,0.4822000823190744,RandomForest,RandomForest,False,0.02426112452288224
0,0.303030303,0.0,False,True,0.5617559644173331,True,0.8,True,0.866158868497687,RandomForest,RandomForest,True,0.8
6,2.0,0.0,True,True,0.5719301578376632,True,0.625,True,0.5035850007158392,RandomForest,RandomForest,True,0.625
2,2.0,0.0,True,False,0.4418383322350623,True,0.9363652484705576,True,0.5148207803358619,RandomForest,RandomForest,True,0.9118685591214308
3,2.0,0.931818182,True,True,0.8586049608397756,True,1.0,True,0.9335546374807796,RandomForest,RandomForest,True,1.0
3,1.166666667,0.0,True,True,0.5472887332024682,True,0.9,False,0.3927959531964213,RandomForest,RandomForest,True,0.9
3,2.0,0.0,True,False,0.4709379239376453,True,0.9448809523809524,True,0.5150540146254323,RandomForest,RandomForest,True,0.9087710073567005
11,1.333333333,0.0,True,True,0.9880305577999212,False,0.5,True,0.7918952954579261,RandomForest,RandomForest,False,0.5
0,2.0,0.0,False,False,0.07772786446461794,False,0.02426112452288224,False,0.4822000823190744,RandomForest,RandomForest,False,0.02426112452288224
20,0.8327526129999999,0.8,True,True,0.9999642644789194,True,0.9,True,0.8551916292798628,RandomForest,RandomForest,True,0.9
4,0.333333333,0.0,True,True,0.7655655334716598,True,1.0,True,0.9613328404555732,RandomForest,RandomForest,True,1.0
12,0.907054871,0.0,True,True,0.9940777822458421,True,1.0,True,0.9768382368294908,RandomForest,RandomForest,True,1.0
0,2.0,0.0,False,False,0.07772786446461794,False,0.02426112452288224,False,0.4822000823190744,RandomForest,RandomForest,False,0.02426112452288224
0,2.0,0.0,False,False,0.07772786446461794,False,0.02426112452288224,False,0.4822000823190744,RandomForest,RandomForest,False,0.02426112452288224
1,0.857142857,0.0,False,False,0.4884097506566084,True,1.0,True,0.7396998627457457,Voting,Voting,False,0.4884097506566084
2,2.0,0.0,True,False,0.4418383322350623,True,0.9363652484705576,True,0.5148207803358619,RandomForest,RandomForest,True,0.9118685591214308
0,2.0,0.0,False,False,0.07772786446461794,False,0.02426112452288224,False,0.4822000823190744,RandomForest,RandomForest,False,0.02426112452288224
6,2.0,0.882352941,True,True,0.9537502766439702,True,1.0,True,0.9699646858329524,RandomForest,RandomForest,True,1.0
16,2.0,0.8684210529999999,True,True,0.999744549956706,True,1.0,True,0.8921402964990227,RandomForest,RandomForest,True,1.0
0,0.0,0.85,False,True,0.5111178783819715,False,0.1,False,0.07080299985506233,RandomForest,RandomForest,False,0.1
2,1.333333333,0.975308642,True,True,0.8734758561590826,True,1.0,True,0.9465675984789852,RandomForest,RandomForest,True,1.0
7,1.066666667,0.0,True,True,0.8611862421970531,True,0.7,True,0.6123602703223356,RandomForest,RandomForest,True,0.7
2,2.0,0.87037037,True,True,0.7753430554597237,True,1.0,True,0.966656228564135,RandomForest,RandomForest,True,1.0
16,0.97979798,0.0,True,True,0.9990755462955716,True,1.0,True,0.98783090042436,RandomForest,RandomForest,True,1.0
2,0.666666667,0.0,True,True,0.5607997782671559,True,1.0,True,0.8960981272343621,RandomForest,RandomForest,True,1.0
2,2.0,0.979166667,True,True,0.8377753293168807,True,1.0,True,0.975426711656352,RandomForest,RandomForest,True,1.0
21,0.939393939,0.0,True,True,0.9999078982392454,True,1.0,True,0.9806328185658264,RandomForest,RandomForest,True,1.0
3,2.0,0.931818182,True,True,0.8586049608397756,True,1.0,True,0.9335546374807796,RandomForest,RandomForest,True,1.0
3,2.0,0.895238095,True,True,0.8401445648207382,True,1.0,True,0.94253878113626,RandomForest,RandomForest,True,1.0
1,0.791666667,0.476190476,True,True,0.6505031277367536,True,0.7,True,0.7251984762344537,RandomForest,RandomForest,True,0.7
16,0.6,0.632911392,True,True,0.9997141252627428,True,0.7,True,0.5924055935225506,RandomForest,RandomForest,True,0.7
3,2.0,0.979166667,True,True,0.8799120644199574,True,1.0,True,0.9508690215559584,RandomForest,RandomForest,True,1.0
48,0.333333333,0.944444444,True,True,0.999999999936124,True,0.8,True,0.8725306296516306,RandomForest,RandomForest,True,0.8
3,2.0,0.0,True,False,0.4709379239376453,True,0.9448809523809524,True,0.5150540146254323,RandomForest,RandomForest,True,0.9087710073567005
11,0.7894736840000001,0.64,True,True,0.9969737570604548,True,1.0,True,0.9597188541008717,RandomForest,RandomForest,True,1.0
2,2.0,0.959183673,True,True,0.8273490995572139,True,1.0,True,0.97595866628542,RandomForest,RandomForest,True,1.0
7,2.0,0.0,True,True,0.7705505074028508,True,0.7,True,0.6527009304408528,RandomForest,RandomForest,True,0.7
14,1.5,0.0,False,True,0.6640628533490557,False,0.1,True,0.5754755991107832,RandomForest,RandomForest,False,0.1
41,0.863095238,0.0,True,True,0.9999999908377196,True,1.0,True,0.9937874800136732,RandomForest,RandomForest,True,1.0
17,2.0,0.0,True,True,0.8881650766453189,True,0.6952380952380952,False,0.2626264522573927,RandomForest,RandomForest,True,0.6952380952380952
6,1.333333333,0.971830986,True,True,0.9755256707172184,True,1.0,True,0.9624696036636248,RandomForest,RandomForest,True,1.0
2,2.0,0.921568627,True,True,0.8063146891984978,True,1.0,True,0.9665301127457538,RandomForest,RandomForest,True,1.0
3,2.0,0.911111111,True,True,0.8483529534613227,True,1.0,True,0.9429671551649288,RandomForest,RandomForest,True,1.0
14,0.882352941,0.0,True,True,0.9977266007489723,True,0.9,True,0.979442628818067,RandomForest,RandomForest,True,0.9
7,0.75,0.545454545,True,True,0.9666149823456832,True,0.9,True,0.910793318575328,RandomForest,RandomForest,True,0.9
10,0.5,0.884615385,True,True,0.9971107326905142,True,0.9,True,0.7387910572068914,RandomForest,RandomForest,True,0.9
6,2.0,0.428571429,True,True,0.8053513369314294,True,1.0,True,0.7258278216788258,RandomForest,RandomForest,True,1.0
0,2.0,0.0,False,False,0.07772786446461794,False,0.02426112452288224,False,0.4822000823190744,RandomForest,RandomForest,False,0.02426112452288224
3,2.0,0.734375,True,True,0.7564013656186236,True,1.0,True,0.9355866213972152,RandomForest,RandomForest,True,1.0
19,0.611111111,0.625,True,True,0.999962693195518,True,0.9,True,0.9471220506739259,RandomForest,RandomForest,True,0.9
3,2.0,0.810344828,True,True,0.8000045067133082,True,1.0,True,0.973470361455362,RandomForest,RandomForest,True,1.0
6,0.8,0.0,True,True,0.8139521752626915,True,0.7,True,0.8335991768611755,RandomForest,RandomForest,True,0.7
13,2.0,0.0,True,True,0.997245146985632,True,1.0,True,0.923267835702813,RandomForest,RandomForest,True,1.0
2,2.0,0.0,True,False,0.4220704487494866,True,0.9070999781359752,True,0.511135061189966,RandomForest,RandomForest,True,0.8828485016666507
46,0.055555556,0.0,True,True,0.9999999998748206,True,0.7,True,0.7970576100406346,RandomForest,RandomForest,True,0.7
9,0.7564102559999999,0.0,True,True,0.9725777921482012,True,1.0,True,0.980256679725317,RandomForest,RandomForest,True,1.0
0,2.0,0.0,False,False,0.07357585452647959,False,0.016384079963383667,False,0.4797564692781725,RandomForest,RandomForest,False,0.016384079963383667
2,2.0,0.0,True,False,0.4220704487494866,True,0.9070999781359752,True,0.511135061189966,RandomForest,RandomForest,True,0.8828485016666507
13,2.0,0.666666667,True,True,0.9991865804058564,True,1.0,True,0.8599542628529665,RandomForest,RandomForest,True,1.0
0,2.0,0.0,False,False,0.07357585452647959,False,0.016384079963383667,False,0.4797564692781725,RandomForest,RandomForest,False,0.016384079963383667
0,2.0,0.0,False,False,0.07357585452647959,False,0.016384079963383667,False,0.4797564692781725,RandomForest,RandomForest,False,0.016384079963383667
0,2.0,0.944444444,True,False,0.3953661545873115,False,0.0,False,0.3724449560774281,RandomForest,RandomForest,False,0.0
2,2.0,0.979166667,True,True,0.8407952391693151,True,1.0,True,0.9428292578255046,RandomForest,RandomForest,True,1.0
1,2.0,0.0,True,False,0.21269822955753925,False,0.3342009112804307,False,0.4978261609848952,RandomForest,RandomForest,False,0.3342009112804307
5,2.0,1.0,True,True,0.956314737259414,True,1.0,True,0.9411692949324632,RandomForest,RandomForest,True,1.0
12,2.0,0.7333333329999999,True,True,0.9987646848523758,True,1.0,True,0.9493367438544232,RandomForest,RandomForest,True,1.0
1,2.0,0.0,False,False,0.21269822955753925,False,0.3342009112804307,False,0.4978261609848952,RandomForest,RandomForest,False,0.3342009112804307
4,0.75,0.966101695,True,True,0.9516567511930472,True,1.0,True,0.962878442451456,RandomForest,RandomForest,True,1.0
5,2.0,0.0,True,True,0.5747438463435742,True,0.8516666666666666,True,0.5133956770091413,RandomForest,RandomForest,True,0.8516666666666666
2,2.0,0.921568627,True,True,0.8096737112688158,True,1.0,True,0.9450485501729298,RandomForest,RandomForest,True,1.0
0,2.0,0.0,True,False,0.07357585452647959,False,0.016384079963383667,False,0.4797564692781725,RandomForest,RandomForest,False,0.016384079963383667
14,0.666666667,0.0,True,True,0.9985584388115946,True,0.9,True,0.8626021136719135,RandomForest,RandomForest,True,0.9
16,2.0,0.0,False,True,0.9994284054064588,True,1.0,True,0.8694708775023675,RandomForest,Voting,True,0.9996189369376391
3,2.0,0.717557252,True,True,0.746854266452332,True,1.0,True,0.9147154649564472,RandomForest,RandomForest,True,1.0
14,0.985714286,0.307692308,True,True,0.9991465677210792,True,0.9,True,0.8672542864637519,RandomForest,RandomForest,True,0.9
3,2.0,0.773584906,True,True,0.7789171647418346,True,1.0,True,0.9265024634115951,RandomForest,RandomForest,True,1.0
10,2.0,1.0,False,True,0.9978073656319896,True,1.0,True,0.948671921782168,RandomForest,RandomForest,True,0.9989036828159947
3,2.0,1.0,True,True,0.8933003871382953,True,1.0,True,0.9295550352290076,RandomForest,RandomForest,True,1.0
4,1.25,0.0,True,True,0.6011453123643153,True,0.6,True,0.6333936751520924,RandomForest,RandomForest,True,0.6
3,1.0,0.897727273,True,True,0.8984760608487953,True,1.0,True,0.9122284700272879,RandomForest,RandomForest,True,1.0
5,0.916666667,0.608695652,True,True,0.8989361600169156,True,1.0,True,0.9429403348960806,RandomForest,RandomForest,True,1.0
13,0.951219512,0.046511628,True,True,0.9977184856154864,True,0.8,False,0.409976511382619,RandomForest,RandomForest,True,0.8
3,2.0,0.0,True,False,0.4827619358209514,True,0.9207184628237259,True,0.5138053358985983,RandomForest,RandomForest,True,0.8870294992081279
4,2.0,0.0,True,True,0.5660373112826996,True,1.0,True,0.9939563404804672,RandomForest,RandomForest,True,1.0
7,0.833333333,0.951807229,True,True,0.9890294370642876,True,1.0,True,0.9713670226095744,RandomForest,RandomForest,True,1.0
16,0.807407407,0.0,True,True,0.9994726803152848,True,1.0,True,0.9455741864866184,RandomForest,RandomForest,True,1.0
0,0.804761905,0.0,False,False,0.10856483193995707,False,0.0,False,0.1856058637017979,RandomForest,RandomForest,False,0.0
8,0.9375,0.0,True,True,0.9364671338655128,True,1.0,True,0.9734341812219236,RandomForest,RandomForest,True,1.0
3,0.9,0.947368421,True,True,0.916505042540472,True,1.0,True,0.9548804762907521,RandomForest,RandomForest,True,1.0
6,2.0,0.0,False,True,0.7067438743962592,True,1.0,True,0.9426584533650229,RandomForest,RandomForest,True,1.0
0,2.0,0.0,False,False,0.07357585452647959,False,0.016384079963383667,False,0.4797564692781725,RandomForest,RandomForest,False,0.016384079963383667
4,0.916666667,0.88,True,True,0.9319743172229308,True,1.0,True,0.9726946573977372,RandomForest,RandomForest,True,1.0
3,2.0,0.891304348,True,True,0.8442330362652957,True,1.0,True,0.9738980009437992,RandomForest,RandomForest,True,1.0
0,2.0,0.0,True,False,0.07357585452647959,False,0.016384079963383667,False,0.4797564692781725,RandomForest,RandomForest,False,0.016384079963383667
55,2.0,0.765957447,True,True,0.9999999999996206,True,1.0,True,0.8557389034429109,RandomForest,RandomForest,True,1.0
0,2.0,0.0,False,False,0.07357585452647959,False,0.016384079963383667,False,0.4797564692781725,RandomForest,RandomForest,False,0.016384079963383667
0,2.0,0.0,False,False,0.07357585452647959,False,0.016384079963383667,False,0.4797564692781725,RandomForest,RandomForest,False,0.016384079963383667
3,2.0,0.959183673,True,True,0.8766037063042913,True,1.0,True,0.9739590144329492,RandomForest,RandomForest,True,1.0
2,2.0,0.959183673,True,True,0.8304437527082715,True,1.0,True,0.9450485501744448,RandomForest,RandomForest,True,1.0
2,2.0,0.94,True,True,0.8200463842759586,True,1.0,True,0.9450485501744448,RandomForest,RandomForest,True,1.0
0,2.0,0.0,False,False,0.07357585452647959,False,0.016384079963383667,False,0.4797564692781725,RandomForest,RandomForest,False,0.016384079963383667
2,2.0,0.0,True,False,0.4220704487494866,True,0.9070999781359752,True,0.511135061189966,RandomForest,RandomForest,True,0.8828485016666507
9,0.626262626,0.230769231,True,True,0.9829767530253258,True,0.7,True,0.9690770719995854,RandomForest,RandomForest,True,0.7
7,0.7666666670000001,0.0,True,True,0.8928632548061696,True,1.0,True,0.9068570797894172,RandomForest,RandomForest,True,1.0
10,0.054545455,0.0,True,True,0.9889617295898212,False,0.5,True,0.7070429434734379,RandomForest,RandomForest,False,0.5
8,2.0,0.851851852,True,True,0.9879571102091492,True,1.0,True,0.8796769305066897,RandomForest,RandomForest,True,1.0
