noc,cbo,rfc,lcom,ca,ce,npm,loc,dam,mfa,ic,cbm,max_cc,bug,Voting_Prediction,Voting_Pred_Prob,RandomForest_Prediction,RandomForest_Pred_Prob,AdaBoost_Prediction,AdaBoost_Pred_Prob,selectedEnsemble
0,19,18,0,8,15,4,84,0.0,0.5,0,0,3,True,True,0.5801467577019296,True,0.6,True,0.5420118921845999,AdaBoost
0,13,41,7,1,12,9,286,0.5,0.72,2,6,6,True,True,0.9530616637762976,True,0.9,True,0.7658896733394597,AdaBoost
0,4,38,0,0,4,9,287,1.0,0.0,0,0,5,False,False,0.12613877235107002,True,0.7,True,0.5273430709283317,Voting
0,3,7,6,2,2,1,26,0.0,0.98125,2,3,3,False,True,0.5036864632531687,False,0.3,False,0.4661896049974947,AdaBoost
2,20,82,160,5,18,8,596,0.833333333,0.768421053,2,8,3,True,True,0.9910551362706048,True,0.9,True,0.8872702537174556,AdaBoost
3,13,6,10,10,3,0,8,0.0,0.0,0,0,1,False,False,0.14526906194898892,False,0.1,False,0.1340351049682651,AdaBoost
0,13,61,0,4,9,0,553,0.333333333,0.0,0,0,4,True,False,0.14901561363835816,True,0.6,True,0.5329525610699127,AdaBoost
0,6,34,34,1,6,7,323,0.7777777779999999,0.444444444,1,2,3,True,True,0.5430123284647971,False,0.4,True,0.5210668727283803,AdaBoost
0,8,36,58,1,7,13,191,1.0,0.0,0,0,1,False,True,0.5381938989048148,True,0.8,True,0.6180138261170847,AdaBoost
0,30,8,28,28,2,8,8,0.0,0.0,0,0,1,False,True,0.6035444921495485,True,0.8,True,0.7567440964534685,AdaBoost
0,3,7,0,2,1,3,125,0.14285714300000002,0.0,0,0,3,False,False,0.059771506535975225,False,0.0,False,0.13996875627001604,AdaBoost
0,2,19,0,1,1,8,65,0.0,0.708333333,1,4,1,False,False,0.4397766611363063,False,0.5,False,0.2754610449260208,AdaBoost
1,5,7,15,3,3,0,9,0.0,0.0,0,0,1,False,False,0.07023733392545728,False,0.1,False,0.23011623907350265,AdaBoost
2,10,8,21,7,3,0,10,0.0,0.0,0,0,1,False,False,0.1079544654402491,False,0.1,False,0.038460375308271434,AdaBoost
0,10,25,0,2,10,6,91,0.0,0.5,0,0,1,True,False,0.4755294468274136,False,0.4,False,0.4861894611096078,AdaBoost
0,2,17,0,0,2,6,90,1.0,0.5,1,1,2,True,False,0.4947715556981138,False,0.2,False,0.33348678585927954,AdaBoost
0,7,5,0,4,5,1,57,0.0,0.0,0,0,1,True,False,0.4185799718289341,False,0.4,True,0.619642860585713,AdaBoost
0,20,64,167,13,11,22,446,1.0,0.333333333,2,6,12,True,True,0.9959589268857691,True,0.9,True,0.8143471616488615,AdaBoost
0,2,4,1,1,1,1,13,0.0,0.923076923,1,1,2,True,False,0.09212215141454187,False,0.5,False,0.4076619108357058,AdaBoost
0,8,6,0,8,0,0,100,0.0,0.0,0,0,1,False,False,0.4005190740609532,False,0.3,False,0.3730242323673063,AdaBoost
0,79,22,0,79,0,10,145,0.0,0.0,1,1,6,True,True,0.9997200480571506,True,0.6,True,0.7401611391794998,AdaBoost
2,7,16,0,2,5,1,66,1.0,0.0,0,0,1,False,False,0.13367738946016808,True,0.6,False,0.4976999329674722,AdaBoost
0,16,22,0,11,6,6,100,1.0,0.6315789470000001,2,2,4,True,True,0.6751102794358393,True,0.9,True,0.6678523925542643,AdaBoost
2,4,21,13,2,2,3,185,0.75,0.583333333,1,2,1,True,True,0.5083390600419206,False,0.4,False,0.3408523438693974,Voting
0,36,2,0,36,0,1,5,0.0,1.0,0,0,0,False,True,0.9377597880117284,True,0.7,False,0.3603890412347933,AdaBoost
0,9,33,34,0,9,5,453,1.0,0.885057471,1,5,3,False,True,0.6032886566757648,True,0.7,True,0.6637292804767669,AdaBoost
0,16,6,6,15,3,3,15,0.0,0.0,0,0,1,False,False,0.490297631633746,True,0.7,True,0.7720334761638247,Voting
0,4,17,5,1,4,5,109,1.0,0.0,0,0,2,True,False,0.4469797608158004,True,0.6,False,0.4680568338841956,RandomForest
2,11,6,10,8,4,2,8,0.0,0.0,0,0,1,False,False,0.13509382616617924,False,0.1,False,0.2560783474941077,AdaBoost
3,57,36,176,52,5,19,193,0.5,0.0,0,0,1,True,True,0.9992789755263748,True,0.9,True,0.8675411908272427,AdaBoost
2,10,47,108,3,8,15,817,0.333333333,0.24,0,0,2,True,True,0.5938280968697058,True,0.7,True,0.5618025460791298,AdaBoost
5,10,6,4,9,1,5,19,1.0,0.0,0,0,1,True,True,0.8811254569636491,True,0.8,False,0.4072209279716513,AdaBoost
0,4,14,4,1,3,2,74,0.0,0.7777777779999999,1,2,1,False,False,0.4415511460173507,False,0.1,False,0.33520574808422404,AdaBoost
0,4,10,15,1,3,6,31,0.0,0.615384615,1,3,1,True,False,0.4597332861773526,True,0.6,False,0.4790848496608211,RandomForest
0,9,20,5,2,8,3,191,0.0,0.28571428600000004,0,0,8,False,False,0.1142549685326145,False,0.3,False,0.4843753982325595,AdaBoost
0,5,6,3,1,4,3,18,0.0,0.5,0,0,1,False,False,0.07049100912403101,True,0.6,False,0.4485966076234685,AdaBoost
0,14,2,0,11,3,0,11,0.0,1.0,0,0,0,False,False,0.4212864909885349,False,0.2,True,0.5635008871266833,AdaBoost
1,13,46,0,2,12,7,357,1.0,0.0,0,0,1,True,True,0.6162636833858203,True,0.7,True,0.7181719638895736,AdaBoost
0,30,39,0,28,3,17,432,0.833333333,0.0,0,0,5,False,True,0.9773037555127498,True,0.8,True,0.7405402326517591,AdaBoost
0,3,12,66,3,0,12,12,0.0,0.0,0,0,1,True,False,0.4535163852436501,False,0.5,True,0.5604468569597316,AdaBoost
0,5,12,0,4,1,0,95,0.0,0.0,0,0,1,False,False,0.06694675919188313,False,0.2,False,0.44059317396414205,AdaBoost
0,8,20,0,2,6,0,389,1.0,0.833333333,1,1,5,True,True,0.5080336867792656,True,0.6,False,0.49010757435577795,AdaBoost
0,31,57,203,25,6,18,565,0.222222222,0.0,0,0,3,True,True,0.984681098590057,True,0.7,True,0.9285494472590502,AdaBoost
0,19,1,0,18,1,1,1,0.0,0.0,0,0,1,False,False,0.4614459655472457,True,0.9,True,0.8207108926008265,Voting
0,9,51,14,3,6,5,414,0.75,0.0,0,0,4,False,False,0.1917096380474077,False,0.4,True,0.5336780550858623,AdaBoost
0,12,12,1,1,11,6,173,1.0,0.9215686270000001,0,0,6,False,False,0.4918816498391609,False,0.4,True,0.6241833196832484,AdaBoost
0,16,103,317,3,16,28,865,0.8888888890000001,0.688679245,1,10,3,True,True,0.9917295271853442,True,1.0,True,0.8456573897895376,AdaBoost
0,2,23,26,0,2,6,155,0.0,0.9137931029999999,0,0,1,True,False,0.08607361310334477,False,0.3,False,0.3787111212494004,AdaBoost
0,5,5,0,1,5,2,31,0.0,0.0,0,0,1,False,False,0.07978591029776874,True,0.6,True,0.5885466940682843,Voting
0,11,37,3,3,10,6,281,0.0,0.4,0,0,5,False,False,0.18323122473204756,False,0.2,True,0.5100741934858195,AdaBoost
1,8,6,10,6,3,0,8,0.0,0.0,0,0,1,False,False,0.09359749561540254,False,0.0,False,0.011567829153881458,AdaBoost
0,10,26,0,3,8,8,143,0.0,0.6,2,4,5,True,True,0.5761547956759842,True,0.9,True,0.6912848878227676,AdaBoost
0,7,21,9,2,6,6,120,0.333333333,0.705882353,2,3,6,True,True,0.5624233581905876,True,1.0,True,0.9609842238486116,AdaBoost
2,5,4,3,4,2,1,6,0.0,0.0,0,0,1,False,False,0.09141113827398813,False,0.2,False,0.21786071162962745,AdaBoost
0,9,39,0,1,8,11,480,1.0,0.545454545,2,2,13,True,True,0.6868264167614329,True,0.9,True,0.9715894239694188,AdaBoost
0,5,29,53,1,4,6,514,1.0,0.541666667,1,4,14,True,True,0.500631819560635,True,0.8,True,0.6065500853613833,AdaBoost
5,19,19,13,18,1,5,119,0.333333333,0.0,0,0,1,True,True,0.910586586673698,True,0.8,True,0.7045768036899022,AdaBoost
0,14,30,0,2,13,4,136,0.0,0.5,0,0,1,False,False,0.16852527297040468,True,0.7,True,0.7181474371469747,Voting
0,7,31,0,1,7,12,182,1.0,0.566666667,2,2,6,True,True,0.6337071755940277,True,0.9,True,0.9169860348498391,AdaBoost
1,14,4,0,13,1,3,25,0.333333333,0.0,0,0,1,True,False,0.4692918821090366,False,0.5,True,0.5925851001666708,AdaBoost
0,11,13,1,1,10,3,88,1.0,0.666666667,1,3,3,True,True,0.5045691377777453,True,0.6,True,0.6755806246896766,AdaBoost
6,28,5,3,25,3,3,15,0.0,0.0,0,0,1,True,True,0.5935294707446355,True,0.8,True,0.6320162598000804,AdaBoost
0,17,14,78,11,8,12,20,0.0,0.0,0,0,1,True,True,0.769683887917635,True,0.7,True,0.7814354552535766,AdaBoost
7,40,22,147,40,0,17,314,1.0,0.0,0,0,1,True,True,0.9955300133214472,True,0.8,True,0.9282329421985728,AdaBoost
6,16,19,70,15,1,11,121,1.0,0.0,0,0,2,True,True,0.9505654024537868,True,0.8,True,0.7330281353391905,AdaBoost
0,8,9,1,2,6,0,64,0.0,0.9523809520000001,1,1,1,True,False,0.452333455700128,True,0.7,True,0.5926742266955046,AdaBoost
0,4,6,0,2,3,3,44,0.0,0.5,0,0,3,False,False,0.4069410945531253,False,0.1,False,0.2629996588682661,AdaBoost
1,23,29,67,10,22,12,199,0.333333333,0.0,0,0,1,True,True,0.6526438798744264,True,0.8,True,0.7246228316692981,AdaBoost
0,2,3,1,0,2,2,7,0.0,0.0,0,0,1,False,False,0.05009767454132923,False,0.0,False,0.22306155867065366,AdaBoost
0,23,77,92,18,5,8,1568,0.523809524,0.0,1,1,4,True,True,0.9810704780980152,True,0.8,True,0.7527740161145177,AdaBoost
2,4,33,42,3,1,10,478,0.625,0.548387097,1,5,8,False,False,0.4219431188706709,True,0.6,True,0.5842140862690618,Voting
0,2,8,8,2,0,3,90,0.0,0.7142857140000001,1,2,3,False,False,0.10290346901128357,False,0.4,False,0.4152387225605457,AdaBoost
0,13,58,0,0,13,22,719,1.0,0.0,0,0,2,True,True,0.9418342197040852,False,0.5,True,0.6569980195576568,AdaBoost
0,3,19,0,1,2,5,100,0.0,0.5,1,2,1,False,False,0.4532246540378264,False,0.2,False,0.3679950659809828,AdaBoost
3,11,4,3,10,1,0,6,0.0,0.0,0,0,1,False,False,0.11079484661858263,False,0.2,False,0.3931766388976657,AdaBoost
0,18,11,55,6,12,11,11,0.0,0.0,0,0,1,True,True,0.5523203588039449,False,0.5,True,0.7769641996496071,AdaBoost
0,4,5,0,1,3,3,65,0.666666667,0.7777777779999999,0,0,4,False,False,0.08341285445490138,False,0.3,False,0.3452896798891307,AdaBoost
3,29,25,167,26,3,18,343,1.0,0.0,0,0,1,True,True,0.9863494108042272,True,0.9,True,0.8474376569999352,AdaBoost
0,9,46,102,2,8,16,454,1.0,0.413793103,2,4,7,True,True,0.9806905831681644,True,0.9,True,0.6917830195267417,AdaBoost
0,2,17,6,2,0,4,147,0.0,0.0,0,0,1,True,False,0.06364597218030317,False,0.2,False,0.3569788854299411,AdaBoost
0,6,4,1,4,2,0,39,0.0,0.923076923,1,3,4,True,False,0.08987731352370859,False,0.5,False,0.35992714274450865,AdaBoost
0,3,18,7,1,2,4,112,0.5,0.7,1,2,1,True,False,0.4729670032756226,False,0.5,True,0.5613866625937848,AdaBoost
0,8,22,38,5,3,10,447,0.0,0.607142857,1,4,8,False,False,0.17560665724802638,False,0.3,True,0.6486391596718419,AdaBoost
0,7,30,0,1,6,6,303,1.0,0.0,0,0,4,False,False,0.13961755469415058,True,0.6,False,0.44481615614849,AdaBoost
0,14,6,15,14,0,6,6,0.0,0.0,0,0,1,True,False,0.4384311667616145,False,0.5,True,0.6846541740252228,AdaBoost
3,9,8,21,6,4,0,15,0.0,0.0,0,0,1,False,False,0.12813243770580438,False,0.2,False,0.04311245197578008,AdaBoost
1,2,12,17,1,1,8,185,0.75,0.653846154,1,5,1,False,False,0.480453368047713,False,0.5,True,0.506111518549423,AdaBoost
0,5,10,4,5,0,0,298,0.0,0.0,0,0,4,False,False,0.3932309705902001,False,0.1,False,0.27541356337360595,AdaBoost
0,30,97,553,22,10,28,729,0.41176470600000004,0.686956522,1,2,6,True,True,0.9996284419440498,True,1.0,True,0.8169361390917842,AdaBoost
0,8,28,0,2,6,17,482,0.0,0.709677419,1,6,4,True,True,0.8282894438474174,True,0.7,True,0.7246395365535093,AdaBoost
1,3,16,0,1,2,0,178,1.0,0.0,0,0,3,True,False,0.09530802785965403,False,0.0,False,0.3064152373918156,AdaBoost
0,10,23,6,1,10,2,185,0.0,0.4,0,0,1,True,False,0.44283433440751735,False,0.0,False,0.2524126557549195,AdaBoost
0,8,2,1,8,0,2,2,0.0,0.0,0,0,1,False,False,0.3965120123739636,False,0.1,False,0.4781636282524839,AdaBoost
1,2,4,1,1,1,1,9,0.0,0.923076923,1,1,1,False,False,0.4520214179300669,True,0.8,True,0.8446126230396047,Voting
0,7,14,15,3,5,5,57,0.0,0.705882353,2,3,3,True,True,0.5608509444991806,False,0.4,True,0.5836608224127193,AdaBoost
0,12,21,24,2,12,5,167,0.0,0.363636364,0,0,6,False,False,0.15140930029720298,False,0.3,False,0.4739965857900522,AdaBoost
0,10,43,0,4,7,11,292,1.0,0.607142857,2,2,7,True,True,0.6836634151430756,True,0.8,True,0.9144942786283572,AdaBoost
1,7,6,10,5,2,0,8,0.0,0.0,0,0,1,False,False,0.07143661749421433,False,0.0,False,0.12617399922262615,AdaBoost
0,17,7,1,17,0,2,21,0.0,0.0,0,0,2,True,False,0.09396104063078382,False,0.5,True,0.5522913488826962,AdaBoost
0,8,12,4,1,7,3,55,1.0,0.857142857,1,1,2,True,True,0.5255145634011303,True,0.8,True,0.6584187569510925,AdaBoost
0,3,35,196,2,2,10,729,0.707317073,0.0,0,0,3,False,True,0.9106610798712704,True,0.7,True,0.6665193882185261,AdaBoost
0,7,53,38,3,6,9,725,0.857142857,0.0,0,0,6,True,True,0.6155206833156529,True,1.0,True,0.6224756511058536,AdaBoost
0,2,25,0,1,1,11,98,0.0,0.62962963,1,5,1,False,False,0.10282701409845063,False,0.3,False,0.3460639236954087,AdaBoost
0,1,25,22,1,0,6,126,1.0,0.0,0,0,5,True,False,0.39774908696923017,False,0.3,True,0.596144585347956,AdaBoost
0,4,3,1,3,1,2,16,0.0,0.0,0,0,0,True,False,0.05804053859507832,False,0.0,False,0.3117999085055039,AdaBoost
0,2,19,15,2,0,4,184,0.0,0.8125,1,1,14,True,False,0.1041641401788439,True,0.8,True,0.5843895008622298,AdaBoost
1,6,4,3,5,1,0,6,0.0,0.0,0,0,1,False,False,0.3987195261556069,False,0.1,False,0.07880555073952439,AdaBoost
0,31,128,39,4,30,0,1901,0.884615385,0.0,0,0,6,True,True,0.983088484022486,False,0.5,True,0.7809395700024866,AdaBoost
0,3,23,0,1,2,8,143,0.5,0.538461538,2,2,2,False,False,0.2499802787421481,False,0.3,True,0.5784011911336784,AdaBoost
0,53,185,1998,18,46,0,2835,0.409836066,0.0,0,0,23,True,True,0.9999294600636149,True,0.7,True,0.6128817151995175,AdaBoost
0,4,21,8,0,4,7,116,1.0,0.3,2,2,2,True,True,0.6040248914001148,True,0.7,True,0.786411386353668,AdaBoost
0,1,7,1,0,1,2,37,0.0,0.0,0,0,3,False,False,0.0468467231875051,False,0.0,False,0.28643303597020664,AdaBoost
4,10,6,0,9,1,2,22,1.0,0.7142857140000001,0,0,1,True,True,0.7578015530652817,True,0.8,True,0.7232844899559392,AdaBoost
0,0,8,3,0,0,1,27,0.0,0.0,0,0,2,False,False,0.03638715808275395,False,0.1,False,0.2547882344050416,AdaBoost
2,12,2,0,12,0,0,8,0.0,0.0,0,0,0,False,False,0.43243787575519343,False,0.4,False,0.3779128895670294,AdaBoost
0,11,18,9,10,1,5,65,1.0,0.7333333329999999,1,1,3,True,False,0.18736404638094276,True,0.6,True,0.5240407170317365,AdaBoost
0,4,19,2,1,3,6,116,1.0,0.0,0,0,2,False,False,0.4348729912101007,True,0.9,True,0.6649118575827111,Voting
5,5,18,5,5,0,1,88,0.5,0.0,0,0,1,False,True,0.7961577838729487,False,0.3,True,0.5094258260736366,RandomForest
0,6,54,98,3,6,9,509,1.0,0.0,0,0,3,True,True,0.6776573731116514,True,0.7,True,0.6838188527814677,AdaBoost
0,20,24,276,19,1,24,24,0.0,0.0,0,0,1,True,True,0.9514295160786498,True,0.7,True,0.7406079196473889,AdaBoost
0,1,5,1,1,0,0,44,0.0,0.0,0,0,0,True,False,0.03767509129985455,False,0.1,False,0.07236974594018453,AdaBoost
2,10,27,1,2,8,6,136,1.0,0.666666667,2,3,5,True,True,0.7021055899661423,True,1.0,True,0.984660318958402,AdaBoost
0,4,8,19,4,0,7,49,0.0,0.0,0,0,2,True,False,0.07713166310893015,False,0.2,False,0.3673111015383337,AdaBoost
0,4,7,3,0,4,3,20,0.0,0.7777777779999999,2,3,1,False,False,0.2213077571636005,True,0.7,True,0.5759455626141583,Voting
0,3,12,3,0,3,6,69,1.0,0.5555555560000001,0,0,1,False,False,0.1010262127783169,False,0.3,False,0.4705117786539701,AdaBoost
0,16,33,3,1,16,6,297,1.0,0.88372093,2,3,1,True,True,0.6402348832152684,False,0.5,True,0.7075291977061501,AdaBoost
1,6,21,2,3,4,7,278,1.0,0.533333333,1,3,1,True,True,0.5365149296289115,True,0.6,True,0.7649342797326139,AdaBoost
0,1,10,21,1,0,7,155,0.0,0.0,0,0,4,False,False,0.0698209396349024,False,0.3,True,0.5017545560326896,AdaBoost
0,3,32,1,1,2,6,346,1.0,0.444444444,1,2,2,False,False,0.4860417032695336,True,0.6,True,0.5556607744127664,Voting
0,12,77,64,3,10,5,1021,0.818181818,0.0,0,0,2,True,True,0.5197149965255173,False,0.5,True,0.5044182156700857,AdaBoost
0,17,58,37,4,17,4,751,0.0,0.35,0,0,5,True,True,0.8889245579452684,True,0.8,True,0.6563231575760125,AdaBoost
0,14,45,79,2,12,6,629,1.0,0.0,0,0,4,True,True,0.7758573333250722,True,0.8,True,0.7545620375611721,AdaBoost
0,13,24,69,0,13,12,723,0.571428571,0.454545455,0,0,1,False,True,0.8401410461001619,True,0.6,True,0.6095207219969191,AdaBoost
0,6,22,1,0,6,2,172,0.0,0.0,0,0,1,False,False,0.0870494484599615,True,0.6,False,0.4954993439226789,AdaBoost
1,6,9,21,2,5,1,15,0.0,0.0,0,0,1,True,False,0.09119387026771436,False,0.4,False,0.4250331292289728,AdaBoost
0,8,8,15,2,8,1,30,0.0,0.444444444,0,0,1,False,False,0.09929103302091358,False,0.4,False,0.4645284772302323,AdaBoost
0,4,7,3,2,2,3,28,0.0,0.0,0,0,2,False,False,0.06316559267831214,False,0.2,False,0.3915698810878479,AdaBoost
3,16,3,1,15,1,2,5,0.0,0.0,0,0,1,True,False,0.4668960250027821,True,0.7,True,0.5623171461093597,AdaBoost
0,2,2,0,1,1,0,18,0.0,0.0,0,0,0,False,False,0.04096419262981205,False,0.2,False,0.4831252968732693,AdaBoost
0,2,4,0,0,2,2,33,1.0,0.0,0,0,3,False,False,0.08363298326841283,False,0.0,False,0.2641596130462364,AdaBoost
1,41,21,64,41,0,11,197,1.0,0.0,0,0,4,True,True,0.9752226780460552,True,0.9,True,0.6748913757873316,AdaBoost
0,17,5,10,17,0,5,5,0.0,0.0,0,0,1,True,False,0.11378575083899567,True,0.8,True,0.5731499570454253,AdaBoost
0,7,14,0,3,4,0,108,0.333333333,0.0,0,0,5,True,False,0.09018453559513323,False,0.3,True,0.5271048781927072,AdaBoost
0,2,10,5,1,2,5,1311,1.0,0.428571429,0,0,5,True,False,0.13108665215226306,False,0.5,False,0.4590850920385406,AdaBoost
0,5,12,0,4,1,5,387,0.2,0.0,0,0,4,False,False,0.06497069455665813,False,0.5,False,0.4159638548925894,AdaBoost
0,0,25,3,0,0,2,165,0.0,0.0,0,0,1,False,False,0.06108603514683805,False,0.3,False,0.4531052285288733,AdaBoost
0,1,15,4,0,1,6,240,0.5,0.0,0,0,8,False,False,0.422183915505324,False,0.3,False,0.3458253182516372,AdaBoost
0,9,40,70,2,7,16,267,1.0,0.575757576,1,5,1,False,True,0.9494388890500816,True,1.0,True,0.5988649660402456,AdaBoost
0,14,52,0,3,14,5,584,0.333333333,0.352941176,0,0,20,False,True,0.5755334762688403,False,0.5,True,0.5467145217253723,RandomForest
0,7,6,0,7,0,2,83,0.125,0.0,1,1,5,True,False,0.12222884388498413,False,0.4,True,0.5119892129161729,AdaBoost
0,10,20,0,3,9,6,84,1.0,0.28571428600000004,2,2,2,True,True,0.617492689989556,True,0.7,True,0.5453488570239523,AdaBoost
0,9,18,0,2,8,7,228,0.5,0.7142857140000001,1,2,1,True,True,0.5185586779600309,True,0.7,True,0.5916783840133676,AdaBoost
0,3,15,11,0,3,6,110,1.0,0.5555555560000001,0,0,4,False,False,0.4605153304697358,False,0.5,False,0.4561090708410402,AdaBoost
0,4,15,0,1,3,6,113,1.0,0.615384615,1,3,1,True,False,0.4996765489966854,True,0.6,True,0.8439373536378811,AdaBoost
0,12,66,99,3,9,2,1164,0.470588235,0.0,0,0,2,False,True,0.8684389893160853,True,0.7,True,0.7724248898072199,AdaBoost
0,0,18,0,0,0,3,127,0.5,0.0,0,0,6,True,False,0.414092658510647,False,0.3,False,0.4873962965572089,AdaBoost
0,4,22,32,3,1,10,135,0.8,0.0,1,1,7,False,True,0.5624242922841903,False,0.5,False,0.4404854380161399,AdaBoost
0,3,15,2,0,3,3,708,0.5,0.7,1,2,79,False,True,0.9425587558514112,False,0.4,False,0.42224790285548097,AdaBoost
0,7,63,208,2,7,11,531,0.7692307690000001,0.08,0,0,4,True,True,0.965646183711352,True,0.7,True,0.6757163508166653,AdaBoost
0,3,5,0,2,2,1,33,1.0,0.923076923,1,4,1,False,False,0.4512018108368527,False,0.5,True,0.5187704391778459,AdaBoost
0,4,8,0,0,4,3,28,1.0,0.5,1,1,1,True,False,0.49548606054268607,False,0.5,True,0.6851751237319996,AdaBoost
0,1,16,99,1,0,14,3574,0.0,0.0,0,0,8,True,False,0.3393943650550046,True,0.6,True,0.5797677460689358,AdaBoost
0,15,96,60,0,15,8,1498,0.5,0.0,0,0,3,True,True,0.9290278904133186,True,0.7,True,0.6655268975634205,AdaBoost
0,3,17,19,3,1,0,133,0.5,0.0,0,0,2,False,False,0.4150056257106372,True,0.6,True,0.5253375133718767,Voting
0,2,6,10,1,1,4,15,0.0,0.5,1,2,1,False,False,0.4321806300211409,False,0.2,False,0.4430902301962768,AdaBoost
0,8,2,0,8,0,1,5,0.0,1.0,0,0,0,False,False,0.05696370552632672,False,0.1,False,0.10802966571443208,AdaBoost
0,12,22,61,11,1,13,175,0.0,0.0,0,0,3,True,True,0.5204643167731561,True,0.8,True,0.7666211661687322,AdaBoost
0,12,10,2,2,12,5,74,0.0,0.5,0,0,3,True,False,0.12328570608972594,False,0.3,True,0.5121493815648028,AdaBoost
0,44,392,6747,16,34,88,8474,0.7377049179999999,0.0,0,0,7,True,True,1.0,True,0.7,True,0.8941148667645389,AdaBoost
0,6,27,0,1,5,11,348,1.0,0.571428571,2,3,15,True,True,0.9174992343771304,True,0.9,True,0.9067435632390246,AdaBoost
0,4,8,3,0,4,3,31,0.0,0.7142857140000001,1,2,1,True,False,0.4463964852525195,True,0.8,True,0.8726537285162833,AdaBoost
0,9,16,91,9,0,14,228,0.0,0.0,0,0,2,True,True,0.8063877587011739,True,0.9,True,0.7407158311005082,AdaBoost
1,4,22,0,1,3,1,481,1.0,0.0,0,0,2,False,False,0.14096761013417766,True,0.7,True,0.555831249516286,Voting
0,9,41,2,1,9,15,386,0.333333333,0.6333333329999999,1,6,2,True,True,0.5325016829238974,True,0.8,True,0.6092438975882385,AdaBoost
0,22,46,0,9,16,4,770,0.0,0.222222222,1,1,12,True,True,0.9737938145129641,True,0.6,True,0.6007711401654281,AdaBoost
2,9,9,28,5,5,0,16,0.0,0.0,0,0,1,False,False,0.4520210975575779,False,0.2,False,0.32617594660370525,AdaBoost
5,20,8,15,14,7,5,17,0.0,0.705882353,1,1,1,True,True,0.962313939435284,True,0.6,True,0.5308429394869576,AdaBoost
2,7,14,8,5,2,6,103,1.0,0.384615385,1,2,2,False,False,0.2234868039375121,True,0.7,True,0.5058089613535018,Voting
1,22,95,0,4,20,21,1118,1.0,0.7307692309999999,2,11,6,True,True,0.9913388590393865,True,1.0,True,0.9679049305357568,AdaBoost
1,34,168,2716,1,33,44,3477,0.571428571,0.0,0,0,23,True,True,0.999999997819244,True,1.0,True,0.8033404873240813,AdaBoost
0,19,40,17,2,19,2,599,0.0,0.4,0,0,15,True,True,0.8934405094182424,False,0.5,False,0.490046528125216,Voting
1,39,183,1464,13,33,28,2234,0.580645161,0.6050955410000001,2,15,30,True,True,0.9999961991661588,True,0.9,True,0.9002410991531006,AdaBoost
0,5,8,3,1,4,3,31,0.0,0.7142857140000001,1,2,1,True,False,0.11803831036545576,True,0.7,True,0.8098755321726673,AdaBoost
0,22,62,172,2,21,5,438,0.75,0.4,1,4,7,True,True,0.9665935530587348,True,0.7,True,0.6011083167649098,AdaBoost
0,6,25,0,3,3,0,378,0.0,0.75,1,3,26,False,False,0.4178972444224924,True,0.6,True,0.6262015907689311,Voting
4,8,11,8,4,4,8,54,1.0,0.4166666670000001,2,2,4,True,True,0.9491022992232576,True,1.0,True,0.6335335733416044,AdaBoost
7,23,3,1,23,0,2,5,0.0,0.0,0,0,1,True,True,0.9160774393781086,True,0.8,True,0.7091561197272257,AdaBoost
0,13,25,46,3,11,3,364,0.0,0.352941176,0,0,14,False,False,0.15793490425779427,False,0.2,False,0.4514151138029205,AdaBoost
2,5,9,21,5,1,6,18,0.0,0.0,0,0,1,False,False,0.11923211305990952,False,0.4,False,0.4722903571422536,AdaBoost
0,7,32,0,1,7,12,224,1.0,0.566666667,2,2,6,True,True,0.6919337169146411,True,0.8,True,0.9542447633947712,AdaBoost
0,5,15,4,1,4,2,133,0.5,0.7777777779999999,1,2,1,False,False,0.1381577400468336,False,0.3,False,0.3730474614768544,AdaBoost
0,8,19,8,3,6,7,93,1.0,0.6315789470000001,2,3,5,True,True,0.6152299125472379,True,1.0,True,0.9022630048431832,AdaBoost
0,14,31,0,0,14,13,120,1.0,0.6,0,0,1,True,True,0.7045311569907265,True,0.6,True,0.538332664767788,AdaBoost
0,12,57,0,0,12,23,200,1.0,0.73,1,9,1,True,True,0.5369043905758949,True,0.8,True,0.7864254058650861,AdaBoost
0,2,27,18,1,1,6,567,1.0,0.0,0,0,8,True,False,0.14236047437733534,False,0.4,True,0.5826091317597089,AdaBoost
0,3,11,3,1,3,2,30,0.0,0.958333333,1,1,1,True,False,0.1212433934004004,True,0.6,True,0.5422827098874522,AdaBoost
0,5,9,3,2,3,0,47,0.0,0.857142857,1,3,4,False,False,0.07944923623935764,False,0.5,False,0.4964312272870572,AdaBoost
0,21,37,0,8,16,2,340,0.333333333,0.5,0,0,1,True,True,0.801590613952484,False,0.5,True,0.5520845030069831,AdaBoost
0,4,22,0,3,1,14,227,1.0,0.0,1,1,6,False,True,0.5799085667242806,False,0.2,False,0.4793259703975301,AdaBoost
0,4,7,0,2,3,3,36,0.0,0.666666667,0,0,1,False,False,0.0657409350594958,False,0.1,False,0.476292348308061,AdaBoost
0,10,7,10,3,8,3,28,0.0,0.5,0,0,1,False,False,0.10700618472550626,False,0.4,False,0.34355918318775963,AdaBoost
0,6,25,0,3,3,10,180,1.0,0.0,0,0,3,True,False,0.15049826771476338,False,0.3,False,0.4107811407093591,AdaBoost
0,6,6,10,2,5,4,11,0.0,0.0,0,0,1,True,False,0.09287582220885128,False,0.3,False,0.4786784996756176,AdaBoost
0,23,47,0,10,16,7,1605,0.291666667,0.181818182,0,0,12,False,True,0.651639886343256,True,0.9,True,0.5673677423779773,AdaBoost
0,16,69,0,0,16,24,801,1.0,0.701923077,1,9,4,True,True,0.9633545968133238,True,0.8,True,0.8383324076802934,AdaBoost
0,3,2,0,3,0,1,5,0.0,1.0,0,0,0,False,False,0.0561132000880496,False,0.1,False,0.2305330011596479,AdaBoost
1,7,25,0,2,5,5,190,1.0,0.571428571,1,3,1,True,False,0.20788511429683496,True,0.8,True,0.6643973465702782,AdaBoost
0,10,48,0,3,9,13,359,1.0,0.5862068970000001,2,2,7,True,True,0.9743858107065372,True,1.0,True,0.8460648064550187,AdaBoost
0,13,46,32,2,12,3,409,0.5,0.4166666670000001,0,0,1,False,True,0.5453059806362152,False,0.1,False,0.4637306322255531,AdaBoost
0,4,10,0,2,2,0,182,1.0,0.625,1,1,2,False,False,0.16677296439780953,True,0.7,True,0.5024818995435959,Voting
0,5,30,0,1,4,0,227,0.0,0.0,0,0,7,True,False,0.3908043091328195,False,0.2,False,0.4898661317964383,AdaBoost
0,5,51,253,1,4,7,3060,0.21052631600000002,0.0,0,0,112,True,True,0.8307529384222234,False,0.2,True,0.5408421481869212,AdaBoost
0,7,7,3,4,5,2,21,0.0,0.0,0,0,1,True,False,0.08244036357475297,False,0.2,True,0.5023583520036412,AdaBoost
1,11,20,9,5,7,6,74,0.0,0.666666667,2,3,4,True,True,0.5936302398341341,True,0.7,True,0.8147827772596603,AdaBoost
5,38,8,15,37,1,6,21,0.0,0.0,0,0,1,True,True,0.9566582676859235,True,0.6,True,0.6341423930368709,AdaBoost
2,3,15,8,2,2,7,48,0.0,0.5,1,1,1,False,False,0.18896869373245206,False,0.2,False,0.4788721653825529,AdaBoost
0,7,17,0,2,7,5,71,1.0,0.333333333,1,1,1,False,True,0.5672846571791472,True,0.7,True,0.6724673502500549,AdaBoost
0,13,42,0,2,11,2,599,0.571428571,0.0,0,0,1,True,True,0.5222626481367149,False,0.3,True,0.5717298207754821,AdaBoost
0,10,31,0,1,9,7,409,1.0,0.5,1,3,2,True,False,0.2427926588724837,True,1.0,True,0.7145416660564504,AdaBoost
0,7,12,1,0,7,1,52,0.0,0.947368421,0,0,5,True,False,0.07230820867234647,False,0.5,True,0.5303049329122881,AdaBoost
0,7,21,9,2,6,6,120,0.333333333,0.705882353,2,3,6,True,True,0.5798064122782158,True,0.9,True,0.9392533972865654,AdaBoost
0,19,77,170,3,17,0,1041,0.846153846,0.0,0,0,5,True,True,0.9456723089907141,True,0.9,True,0.8998409405605745,AdaBoost
9,12,14,8,12,0,9,293,1.0,0.0,0,0,7,True,True,0.6232973353265636,True,0.9,True,0.6340480866843962,AdaBoost
15,54,39,72,51,7,12,249,1.0,0.0,0,0,9,True,True,0.9996322397257656,True,0.8,True,0.7969964428642061,AdaBoost
0,5,18,4,4,3,4,112,1.0,0.0,0,0,2,True,False,0.4742106146748698,True,0.7,True,0.5235750016770083,AdaBoost
2,53,26,124,51,4,16,94,1.0,0.0,0,0,1,True,True,0.996912274536778,True,1.0,True,0.9208194955266428,AdaBoost
0,9,28,0,1,8,6,149,1.0,0.705882353,2,3,4,True,True,0.6190789639922696,True,0.9,True,0.9352501371955634,AdaBoost
0,5,32,10,3,3,9,245,0.1875,0.4375,2,3,1,True,False,0.2603785334314609,True,0.6,True,0.536377387175587,AdaBoost
0,3,19,2,0,3,5,188,0.8,0.625,0,0,18,False,False,0.09488470326864132,False,0.5,False,0.3462185994681317,AdaBoost
0,7,21,9,2,6,6,120,0.333333333,0.705882353,2,3,6,True,True,0.5798064122782158,True,0.9,True,0.9392533972865654,AdaBoost
0,6,21,0,1,6,5,90,0.666666667,0.5,2,2,3,False,True,0.5954476954828795,False,0.3,False,0.3525321797716178,AdaBoost
0,2,10,0,0,2,4,83,0.0,0.0,0,0,2,False,False,0.0591982810809677,False,0.0,False,0.21268234621709325,AdaBoost
0,1,44,13,1,0,13,1158,1.0,0.0,0,0,26,False,True,0.5217308116805197,True,0.8,True,0.6801861021387464,AdaBoost
0,25,4,6,24,1,4,4,0.0,0.0,0,0,1,False,False,0.3496952229069141,True,0.7,True,0.5837170481432988,Voting
0,4,9,0,2,3,3,31,0.5,0.25,0,0,1,True,False,0.4245141043728613,False,0.2,False,0.4987434091750835,AdaBoost
2,28,17,19,26,2,5,72,0.0,0.0,0,0,1,True,True,0.8886961201120913,False,0.5,True,0.5383879105228889,AdaBoost
0,8,29,0,0,8,7,118,1.0,0.333333333,1,1,3,True,True,0.5703010675962948,True,0.9,True,0.6796190847205246,AdaBoost
0,8,38,0,1,7,9,695,1.0,0.222222222,2,2,14,True,True,0.8214309722771945,True,0.9,True,0.8443835996407059,AdaBoost
0,2,2,1,1,1,2,2,0.0,0.0,0,0,1,False,False,0.05107033292988914,False,0.1,False,0.1656365637594927,AdaBoost
0,6,21,0,1,6,5,97,0.333333333,0.5,2,2,3,False,True,0.5992526988623649,False,0.2,False,0.18569477388559935,AdaBoost
0,4,16,0,1,3,6,179,1.0,0.571428571,1,3,1,True,True,0.5010932576940501,True,0.7,True,0.7015460875066372,AdaBoost
0,4,18,2,0,4,2,78,0.333333333,0.7777777779999999,1,2,1,False,False,0.4525617689772114,False,0.4,False,0.18948690220633774,AdaBoost
0,10,44,1,2,8,0,658,0.523809524,0.0,0,0,7,True,False,0.457573093049819,True,0.7,True,0.6245996617529442,AdaBoost
0,3,15,0,1,2,0,158,1.0,0.5625,1,3,1,False,False,0.44245294558372206,False,0.4,False,0.4397979257096093,AdaBoost
1,22,53,0,2,21,14,577,1.0,0.605263158,1,5,6,True,True,0.982043918573423,True,0.8,True,0.8985039716009825,AdaBoost
0,11,39,0,4,7,4,394,0.533333333,0.294117647,1,2,1,False,True,0.5462694928702466,True,0.7,True,0.5709437019261923,AdaBoost
0,13,48,12,4,10,13,413,1.0,0.428571429,2,4,7,True,True,0.9815446911842599,True,0.9,True,0.8049374450682764,AdaBoost
0,4,27,7,4,0,4,135,0.5,0.0,0,0,5,True,False,0.07809908275322608,False,0.1,True,0.5103048299064484,AdaBoost
0,5,26,80,2,5,8,207,0.857142857,0.083333333,0,0,2,True,True,0.5140078652427295,False,0.3,True,0.5772905484862397,AdaBoost
1,7,7,15,4,4,0,9,0.0,0.0,0,0,1,False,False,0.4177239165442617,False,0.2,False,0.2758480733361288,AdaBoost
0,6,7,0,1,5,3,123,1.0,0.625,0,0,5,False,False,0.4355925411231941,False,0.5,True,0.5056135929355942,AdaBoost
1,7,37,0,2,5,9,357,1.0,0.444444444,1,3,1,True,True,0.5773035430378778,True,0.9,True,0.889359486624002,AdaBoost
0,2,1,0,2,0,0,179,0.0,0.0,0,0,0,False,False,0.046109567199205885,False,0.4,False,0.3896875266490253,AdaBoost
1,7,8,21,4,4,0,15,0.0,0.0,0,0,1,False,False,0.4186795931447756,False,0.4,False,0.4234353925351767,AdaBoost
0,24,64,72,1,24,2,856,0.2,0.38888888899999996,1,1,4,True,True,0.974421820430399,True,1.0,True,0.7268259061027333,AdaBoost
0,14,43,10,4,13,5,498,0.0,0.352941176,0,0,9,True,True,0.5314854926872802,False,0.3,False,0.4023952284827115,Voting
0,3,5,0,1,2,3,27,0.0,0.892857143,1,2,1,True,False,0.09994474955937917,True,0.6,False,0.4375371094767936,RandomForest
0,11,10,2,11,0,8,83,0.666666667,0.0,1,1,5,True,True,0.5605009717982529,True,0.9,True,0.6120432904795767,AdaBoost
0,7,21,9,2,6,6,120,0.333333333,0.705882353,2,3,6,True,True,0.5942077550857072,True,1.0,True,0.9105075553051448,AdaBoost
2,5,3,1,2,3,2,5,0.0,0.666666667,0,0,1,False,False,0.08437140303460879,False,0.2,False,0.20412599508952398,AdaBoost
1,7,13,0,2,5,4,117,1.0,0.25,0,0,4,True,False,0.4744573130563951,False,0.2,True,0.5573742522880821,AdaBoost
0,5,7,0,4,1,3,106,0.14285714300000002,0.0,0,0,2,False,False,0.07052981996180109,False,0.3,False,0.2071366493079212,AdaBoost
0,4,8,3,0,4,3,31,0.0,0.7142857140000001,1,2,1,True,False,0.44817118742700096,True,0.9,True,0.9193070805117298,AdaBoost
2,18,97,114,8,10,24,1037,0.8,0.41304347799999996,1,8,3,True,True,0.9856685276638748,True,0.9,True,0.9874621435432172,AdaBoost
0,3,19,7,0,3,3,107,0.5,0.636363636,2,3,1,True,True,0.5504648734033515,True,0.7,True,0.5127555936289606,AdaBoost
0,7,18,0,6,2,10,104,1.0,0.0,1,1,4,False,True,0.5845374341581726,False,0.5,True,0.6401818716233049,RandomForest
0,2,3,3,2,0,3,3,0.0,0.0,0,0,1,False,False,0.0535198092183039,False,0.0,False,0.1978473853930227,AdaBoost
0,2,12,0,1,1,5,82,0.5,0.5,1,2,1,False,False,0.13494010495283149,False,0.3,False,0.3714405497777042,AdaBoost
0,4,7,6,1,3,4,24,1.0,0.571428571,0,0,1,False,False,0.0948748245896277,False,0.4,False,0.4896531642038342,AdaBoost
1,23,2,0,23,0,1,12,0.0,0.0,0,0,0,True,True,0.5150618345913937,False,0.2,False,0.3340455946482958,Voting
1,4,15,0,3,1,7,133,1.0,0.0,0,0,4,False,False,0.4746446095514276,False,0.3,False,0.4390384916336649,AdaBoost
3,8,7,15,6,2,6,12,0.0,0.0,1,1,1,False,True,0.5751644135428396,True,0.9,False,0.3744296224387421,AdaBoost
0,3,12,2,0,3,2,79,0.0,0.7777777779999999,1,2,1,False,False,0.10374089929169407,False,0.4,False,0.07312240540708613,AdaBoost
0,24,41,0,4,20,14,205,0.5,0.6764705879999999,1,3,1,True,True,0.9817000566704268,True,0.8,True,0.8259842948546131,AdaBoost
0,3,18,0,2,1,4,408,0.4,0.8666666670000001,1,1,14,True,False,0.12789115560921346,False,0.3,True,0.5059785946200028,AdaBoost
0,3,8,3,1,2,5,54,0.0,0.833333333,1,2,1,True,False,0.1097517150514408,False,0.4,False,0.4915576700607559,AdaBoost
0,48,6,15,45,4,6,6,0.0,0.0,0,0,1,True,True,0.6238735972509647,False,0.2,False,0.4776179778356126,Voting
17,40,10,13,36,4,4,44,1.0,0.375,0,0,1,True,True,0.9929219796759512,True,0.7,True,0.6700518013439467,AdaBoost
4,128,131,2812,104,25,62,722,0.571428571,0.0,0,0,12,True,True,0.9999999999999208,True,0.9,True,0.9774174969044622,AdaBoost
0,2,29,100,2,1,12,569,1.0,0.538461538,2,11,6,True,True,0.8794527206996406,False,0.5,True,0.5114997623399379,AdaBoost
1,5,4,3,5,0,0,6,0.0,0.0,0,0,1,False,False,0.060365062002030324,False,0.0,False,0.03492781121654218,AdaBoost
0,10,16,0,1,9,2,238,0.14285714300000002,0.0,0,0,1,False,False,0.1437486835487888,False,0.5,False,0.4741426903577425,AdaBoost
0,3,14,4,2,1,4,145,0.666666667,0.0,0,0,7,False,False,0.4181950289264009,False,0.3,False,0.4421984253547756,AdaBoost
0,3,4,1,2,1,1,9,0.0,0.9285714290000001,1,1,1,True,False,0.09359165092848767,False,0.0,False,0.4037037570872758,AdaBoost
1,12,69,0,9,4,54,1531,1.0,0.018867925,1,1,8,True,True,0.6647511459609383,True,0.9,True,0.5964543123192289,AdaBoost
0,8,29,0,5,3,9,1538,1.0,0.0,0,0,10,True,True,0.5604907403727637,True,0.7,True,0.5058876928976069,AdaBoost
3,7,34,140,3,4,21,593,1.0,0.0,0,0,20,True,True,0.9564231401090236,True,0.7,True,0.7544371460984493,AdaBoost
0,7,38,0,2,6,11,318,1.0,0.5,2,5,6,True,True,0.9206043778525244,True,0.8,True,0.8694676048315297,AdaBoost
4,12,8,17,11,1,5,28,1.0,0.0,0,0,1,False,True,0.5957940024035584,True,0.6,True,0.7983052991890917,AdaBoost
4,14,5,6,14,0,4,7,0.0,0.0,0,0,1,True,True,0.5425175685777383,True,0.7,True,0.6474084809372479,AdaBoost
0,15,34,26,3,14,5,480,0.9285714290000001,0.0,0,0,4,True,True,0.6875833352325254,True,0.8,True,0.5661868217352266,AdaBoost
0,8,29,26,1,7,7,461,1.0,0.444444444,1,3,2,True,True,0.5789372999965949,True,0.7,True,0.6296479694674544,AdaBoost
1,10,28,0,2,8,10,122,1.0,0.653846154,2,2,4,True,True,0.6686926699136729,True,1.0,True,0.9912361117758264,AdaBoost
0,1,6,3,1,0,2,62,0.0,0.0,0,0,4,False,False,0.048139380045478734,False,0.1,False,0.3356088597427587,AdaBoost
0,4,6,0,3,1,5,35,1.0,0.0,0,0,1,False,False,0.4384987882200644,False,0.3,False,0.4526412447297276,AdaBoost
0,3,17,0,1,2,6,236,0.875,0.708333333,1,4,2,False,False,0.13400120326592854,False,0.2,True,0.5079322909939861,AdaBoost
3,41,29,270,30,14,23,138,1.0,0.0,0,0,1,True,True,0.9989528026550948,True,1.0,True,0.9305852128140308,AdaBoost
0,6,8,4,2,5,2,42,0.0,0.896551724,1,1,4,True,False,0.4691564905993864,True,0.7,True,0.6037772545555333,AdaBoost
6,15,10,9,14,1,4,31,1.0,0.0,0,0,1,True,True,0.8878790567785763,True,0.8,True,0.8125001205543331,AdaBoost
0,5,17,3,2,3,4,102,1.0,0.571428571,0,0,2,True,False,0.4441450074339582,True,0.6,True,0.5692799343405319,AdaBoost
0,2,2,0,2,0,1,5,0.0,1.0,0,0,0,False,False,0.03920777258428346,False,0.0,False,0.044341530653463725,AdaBoost
8,9,6,0,8,1,2,20,1.0,0.7142857140000001,0,0,1,True,True,0.8473622508040588,True,0.8,True,0.7754333766586666,AdaBoost
0,9,19,0,2,9,5,146,0.0,0.444444444,0,0,3,False,False,0.13369701502955847,False,0.3,False,0.4995141826807095,AdaBoost
0,8,15,1,6,2,5,969,0.363636364,0.0,0,0,14,True,False,0.4739486294259629,True,0.6,False,0.4680392373527682,RandomForest
0,5,4,1,3,2,0,51,0.0,0.923076923,1,3,6,False,False,0.40976439869575226,True,0.6,True,0.6446542200432377,Voting
2,9,34,0,2,7,6,345,1.0,0.4,1,3,3,True,True,0.5868204660384561,True,0.7,True,0.761411183195229,AdaBoost
0,5,11,3,0,5,3,55,1.0,0.958333333,1,2,1,True,False,0.4946640217860474,True,0.6,True,0.7497449140756794,AdaBoost
0,10,36,0,0,10,18,242,0.666666667,0.384615385,1,2,1,True,True,0.529122210401893,True,0.6,True,0.7049233558234388,AdaBoost
0,11,33,26,9,2,11,332,0.666666667,0.566666667,1,5,2,False,False,0.22348679885036704,True,0.7,True,0.5100988850788781,Voting
0,5,2,0,5,0,1,5,0.0,1.0,0,0,0,False,False,0.0551338091494529,False,0.0,False,0.08969252201421331,AdaBoost
0,12,15,11,4,12,5,84,0.4,0.705882353,0,0,1,True,True,0.5275952320039355,False,0.5,True,0.6276861848250888,AdaBoost
0,1,8,6,1,0,4,20,0.0,1.0,0,0,0,False,False,0.05333298253836787,False,0.5,False,0.4959631032961702,AdaBoost
0,29,5,0,29,0,1,172,0.0,0.0,0,0,8,True,True,0.5027097920307312,True,0.8,True,0.5591426449598978,AdaBoost
2,14,34,10,3,12,8,455,0.875,0.0,0,0,1,True,True,0.6097727141089208,True,0.8,True,0.7691678976038391,AdaBoost
0,15,2,1,14,1,2,2,0.0,0.0,0,0,1,True,False,0.09996411549892513,False,0.2,False,0.3908389572278068,AdaBoost
0,2,10,0,1,2,4,60,1.0,0.0,0,0,2,False,False,0.0904646517123744,False,0.2,True,0.5072159006515637,AdaBoost
0,16,56,104,5,15,10,500,1.0,0.32,1,3,5,True,True,0.9783498805188584,True,1.0,True,0.9001174920772568,AdaBoost
0,10,43,0,4,7,11,382,1.0,0.46153846200000004,2,3,9,True,True,0.7270193639283874,True,0.9,True,0.9386477734067841,AdaBoost
0,25,77,43,23,2,45,1122,0.23076923100000002,0.0,1,1,12,True,True,0.9977110291684402,True,1.0,True,0.7361121769475495,AdaBoost
0,15,36,4,0,15,2,356,1.0,0.0,0,0,1,True,True,0.575557732818862,True,0.7,True,0.7561483035968801,AdaBoost
0,6,1,0,4,2,1,1,0.0,0.0,0,0,1,True,False,0.059054583833170415,False,0.2,False,0.1863217555716654,AdaBoost
1,9,6,10,6,4,0,8,0.0,0.0,0,0,1,False,False,0.09010350421540968,False,0.0,False,0.05165847575140522,AdaBoost
0,4,12,2,0,4,2,58,0.0,0.7777777779999999,1,2,1,False,False,0.1060206495783811,True,0.6,False,0.26947960734855786,AdaBoost
0,4,25,0,1,3,7,447,1.0,0.444444444,1,3,6,True,False,0.1767771026546321,True,0.6,True,0.5614694455721561,AdaBoost
0,5,12,2,2,3,2,354,0.0,0.0,0,0,10,True,False,0.06740988676709038,False,0.1,False,0.3926909925113599,AdaBoost
0,5,27,9,2,3,4,186,1.0,0.5,0,0,2,True,False,0.44561652409236463,True,0.6,True,0.8630101260065682,AdaBoost
1,2,16,0,1,1,8,56,1.0,0.681818182,1,2,1,True,True,0.5042505605005315,False,0.3,False,0.3274914983052697,Voting
0,4,8,0,1,3,3,43,1.0,0.666666667,0,0,1,True,False,0.09344275355076563,False,0.3,False,0.38516145761613296,AdaBoost
0,4,15,0,1,4,6,102,0.75,0.14285714300000002,0,0,3,True,False,0.10777706101425423,False,0.3,True,0.5296639446720534,AdaBoost
0,9,22,0,8,1,14,286,0.222222222,0.0,0,0,7,True,False,0.4821027588089134,True,0.8,True,0.5018454814790408,AdaBoost
1,4,18,0,1,3,6,162,1.0,0.28571428600000004,2,2,2,True,True,0.5928826298597049,True,0.6,False,0.4417968281054762,AdaBoost
0,4,2,1,2,2,2,2,0.0,0.0,0,0,1,False,False,0.05579754700927112,False,0.0,False,0.14521484226561426,AdaBoost
0,2,25,3,1,1,13,237,0.0,0.0,0,0,1,False,False,0.10432779131686294,False,0.5,False,0.4615703078642728,AdaBoost
0,5,20,5,1,4,5,247,0.0,0.7222222220000001,1,4,16,True,False,0.4198086149101318,False,0.5,False,0.4196369137226456,AdaBoost
3,9,18,66,7,2,12,78,0.0,0.0,1,1,4,True,False,0.3128556936088976,False,0.5,False,0.4916751733708611,AdaBoost
0,6,29,38,2,4,11,178,0.6,0.46666666700000003,1,2,1,True,True,0.5495371320766659,False,0.4,True,0.6650824530724078,AdaBoost
0,3,24,0,2,2,12,361,1.0,0.0,0,0,7,True,False,0.15174428680825433,False,0.1,False,0.42465183290622543,AdaBoost
0,3,10,21,3,1,7,54,0.0,0.7142857140000001,1,2,1,False,False,0.468933818381464,True,0.6,False,0.4942222601134657,AdaBoost
0,24,37,7,9,18,4,276,0.0,0.333333333,0,0,4,False,True,0.5775227439075129,True,0.8,True,0.6050023522176966,AdaBoost
0,6,6,3,3,5,0,22,0.0,0.992366412,1,2,1,True,False,0.4574496973817492,True,0.6,True,0.5749244067057896,AdaBoost
