wmc,cbo,rfc,ce,npm,loc,moa,amc,bug,Voting_Prediction,Voting_Pred_Prob,RandomForest_Prediction,RandomForest_Pred_Prob,AdaBoost_Prediction,AdaBoost_Pred_Prob,selectedEnsemble,PredictedEnsemble,DSE_Prediction,DSE_Pred_Prob
28,32,82,7,24,926,0,31.64285714,True,False,0.2199788054811076,False,0.4,False,0.4421501809987716,AdaBoost,AdaBoost,False,0.4421501809987716
6,3,7,1,4,36,0,4.666666667,False,False,0.02106631676030913,False,0.2,True,0.5359619088054379,AdaBoost,AdaBoost,True,0.5359619088054379
4,5,6,4,2,21,1,4.0,False,False,0.0264334849673086,False,0.0,False,0.06699516557271247,AdaBoost,AdaBoost,False,0.06699516557271247
4,9,4,0,4,4,0,0.0,False,False,0.3503452146394008,False,0.4,True,0.5947923238310794,AdaBoost,AdaBoost,True,0.5947923238310794
1,8,1,2,1,1,0,0.0,False,False,0.017967176145241025,False,0.0,False,0.1654219909225446,AdaBoost,AdaBoost,False,0.1654219909225446
23,150,67,5,20,653,1,26.86956522,True,False,0.33626448689331384,False,0.0,False,0.12302038900753905,AdaBoost,AdaBoost,False,0.12302038900753905
5,8,26,7,4,127,2,23.6,False,False,0.03941514634977098,False,0.1,False,0.4971783084576094,AdaBoost,AdaBoost,False,0.4971783084576094
25,18,73,0,18,666,0,25.32,True,False,0.06520302242330465,False,0.1,False,0.29382573974591936,AdaBoost,AdaBoost,False,0.29382573974591936
7,2,13,1,7,86,0,10.42857143,False,False,0.019781342758495645,False,0.0,False,0.04771721234111185,AdaBoost,AdaBoost,False,0.04771721234111185
21,7,22,2,21,141,2,5.2380952380000005,False,False,0.019844833925022096,False,0.1,False,0.07026728872389526,AdaBoost,AdaBoost,False,0.07026728872389526
2,2,4,1,2,11,0,4.5,False,False,0.0204336068266402,False,0.0,False,0.14561052014112813,AdaBoost,AdaBoost,False,0.14561052014112813
8,10,21,5,7,130,0,15.25,False,False,0.01994017597213044,False,0.0,False,0.05496415315844783,AdaBoost,AdaBoost,False,0.05496415315844783
32,16,81,0,27,504,0,14.34375,False,False,0.06998814741353454,False,0.0,False,0.10436106020914723,AdaBoost,AdaBoost,False,0.10436106020914723
13,4,44,2,9,208,0,14.84615385,False,False,0.04585075427347416,False,0.0,False,0.09051898846956076,AdaBoost,AdaBoost,False,0.09051898846956076
19,8,42,7,3,329,1,16.05263158,True,False,0.08413757112533786,False,0.2,False,0.2733117064280879,AdaBoost,AdaBoost,False,0.2733117064280879
2,6,21,3,1,144,0,71.0,False,False,0.016654357339549914,False,0.0,False,0.08077909284467394,AdaBoost,AdaBoost,False,0.08077909284467394
1,4,1,2,1,1,0,0.0,False,False,0.019489090963501432,False,0.0,False,0.12502848469014324,AdaBoost,AdaBoost,False,0.12502848469014324
25,10,58,4,23,257,1,9.08,False,False,0.03932994583368839,False,0.1,False,0.04885929254060038,AdaBoost,AdaBoost,False,0.04885929254060038
8,12,29,5,8,126,1,14.625,False,False,0.028501093633017425,False,0.0,False,0.0353221978308314,AdaBoost,AdaBoost,False,0.0353221978308314
5,26,11,2,5,41,1,6.8,False,False,0.01635852393033102,False,0.0,False,0.2172614052953307,AdaBoost,AdaBoost,False,0.2172614052953307
3,7,8,0,3,34,0,10.33333333,False,False,0.018942479362498158,False,0.0,False,0.030220906783442907,AdaBoost,AdaBoost,False,0.030220906783442907
4,6,10,5,1,27,1,5.5,False,False,0.03061557904529108,False,0.0,False,0.05051258861101655,AdaBoost,AdaBoost,False,0.05051258861101655
5,6,6,1,5,32,1,5.0,False,False,0.021751571900966257,False,0.2,False,0.1824099642626475,AdaBoost,AdaBoost,False,0.1824099642626475
2,4,3,1,1,8,1,2.5,False,False,0.026663454336550558,False,0.0,False,0.07735787277181047,AdaBoost,AdaBoost,False,0.07735787277181047
1,4,1,1,1,1,0,0.0,False,False,0.01977540769478805,False,0.0,False,0.17498326443369774,AdaBoost,AdaBoost,False,0.17498326443369774
10,27,19,2,10,138,1,12.3,False,False,0.3485997005216541,False,0.1,False,0.10438513222646437,AdaBoost,AdaBoost,False,0.10438513222646437
12,3,25,0,12,67,0,4.583333333,False,False,0.023120897457472724,False,0.3,False,0.3056358476130961,AdaBoost,AdaBoost,False,0.3056358476130961
5,14,21,3,5,75,0,13.8,False,False,0.020399188218651703,False,0.0,False,0.10720940164478686,AdaBoost,AdaBoost,False,0.10720940164478686
54,17,137,0,16,1589,1,27.7962963,False,True,0.6279824396138205,True,0.7,False,0.4707538475234202,AdaBoost,AdaBoost,False,0.4707538475234202
5,4,9,3,5,61,0,10.2,False,False,0.018062112050576205,False,0.0,False,0.07418670764670053,AdaBoost,AdaBoost,False,0.07418670764670053
37,26,120,26,24,1123,0,29.10810811,True,False,0.4420579231788848,True,0.6,False,0.31940149811023033,RandomForest,AdaBoost,False,0.31940149811023033
10,9,15,6,8,67,1,5.3,False,False,0.02280065815772403,False,0.0,False,0.09611679551102892,AdaBoost,AdaBoost,False,0.09611679551102892
8,6,32,6,4,221,0,26.375,False,False,0.03384427413224104,False,0.2,False,0.19751843716098352,AdaBoost,AdaBoost,False,0.19751843716098352
2,4,5,2,1,19,1,8.0,False,False,0.02636228559680568,False,0.0,False,0.037205736777420416,AdaBoost,AdaBoost,False,0.037205736777420416
20,8,29,3,20,188,1,8.0,False,False,0.019052347000419374,False,0.3,False,0.2845176851321509,AdaBoost,AdaBoost,False,0.2845176851321509
3,3,4,1,2,16,0,4.0,False,False,0.02076151457801564,False,0.0,False,0.12649735988569316,AdaBoost,AdaBoost,False,0.12649735988569316
3,9,23,8,2,125,2,39.66666667,False,False,0.024547001247487068,False,0.1,False,0.06550074301144028,AdaBoost,AdaBoost,False,0.06550074301144028
8,32,104,29,3,955,2,118.0,True,False,0.43547759664418334,False,0.2,False,0.3949403776844272,AdaBoost,AdaBoost,False,0.3949403776844272
8,16,52,0,5,336,1,40.625,False,False,0.3870409168855473,True,0.6,True,0.784904955246158,Voting,Voting,False,0.3870409168855473
7,5,20,4,5,110,0,14.0,False,False,0.0248676826775588,False,0.0,False,0.18375544625381526,AdaBoost,AdaBoost,False,0.18375544625381526
3,16,38,0,1,159,0,52.0,False,False,0.03425790469549077,False,0.0,False,0.09290929266961667,AdaBoost,AdaBoost,False,0.09290929266961667
5,6,24,0,5,88,0,16.2,False,False,0.026452471820548933,False,0.1,False,0.20048639728768308,AdaBoost,AdaBoost,False,0.20048639728768308
9,20,71,20,5,476,0,51.88888889,False,False,0.4124342937445857,False,0.1,False,0.4831025254942558,AdaBoost,AdaBoost,False,0.4831025254942558
16,27,123,23,2,1851,0,114.6875,False,True,0.5753151874610456,False,0.3,False,0.3811624729212981,AdaBoost,AdaBoost,False,0.3811624729212981
4,5,22,2,3,100,0,24.0,False,False,0.0252918246099616,False,0.2,False,0.040433606287557135,AdaBoost,AdaBoost,False,0.040433606287557135
23,10,74,9,14,608,0,25.08695652,False,False,0.4098205420103905,True,0.6,True,0.6731729381886499,Voting,Voting,False,0.4098205420103905
7,7,34,6,2,288,1,39.85714286,False,False,0.03657139266375126,False,0.1,False,0.4142545684928737,AdaBoost,AdaBoost,False,0.4142545684928737
10,10,38,0,9,207,0,19.3,False,False,0.03318914332131631,False,0.0,False,0.05357630785228228,AdaBoost,AdaBoost,False,0.05357630785228228
3,4,19,3,3,57,0,17.66666667,False,False,0.02362528761257146,False,0.0,False,0.014365950822502619,AdaBoost,AdaBoost,False,0.014365950822502619
1,5,1,2,1,1,0,0.0,False,False,0.022572762871217348,False,0.0,False,0.05030764195076705,AdaBoost,AdaBoost,False,0.05030764195076705
11,4,25,1,7,215,0,18.0,False,False,0.02804088511590849,False,0.1,False,0.07293520233919279,AdaBoost,AdaBoost,False,0.07293520233919279
4,2,6,1,3,23,1,4.5,False,False,0.02212693542772885,False,0.0,False,0.017267869211097388,AdaBoost,AdaBoost,False,0.017267869211097388
11,2,15,0,11,95,0,7.272727272999999,False,False,0.0175123330354921,False,0.0,False,0.11571157286792536,AdaBoost,AdaBoost,False,0.11571157286792536
18,23,83,5,15,638,0,34.33333333,False,False,0.09589757267529714,False,0.4,False,0.2428653968917418,AdaBoost,AdaBoost,False,0.2428653968917418
11,7,27,0,10,85,0,6.6363636360000005,False,False,0.3581202673431761,False,0.3,False,0.22421861590318384,AdaBoost,AdaBoost,False,0.22421861590318384
4,4,13,0,3,41,1,9.0,False,False,0.02532710919117641,False,0.0,False,0.05183473813638068,AdaBoost,AdaBoost,False,0.05183473813638068
12,7,29,5,11,171,1,12.75,False,False,0.0247265400526876,False,0.0,False,0.053800095310003376,AdaBoost,AdaBoost,False,0.053800095310003376
5,6,15,3,5,48,0,8.6,False,False,0.022551250645139725,False,0.0,False,0.1533380392638258,AdaBoost,AdaBoost,False,0.1533380392638258
35,16,103,0,28,824,1,22.11428571,True,True,0.6840039301182496,False,0.3,True,0.5151270928391574,AdaBoost,AdaBoost,True,0.5151270928391574
11,6,19,2,11,67,1,4.909090909,False,False,0.020094761228518408,False,0.0,False,0.010560360914126984,AdaBoost,AdaBoost,False,0.010560360914126984
74,40,190,30,72,1443,8,18.17567568,True,True,0.7837816431828593,False,0.5,True,0.6025764479164151,AdaBoost,AdaBoost,True,0.6025764479164151
9,19,39,13,5,178,1,18.55555556,True,False,0.04142028560094542,False,0.1,False,0.2066583267238701,AdaBoost,AdaBoost,False,0.2066583267238701
13,28,37,6,6,172,1,12.0,False,False,0.3846292184734543,False,0.1,False,0.10350783434677764,AdaBoost,AdaBoost,False,0.10350783434677764
5,3,13,2,5,48,0,8.4,False,False,0.02117718028864983,False,0.0,False,0.1764509274906619,AdaBoost,AdaBoost,False,0.1764509274906619
4,11,17,3,2,77,1,18.0,False,False,0.0287152292676808,False,0.0,False,0.003796431730922268,AdaBoost,AdaBoost,False,0.003796431730922268
9,83,9,3,9,9,0,0.0,False,True,0.7092162574099742,False,0.3,False,0.3398004885016427,AdaBoost,AdaBoost,False,0.3398004885016427
7,3,22,0,7,68,0,8.714285713999999,False,False,0.023604598816313608,False,0.2,False,0.17625606561814094,AdaBoost,AdaBoost,False,0.17625606561814094
15,9,40,7,12,286,1,17.86666667,False,False,0.03200348801321632,False,0.1,False,0.2098638364485292,AdaBoost,AdaBoost,False,0.2098638364485292
27,33,78,13,24,394,5,13.37037037,False,True,0.7159121717561431,False,0.3,False,0.4033625012497637,AdaBoost,AdaBoost,False,0.4033625012497637
31,97,31,16,31,33,0,0.0,False,False,0.3585796226737991,False,0.1,False,0.02575910887406664,AdaBoost,AdaBoost,False,0.02575910887406664
9,17,28,8,7,127,1,12.88888889,False,False,0.03136848541209581,False,0.0,False,0.16030369327685792,AdaBoost,AdaBoost,False,0.16030369327685792
37,19,107,0,30,659,0,16.40540541,False,False,0.3103019404395615,False,0.4,False,0.4194901344374024,AdaBoost,AdaBoost,False,0.4194901344374024
2,3,16,1,1,98,0,48.0,False,False,0.016122675798271147,False,0.0,False,0.040060249341704976,AdaBoost,AdaBoost,False,0.040060249341704976
15,13,64,0,14,411,0,26.0,True,False,0.3801912314984669,False,0.1,False,0.21439088830401576,AdaBoost,AdaBoost,False,0.21439088830401576
2,30,65,29,2,412,3,203.5,False,False,0.3423625710662459,False,0.2,False,0.26934561761899,AdaBoost,AdaBoost,False,0.26934561761899
8,6,22,1,6,145,0,16.375,False,False,0.024050751592076213,False,0.0,False,0.16003435402447494,AdaBoost,AdaBoost,False,0.16003435402447494
5,6,14,4,4,60,2,10.2,False,False,0.025938466809490763,False,0.0,False,0.11752770490819008,AdaBoost,AdaBoost,False,0.11752770490819008
7,10,63,8,5,1034,0,146.71428569999995,False,False,0.3537710019267346,False,0.4,True,0.5479906021772322,AdaBoost,AdaBoost,True,0.5479906021772322
14,2,19,1,7,97,0,5.5,False,False,0.02315692585254529,False,0.0,False,0.18162408599901966,AdaBoost,AdaBoost,False,0.18162408599901966
20,4,30,2,18,183,0,7.95,False,False,0.017311942709200136,False,0.1,False,0.06345629811511554,AdaBoost,AdaBoost,False,0.06345629811511554
5,13,30,10,3,149,1,28.6,False,False,0.030685298401427818,False,0.0,False,0.11241529969016614,AdaBoost,AdaBoost,False,0.11241529969016614
13,14,35,4,13,204,2,14.53846154,False,False,0.030174304828842938,False,0.0,False,0.07081755000907991,AdaBoost,AdaBoost,False,0.07081755000907991
12,7,63,0,5,939,0,76.33333333,False,False,0.08852657358568156,False,0.3,True,0.5604886916040128,AdaBoost,AdaBoost,True,0.5604886916040128
2,2,18,1,2,99,0,47.5,False,False,0.015801881442248127,False,0.0,False,0.04032155909257077,AdaBoost,AdaBoost,False,0.04032155909257077
5,7,26,6,3,158,0,30.2,False,False,0.02472038981108189,False,0.0,False,0.05048917331959304,AdaBoost,AdaBoost,False,0.05048917331959304
6,27,6,2,6,6,0,0.0,False,False,0.02380434463653209,False,0.1,False,0.3636549031848415,AdaBoost,AdaBoost,False,0.3636549031848415
4,4,5,1,2,17,1,3.0,False,False,0.0233402644595936,False,0.0,False,0.1028691329758558,AdaBoost,AdaBoost,False,0.1028691329758558
11,7,12,2,11,74,1,5.272727273,False,False,0.017715741852287525,False,0.0,False,0.13880976986810264,AdaBoost,AdaBoost,False,0.13880976986810264
12,19,12,6,12,12,0,0.0,False,False,0.017386146080028173,False,0.4,False,0.4651320608459311,AdaBoost,AdaBoost,False,0.4651320608459311
1,7,1,1,1,1,0,0.0,False,False,0.021911108097839204,False,0.0,False,0.028406801194183193,AdaBoost,AdaBoost,False,0.028406801194183193
6,21,6,5,6,6,0,0.0,False,False,0.02157446345167667,False,0.1,False,0.037479294309004825,AdaBoost,AdaBoost,False,0.037479294309004825
2,15,34,14,2,326,2,161.0,False,False,0.32774983850732203,False,0.1,False,0.07543408830509263,AdaBoost,AdaBoost,False,0.07543408830509263
5,10,44,7,5,305,2,59.4,True,False,0.03095496452299297,False,0.4,False,0.4333305481399094,AdaBoost,AdaBoost,False,0.4333305481399094
4,5,8,0,4,20,0,4.0,False,False,0.02054057160121591,False,0.1,False,0.10782854182626816,AdaBoost,AdaBoost,False,0.10782854182626816
5,6,17,2,4,112,0,21.4,False,False,0.021378572607940672,False,0.0,False,0.02441626282287285,AdaBoost,AdaBoost,False,0.02441626282287285
8,3,35,1,4,303,0,36.5,True,False,0.03027157396226823,False,0.1,False,0.05983137554628235,AdaBoost,AdaBoost,False,0.05983137554628235
8,2,13,0,6,69,0,7.375,False,False,0.0200804305619404,False,0.0,False,0.1634481976648925,AdaBoost,AdaBoost,False,0.1634481976648925
5,2,22,1,5,97,0,18.2,False,False,0.022110608608489585,False,0.2,False,0.1678061332870251,AdaBoost,AdaBoost,False,0.1678061332870251
5,3,6,3,5,24,2,3.4,False,False,0.02144671190646056,False,0.0,False,0.21452171447935456,AdaBoost,AdaBoost,False,0.21452171447935456
3,2,6,0,1,21,0,5.666666667,False,False,0.021935926434212258,False,0.0,False,0.1748159254913933,AdaBoost,AdaBoost,False,0.1748159254913933
4,12,5,1,4,24,1,4.5,False,False,0.022667728324360342,False,0.0,False,0.032235207889531145,AdaBoost,AdaBoost,False,0.032235207889531145
4,3,11,2,4,48,0,11.0,False,False,0.01957883969939397,False,0.0,False,0.05403175461324152,AdaBoost,AdaBoost,False,0.05403175461324152
3,3,7,0,3,17,0,4.666666667,False,False,0.020430146929638817,False,0.0,False,0.05898485028328676,AdaBoost,AdaBoost,False,0.05898485028328676
8,8,8,5,8,8,0,0.0,False,False,0.01730029475764327,False,0.1,False,0.1903432789955568,AdaBoost,AdaBoost,False,0.1903432789955568
6,1,7,0,6,34,0,4.333333333,False,False,0.017445411392239173,False,0.2,False,0.1245573898155377,AdaBoost,AdaBoost,False,0.1245573898155377
3,8,20,6,3,155,0,50.0,False,False,0.016587337681790486,False,0.0,False,0.03802280788773876,AdaBoost,AdaBoost,False,0.03802280788773876
3,5,9,4,3,40,2,11.33333333,False,False,0.02338674501195269,False,0.0,False,0.06616367698635503,AdaBoost,AdaBoost,False,0.06616367698635503
1,4,2,3,1,9,0,7.0,False,False,0.01921592998562109,False,0.0,False,0.01898781893953828,AdaBoost,AdaBoost,False,0.01898781893953828
47,15,108,0,45,896,0,17.63829787,False,True,0.7134597359899958,False,0.4,False,0.4348213417739381,AdaBoost,AdaBoost,False,0.4348213417739381
22,16,59,15,22,354,2,14.86363636,False,False,0.04697639534232553,False,0.1,False,0.17225424589393495,AdaBoost,AdaBoost,False,0.17225424589393495
10,17,62,0,5,491,1,47.1,True,False,0.06882881229763597,False,0.2,False,0.4817688557593316,AdaBoost,AdaBoost,False,0.4817688557593316
2,3,3,2,2,14,1,5.0,False,False,0.0210524610284607,False,0.0,False,0.018414891752175262,AdaBoost,AdaBoost,False,0.018414891752175262
5,7,8,3,4,34,0,5.6,False,False,0.02012757790286365,False,0.0,False,0.1502006783108029,AdaBoost,AdaBoost,False,0.1502006783108029
2,6,5,3,2,12,0,5.0,False,False,0.02056910668117085,False,0.0,False,0.07525327487233473,AdaBoost,AdaBoost,False,0.07525327487233473
11,4,21,0,11,68,0,5.0,False,False,0.01948642598117671,False,0.0,False,0.049007987203561726,AdaBoost,AdaBoost,False,0.049007987203561726
59,31,148,31,57,895,1,14.15254237,False,True,0.7308077614976028,False,0.5,True,0.736957328257438,RandomForest,RandomForest,False,0.5
25,10,49,0,25,304,0,10.72,False,False,0.02287992759140196,False,0.1,False,0.21293831332285626,AdaBoost,AdaBoost,False,0.21293831332285626
6,6,36,0,5,165,0,26.16666667,False,False,0.0321050219283248,False,0.0,False,0.12274936836652878,AdaBoost,AdaBoost,False,0.12274936836652878
5,1,22,0,3,103,0,19.2,False,False,0.025117688137582733,False,0.1,False,0.05613793976491751,AdaBoost,AdaBoost,False,0.05613793976491751
3,13,22,11,2,201,3,64.0,False,False,0.02387339094094004,False,0.0,False,0.07741858085910386,AdaBoost,AdaBoost,False,0.07741858085910386
57,56,242,54,27,2550,3,43.49122807,True,True,0.9937581298275124,True,0.6,True,0.8629921873343102,AdaBoost,AdaBoost,True,0.8629921873343102
5,2,6,1,5,36,0,5.4,True,False,0.017697988133090096,False,0.0,False,0.022373673305896114,AdaBoost,AdaBoost,False,0.022373673305896114
13,14,49,4,12,298,0,21.53846154,False,False,0.037729550299239516,False,0.4,False,0.3940384140366154,AdaBoost,AdaBoost,False,0.3940384140366154
2,3,5,2,1,15,0,6.0,False,False,0.02081480622503624,False,0.0,False,0.020861822993766908,AdaBoost,AdaBoost,False,0.020861822993766908
29,21,104,20,22,733,0,24.13793103,True,False,0.3914026963283189,True,0.6,False,0.44683049722078505,RandomForest,RandomForest,True,0.6
1,2,1,0,1,1,0,0.0,False,False,0.02050103704483649,False,0.0,False,0.04266474362371065,AdaBoost,AdaBoost,False,0.04266474362371065
5,4,18,0,4,76,0,13.8,False,False,0.02361323141482732,False,0.1,False,0.09534797258532064,AdaBoost,AdaBoost,False,0.09534797258532064
10,12,14,6,10,51,1,3.9,False,False,0.019846420453108332,False,0.1,False,0.09513707326336232,AdaBoost,AdaBoost,False,0.09513707326336232
21,9,58,0,15,373,0,16.33333333,False,False,0.3762486681093571,False,0.3,False,0.3194522335143563,AdaBoost,AdaBoost,False,0.3194522335143563
3,8,4,0,3,20,0,5.0,False,False,0.02009879242269384,False,0.0,False,0.08324221831703961,AdaBoost,AdaBoost,False,0.08324221831703961
25,8,90,7,21,1160,1,44.84,False,False,0.3724413254067704,True,0.8,False,0.40580098534807857,AdaBoost,AdaBoost,False,0.40580098534807857
2,6,7,4,2,18,0,8.0,False,False,0.02067208458930377,False,0.0,False,0.06136222909162858,AdaBoost,AdaBoost,False,0.06136222909162858
23,7,33,3,15,284,2,10.34782609,False,False,0.027476627563454908,False,0.1,False,0.34850261041795705,AdaBoost,AdaBoost,False,0.34850261041795705
21,12,46,5,10,281,1,12.19047619,False,False,0.376127117224613,False,0.2,False,0.2676696860838277,AdaBoost,AdaBoost,False,0.2676696860838277
22,30,104,25,11,707,1,31.04545455,False,False,0.4571723689077132,False,0.5,False,0.3987342624343167,AdaBoost,AdaBoost,False,0.3987342624343167
21,12,77,0,15,797,0,36.57142857,False,False,0.0856287053175769,False,0.3,False,0.35224338796189963,AdaBoost,AdaBoost,False,0.35224338796189963
9,7,30,7,9,228,0,24.22222222,False,False,0.02358121824228087,False,0.1,False,0.055062145267537436,AdaBoost,AdaBoost,False,0.055062145267537436
12,6,31,5,9,360,1,26.58333333,False,False,0.3618236680132683,False,0.5,False,0.32930982967665545,AdaBoost,AdaBoost,False,0.32930982967665545
3,16,3,1,3,3,0,0.0,False,False,0.022352537573320137,False,0.0,False,0.06050132374994509,AdaBoost,AdaBoost,False,0.06050132374994509
38,21,104,0,29,839,1,20.71052632,True,True,0.7296151300986509,False,0.3,False,0.4825998299983525,Voting,Voting,True,0.7296151300986509
1,34,1,0,1,1,0,0.0,False,False,0.02913651065681975,False,0.0,False,0.02697914317659601,AdaBoost,AdaBoost,False,0.02697914317659601
2,4,5,3,2,21,1,8.5,False,False,0.02127079507396724,False,0.0,False,0.0324852218289302,AdaBoost,AdaBoost,False,0.0324852218289302
11,23,16,4,8,77,3,5.454545455,False,False,0.033122206219327995,False,0.1,False,0.27310894806171704,AdaBoost,AdaBoost,False,0.27310894806171704
3,3,5,0,1,18,1,4.666666667,False,False,0.021131524623934275,False,0.0,False,0.02130316799006516,AdaBoost,AdaBoost,False,0.02130316799006516
2,4,2,2,2,2,0,0.0,False,False,0.01780527694786727,False,0.0,False,0.05528226303533613,AdaBoost,AdaBoost,False,0.05528226303533613
25,6,26,1,25,136,1,3.96,False,False,0.017839781598232442,False,0.2,False,0.02949671988016565,AdaBoost,AdaBoost,False,0.02949671988016565
6,23,6,1,6,6,0,0.0,False,False,0.020318861280481524,False,0.0,False,0.08324027822994867,AdaBoost,AdaBoost,False,0.08324027822994867
8,5,25,5,6,145,0,16.5,False,False,0.023587087927074462,False,0.0,False,0.16008843630297084,AdaBoost,AdaBoost,False,0.16008843630297084
11,43,11,8,11,11,0,0.0,True,False,0.02260618276865484,False,0.1,False,0.29346066657705205,AdaBoost,AdaBoost,False,0.29346066657705205
1,3,2,0,1,5,0,4.0,False,False,0.017660427060448958,False,0.0,False,0.07520951136031785,AdaBoost,AdaBoost,False,0.07520951136031785
3,2,4,0,3,14,0,3.333333333,False,False,0.01733075982953491,False,0.0,False,0.04605937199337052,AdaBoost,AdaBoost,False,0.04605937199337052
10,2,12,0,10,53,0,3.9,False,False,0.016684025813471073,False,0.1,False,0.026137714446509724,AdaBoost,AdaBoost,False,0.026137714446509724
12,35,18,4,12,99,4,6.833333333,False,False,0.06126360194129162,False,0.4,False,0.1566348426174775,AdaBoost,AdaBoost,False,0.1566348426174775
9,4,11,1,9,60,2,5.222222222,False,False,0.02175651174639213,False,0.0,False,0.057479222715744537,AdaBoost,AdaBoost,False,0.057479222715744537
2,3,2,0,2,2,0,0.0,False,False,0.01783009982952293,False,0.0,False,0.11519377434873132,AdaBoost,AdaBoost,False,0.11519377434873132
11,14,24,4,10,107,0,8.272727273,True,False,0.023368759280011992,False,0.0,False,0.3214119919098343,AdaBoost,AdaBoost,False,0.3214119919098343
13,16,26,3,12,243,1,17.23076923,False,False,0.02776373917155027,False,0.1,False,0.3661218337825601,AdaBoost,AdaBoost,False,0.3661218337825601
30,27,78,12,30,543,1,16.8,False,False,0.33985557883374323,False,0.1,False,0.21415681739802625,AdaBoost,AdaBoost,False,0.21415681739802625
2,4,4,3,1,8,0,3.0,False,False,0.0184460743122575,False,0.0,False,0.028668635337071875,AdaBoost,AdaBoost,False,0.028668635337071875
14,10,39,8,13,225,2,14.71428571,False,False,0.03621728859021182,False,0.0,False,0.09753848694442407,AdaBoost,AdaBoost,False,0.09753848694442407
13,28,104,26,8,691,1,52.07692308,False,False,0.4566505947978094,False,0.3,False,0.3557523502765569,AdaBoost,AdaBoost,False,0.3557523502765569
12,9,31,8,10,170,0,12.83333333,False,False,0.02548950675042593,False,0.0,False,0.12125643229880065,AdaBoost,AdaBoost,False,0.12125643229880065
1,7,1,1,1,1,0,0.0,False,False,0.018648591950338897,False,0.0,False,0.06925031961882643,AdaBoost,AdaBoost,False,0.06925031961882643
23,57,23,16,23,23,0,0.0,False,False,0.2871047244262579,False,0.2,False,0.11154566013784832,AdaBoost,AdaBoost,False,0.11154566013784832
15,12,16,3,15,104,1,5.466666667,False,False,0.019459362491313647,False,0.1,False,0.2290553482833943,AdaBoost,AdaBoost,False,0.2290553482833943
9,5,36,3,9,146,0,15.22222222,False,False,0.0274452094898502,False,0.1,False,0.09187792922714656,AdaBoost,AdaBoost,False,0.09187792922714656
21,21,38,4,21,224,1,9.476190476000001,False,False,0.029562828212613832,False,0.0,False,0.2981249228451973,AdaBoost,AdaBoost,False,0.2981249228451973
3,6,18,4,2,67,0,21.33333333,False,False,0.02065306557921953,False,0.0,False,0.02212250068561948,AdaBoost,AdaBoost,False,0.02212250068561948
157,111,312,75,142,2701,12,15.89808917,False,True,0.6605703872460579,True,0.7,True,0.5431329662846178,AdaBoost,AdaBoost,True,0.5431329662846178
14,57,32,0,13,277,0,18.28571429,False,False,0.05989671728711653,False,0.2,False,0.19256212085290872,AdaBoost,AdaBoost,False,0.19256212085290872
5,11,14,3,3,72,1,13.2,False,False,0.0241299607806112,False,0.0,False,0.08884316783751388,AdaBoost,AdaBoost,False,0.08884316783751388
6,11,6,2,6,6,0,0.0,False,False,0.01806193116342249,False,0.0,False,0.037081630696037884,AdaBoost,AdaBoost,False,0.037081630696037884
3,2,5,1,3,22,1,6.0,False,False,0.01944860731796424,False,0.0,False,0.0997124469759636,AdaBoost,AdaBoost,False,0.0997124469759636
25,62,25,8,25,25,0,0.0,False,False,0.29065739824667497,False,0.1,False,0.28073886663091563,AdaBoost,AdaBoost,False,0.28073886663091563
8,11,17,3,8,54,1,5.5,False,False,0.0234173307564549,False,0.0,False,0.173071502658354,AdaBoost,AdaBoost,False,0.173071502658354
6,9,9,3,5,52,3,7.0,False,False,0.02709746542056075,False,0.1,False,0.2605707541607884,AdaBoost,AdaBoost,False,0.2605707541607884
11,6,12,2,11,78,1,5.6363636360000005,False,False,0.01890571706302991,False,0.0,False,0.05242699562941744,AdaBoost,AdaBoost,False,0.05242699562941744
32,33,84,0,8,670,0,19.78125,False,False,0.21535913533847886,False,0.3,False,0.2554055029839722,AdaBoost,AdaBoost,False,0.2554055029839722
17,6,29,5,17,167,0,8.470588235,False,False,0.3460713201768317,False,0.2,False,0.2577237428005709,AdaBoost,AdaBoost,False,0.2577237428005709
3,7,12,5,1,53,0,16.66666667,False,False,0.0188513240164192,False,0.0,False,0.005843365598552077,AdaBoost,AdaBoost,False,0.005843365598552077
7,54,7,0,7,7,0,0.0,False,False,0.03626331475442257,False,0.1,False,0.09456956840833472,AdaBoost,AdaBoost,False,0.09456956840833472
9,13,38,12,8,197,1,20.66666667,False,False,0.030352515533830324,False,0.1,False,0.3662759606968913,AdaBoost,AdaBoost,False,0.3662759606968913
28,17,70,17,21,488,0,16.21428571,False,False,0.049806859769245086,False,0.1,False,0.10502714665835912,AdaBoost,AdaBoost,False,0.10502714665835912
1,7,1,2,1,1,0,0.0,False,False,0.017285833523971214,False,0.0,False,0.009869837303238356,AdaBoost,AdaBoost,False,0.009869837303238356
6,3,9,1,6,40,0,5.5,False,False,0.014830971433756182,False,0.0,False,0.24013523551905105,AdaBoost,AdaBoost,False,0.24013523551905105
2,4,2,0,2,2,0,0.0,False,False,0.017160709428031353,False,0.0,False,0.00323819787063728,AdaBoost,AdaBoost,False,0.00323819787063728
4,16,79,15,3,435,1,107.5,False,False,0.3997690764069031,False,0.3,False,0.3771213764028537,AdaBoost,AdaBoost,False,0.3771213764028537
4,15,10,0,2,68,3,15.0,False,False,0.03946228151717027,False,0.0,False,0.009415445813005102,AdaBoost,AdaBoost,False,0.009415445813005102
8,27,8,14,8,8,0,0.0,True,False,0.012335607603976407,False,0.1,False,0.1983159879790478,AdaBoost,AdaBoost,False,0.1983159879790478
5,5,56,4,5,334,0,65.0,False,False,0.04026291994798408,False,0.3,False,0.4675949169130987,AdaBoost,AdaBoost,False,0.4675949169130987
14,20,105,0,7,623,0,43.35714286,False,False,0.2267977854140681,False,0.0,False,0.2179281053769412,AdaBoost,AdaBoost,False,0.2179281053769412
6,3,14,2,6,63,1,9.166666667000001,False,False,0.019939594139341887,False,0.0,False,0.07945209864490275,AdaBoost,AdaBoost,False,0.07945209864490275
10,9,38,0,8,197,0,18.3,False,False,0.03774548288411017,False,0.0,False,0.0743791164138916,AdaBoost,AdaBoost,False,0.0743791164138916
1,3,2,2,1,8,0,6.0,False,False,0.015469891503212166,False,0.0,False,0.014260586295970544,AdaBoost,AdaBoost,False,0.014260586295970544
4,2,6,1,4,35,2,7.25,False,False,0.02128140361192596,False,0.0,False,0.14305555995327107,AdaBoost,AdaBoost,False,0.14305555995327107
20,106,45,5,17,124,1,4.85,False,False,0.45730615242565503,False,0.2,False,0.15834809167306374,AdaBoost,AdaBoost,False,0.15834809167306374
19,8,19,0,19,19,0,0.0,False,False,0.010504380517192135,False,0.2,False,0.16429491205665495,AdaBoost,AdaBoost,False,0.16429491205665495
2,9,2,3,2,4,0,0.0,False,False,0.016651720572696416,False,0.0,False,0.010703090287516773,AdaBoost,AdaBoost,False,0.010703090287516773
8,9,61,7,6,544,0,66.875,True,False,0.04212258589648291,False,0.2,False,0.4481348097719818,AdaBoost,AdaBoost,False,0.4481348097719818
13,25,69,24,12,420,0,31.30769231,False,False,0.4150920552528281,False,0.2,False,0.15136433741387986,AdaBoost,AdaBoost,False,0.15136433741387986
3,5,5,3,1,18,1,4.666666667,False,False,0.021212280557984253,False,0.0,False,0.02934311832841233,AdaBoost,AdaBoost,False,0.02934311832841233
2,1,4,1,2,10,0,4.0,False,False,0.01607791167988433,False,0.0,False,0.040574197502718144,AdaBoost,AdaBoost,False,0.040574197502718144
4,7,17,2,2,58,1,13.0,False,False,0.030091077819970145,False,0.0,False,0.007662036822001359,AdaBoost,AdaBoost,False,0.007662036822001359
9,3,11,1,9,60,0,5.1111111110000005,False,False,0.012954468560360343,False,0.0,False,0.17402215579055694,AdaBoost,AdaBoost,False,0.17402215579055694
3,11,3,3,3,3,0,0.0,False,False,0.01667217163404895,False,0.0,False,0.011644908967140979,AdaBoost,AdaBoost,False,0.011644908967140979
5,8,5,0,5,5,0,0.0,False,False,0.016639861061005297,False,0.1,False,0.02226956781100484,AdaBoost,AdaBoost,False,0.02226956781100484
3,4,5,1,3,18,0,5.0,False,False,0.016138960206759773,False,0.0,False,0.035148674065730384,AdaBoost,AdaBoost,False,0.035148674065730384
3,3,3,1,3,3,0,0.0,False,False,0.015709467548365285,False,0.0,False,0.03299712778408806,AdaBoost,AdaBoost,False,0.03299712778408806
28,11,72,10,18,719,0,23.57142857,True,False,0.055160949348262885,False,0.3,True,0.5102926592368324,AdaBoost,AdaBoost,True,0.5102926592368324
14,10,34,0,13,207,0,13.21428571,False,False,0.02495177373936184,False,0.1,False,0.07593217353319694,AdaBoost,AdaBoost,False,0.07593217353319694
5,9,20,6,5,89,1,16.4,False,False,0.023320794076968486,False,0.1,False,0.05032663915081262,AdaBoost,AdaBoost,False,0.05032663915081262
4,6,4,0,4,4,0,0.0,True,False,0.016621990909255303,False,0.0,False,0.011854375422102563,AdaBoost,AdaBoost,False,0.011854375422102563
1,4,2,3,1,11,0,8.0,False,False,0.01930324822552577,False,0.0,False,0.03488298079922062,AdaBoost,AdaBoost,False,0.03488298079922062
9,5,29,3,6,157,0,16.22222222,False,False,0.02907466377806248,False,0.1,False,0.1049559423105537,AdaBoost,AdaBoost,False,0.1049559423105537
1,8,1,2,1,1,0,0.0,False,False,0.022555484899977524,False,0.0,False,0.04952290623850281,AdaBoost,AdaBoost,False,0.04952290623850281
12,10,64,10,7,444,1,35.75,True,False,0.06944937258756352,False,0.4,False,0.4729803153724348,AdaBoost,AdaBoost,False,0.4729803153724348
4,6,38,4,2,242,0,59.25,False,False,0.026115100450504813,False,0.0,False,0.10617876835851567,AdaBoost,AdaBoost,False,0.10617876835851567
2,34,2,1,2,7,0,0.0,False,False,0.03017681713482078,False,0.1,False,0.005588434084174082,AdaBoost,AdaBoost,False,0.005588434084174082
17,6,39,4,17,165,1,8.588235294,False,False,0.02441212052411657,False,0.3,False,0.13995055200063589,AdaBoost,AdaBoost,False,0.13995055200063589
3,5,3,2,3,3,0,0.0,False,False,0.020175177816384646,False,0.0,False,0.08020397509319263,AdaBoost,AdaBoost,False,0.08020397509319263
16,8,27,0,16,175,0,9.5,True,False,0.017551511087110557,False,0.0,False,0.35432274543239684,AdaBoost,AdaBoost,False,0.35432274543239684
19,6,64,6,18,636,1,32.15789474,False,False,0.3803491172783135,False,0.5,False,0.3791124974333706,AdaBoost,AdaBoost,False,0.3791124974333706
6,6,13,3,6,55,1,7.833333333,False,False,0.02230291607568007,False,0.0,False,0.14882595938267465,AdaBoost,AdaBoost,False,0.14882595938267465
6,8,23,0,6,143,0,22.5,False,False,0.023907124403482333,False,0.0,False,0.2100288869193927,AdaBoost,AdaBoost,False,0.2100288869193927
4,7,10,5,1,27,1,5.5,False,False,0.027992235786458302,False,0.0,False,0.022929972013658904,AdaBoost,AdaBoost,False,0.022929972013658904
2,4,4,3,2,30,0,11.5,False,False,0.01830343867108884,False,0.0,False,0.04571534106343119,AdaBoost,AdaBoost,False,0.04571534106343119
30,37,68,9,27,513,3,15.86666667,False,False,0.21850072301906232,False,0.1,False,0.14203665569652338,AdaBoost,AdaBoost,False,0.14203665569652338
10,20,61,16,9,192,0,18.2,False,False,0.06315477861107191,False,0.2,False,0.33987115179798016,AdaBoost,AdaBoost,False,0.33987115179798016
8,6,41,0,5,204,0,24.375,False,False,0.04094300145372725,False,0.1,False,0.36658448138461536,AdaBoost,AdaBoost,False,0.36658448138461536
2,6,13,6,2,46,0,22.0,False,False,0.020180115623518523,False,0.0,False,0.058631120800505636,AdaBoost,AdaBoost,False,0.058631120800505636
4,2,6,1,3,23,1,4.5,False,False,0.02200526168443662,False,0.0,False,0.11402116648624668,AdaBoost,AdaBoost,False,0.11402116648624668
2,24,2,0,2,2,0,0.0,False,False,0.02685358306549021,False,0.0,False,0.017620356502315842,AdaBoost,AdaBoost,False,0.017620356502315842
10,9,44,0,9,176,0,16.2,False,False,0.040597200670524455,False,0.3,False,0.17107365583241696,AdaBoost,AdaBoost,False,0.17107365583241696
1,3,2,1,1,5,0,4.0,False,False,0.02067023780701976,False,0.0,False,0.05759702907293076,AdaBoost,AdaBoost,False,0.05759702907293076
7,3,12,1,7,77,4,9.285714286000001,False,False,0.027622202094221296,False,0.0,False,0.1939629520875428,AdaBoost,AdaBoost,False,0.1939629520875428
6,6,40,4,5,227,0,36.66666667,False,False,0.03282688937450134,False,0.3,False,0.2382640271292264,AdaBoost,AdaBoost,False,0.2382640271292264
1,5,1,1,1,1,0,0.0,False,False,0.02193868524364612,False,0.0,False,0.06941083576569636,AdaBoost,AdaBoost,False,0.06941083576569636
4,6,14,3,4,74,0,17.0,False,False,0.020745215468867487,False,0.0,False,0.15559498950881945,AdaBoost,AdaBoost,False,0.15559498950881945
3,7,18,6,3,87,2,27.0,False,False,0.0255307947778196,False,0.0,False,0.06586188258279563,AdaBoost,AdaBoost,False,0.06586188258279563
30,26,132,25,13,1096,0,35.43333333,False,True,0.892539616095033,True,0.6,True,0.5612238254694569,AdaBoost,AdaBoost,True,0.5612238254694569
3,7,12,6,3,64,1,19.33333333,False,False,0.021695228003397325,False,0.0,False,0.01738901113666209,AdaBoost,AdaBoost,False,0.01738901113666209
6,11,13,2,6,44,1,6.0,False,False,0.024434509325433985,False,0.0,False,0.04109889767845013,AdaBoost,AdaBoost,False,0.04109889767845013
1,6,1,2,1,1,0,0.0,False,False,0.02201316590050865,False,0.0,False,0.0977206968730564,AdaBoost,AdaBoost,False,0.0977206968730564
13,8,32,0,13,134,0,9.076923077,False,False,0.02418569416885589,False,0.3,False,0.42646362889840855,AdaBoost,AdaBoost,False,0.42646362889840855
13,13,14,2,12,24,1,0.615384615,False,False,0.018368250679455068,False,0.1,False,0.01494863645614764,AdaBoost,AdaBoost,False,0.01494863645614764
3,10,3,3,3,3,0,0.0,False,False,0.021259847204832042,False,0.0,False,0.008457603920114841,AdaBoost,AdaBoost,False,0.008457603920114841
1,14,2,1,1,4,0,3.0,False,False,0.02401475850431168,False,0.0,False,0.005390602067532646,AdaBoost,AdaBoost,False,0.005390602067532646
2,6,2,2,2,2,0,0.0,False,False,0.020516674764541755,False,0.0,False,0.09473985748774492,AdaBoost,AdaBoost,False,0.09473985748774492
48,16,109,15,39,719,5,13.77083333,True,False,0.3953935817066419,False,0.4,False,0.481180734409616,AdaBoost,AdaBoost,False,0.481180734409616
2,16,2,2,2,2,0,0.0,False,False,0.023575381405666288,False,0.0,False,0.009584657903278159,AdaBoost,AdaBoost,False,0.009584657903278159
7,7,27,0,7,147,0,19.57142857,False,False,0.02596567568822719,False,0.0,False,0.11223774492614004,AdaBoost,AdaBoost,False,0.11223774492614004
13,22,30,8,11,267,0,19.30769231,False,False,0.02750473323329945,False,0.0,False,0.2489073544966653,AdaBoost,AdaBoost,False,0.2489073544966653
4,7,17,5,1,60,0,13.75,False,False,0.026113146751957552,False,0.0,False,0.005754466261565917,AdaBoost,AdaBoost,False,0.005754466261565917
10,11,39,0,7,1308,0,129.7,False,True,0.5718890321927408,False,0.4,False,0.3979198691394671,AdaBoost,AdaBoost,False,0.3979198691394671
7,3,8,0,6,51,0,5.857142857,False,False,0.017494991960173175,False,0.0,False,0.06852140631944573,AdaBoost,AdaBoost,False,0.06852140631944573
12,8,24,0,12,124,0,8.916666667000001,True,False,0.3538416077583545,False,0.0,False,0.2670590505399554,AdaBoost,AdaBoost,False,0.2670590505399554
2,5,2,2,2,2,0,0.0,False,False,0.020232605300962183,False,0.0,False,0.015786490672295428,AdaBoost,AdaBoost,False,0.015786490672295428
2,6,4,3,2,8,0,3.0,False,False,0.02056502073046024,False,0.0,False,0.08279067797774795,AdaBoost,AdaBoost,False,0.08279067797774795
5,4,21,4,4,144,0,27.2,False,False,0.02162827363097464,False,0.0,False,0.027096473473382468,AdaBoost,AdaBoost,False,0.027096473473382468
4,4,7,3,4,31,2,6.25,False,False,0.02096522118629284,False,0.0,False,0.047124952323392914,AdaBoost,AdaBoost,False,0.047124952323392914
4,22,12,0,3,72,0,17.0,False,False,0.02636812121142901,False,0.0,False,0.06924415409527565,AdaBoost,AdaBoost,False,0.06924415409527565
1,7,1,2,1,1,0,0.0,False,False,0.0215401336255943,False,0.0,False,0.015483221270392929,AdaBoost,AdaBoost,False,0.015483221270392929
2,5,7,4,2,18,0,8.0,False,False,0.02034182408664232,False,0.0,False,0.00909984334983792,AdaBoost,AdaBoost,False,0.00909984334983792
3,3,6,2,3,15,0,4.0,False,False,0.019601366590385787,False,0.0,False,0.023717875032983917,AdaBoost,AdaBoost,False,0.023717875032983917
29,21,97,0,20,677,1,22.0,False,False,0.4864811445853354,False,0.4,True,0.6478851980668678,AdaBoost,AdaBoost,True,0.6478851980668678
5,7,23,2,5,105,1,19.4,False,False,0.026294908079810102,False,0.0,False,0.09940977841623803,AdaBoost,AdaBoost,False,0.09940977841623803
33,33,45,7,32,350,1,9.121212121000001,False,False,0.03689140559484539,False,0.2,False,0.13624089208617218,AdaBoost,AdaBoost,False,0.13624089208617218
3,4,23,3,0,95,1,30.33333333,False,False,0.027385806466525445,False,0.0,False,0.040376605161220484,AdaBoost,AdaBoost,False,0.040376605161220484
3,6,11,3,2,33,1,9.666666667000001,False,False,0.02390695845671972,False,0.0,False,0.014369229490187325,AdaBoost,AdaBoost,False,0.014369229490187325
1,5,2,4,1,9,0,7.0,False,False,0.019131701741192005,False,0.0,False,0.010958044965632784,AdaBoost,AdaBoost,False,0.010958044965632784
6,5,22,3,4,84,2,12.5,True,False,0.02913998404657682,False,0.0,False,0.03210274740986808,AdaBoost,AdaBoost,False,0.03210274740986808
8,16,8,6,8,8,0,0.0,False,False,0.018302579846467448,False,0.1,False,0.2733090221129502,AdaBoost,AdaBoost,False,0.2733090221129502
15,19,66,18,6,451,3,28.26666667,False,False,0.1058682970841384,False,0.1,False,0.4941611924895837,AdaBoost,AdaBoost,False,0.4941611924895837
5,5,9,2,5,34,0,5.6,False,False,0.019185553848198263,False,0.0,False,0.1991269600706481,AdaBoost,AdaBoost,False,0.1991269600706481
17,15,78,0,15,413,0,22.82352941,False,False,0.4076893570673237,False,0.2,False,0.4771521506774962,AdaBoost,AdaBoost,False,0.4771521506774962
4,2,6,1,4,35,2,7.25,False,False,0.02012585035991499,False,0.3,False,0.12889662226531198,AdaBoost,AdaBoost,False,0.12889662226531198
6,6,19,0,6,94,0,14.0,False,False,0.02278415395850092,False,0.0,False,0.05139340991359876,AdaBoost,AdaBoost,False,0.05139340991359876
2,4,14,3,2,54,1,25.0,False,False,0.020842013601527376,False,0.0,False,0.017092314888372127,AdaBoost,AdaBoost,False,0.017092314888372127
2,5,4,3,1,8,0,3.0,False,False,0.021261521872762843,False,0.0,False,0.024208899400750758,AdaBoost,AdaBoost,False,0.024208899400750758
7,2,20,1,7,67,0,8.571428571,False,False,0.02162373132901716,False,0.0,False,0.15721557537672806,AdaBoost,AdaBoost,False,0.15721557537672806
2,3,6,2,2,26,0,11.5,False,False,0.018902004131414785,False,0.0,False,0.01643022838883209,AdaBoost,AdaBoost,False,0.01643022838883209
1,6,1,2,1,1,0,0.0,False,False,0.0212427416657463,False,0.0,False,0.06864349237602571,AdaBoost,AdaBoost,False,0.06864349237602571
8,11,32,0,7,149,0,17.25,False,False,0.03434886948250404,False,0.0,False,0.10000000000000002,AdaBoost,AdaBoost,False,0.10000000000000002
2,5,4,2,2,14,1,5.5,False,False,0.021894340974229338,False,0.0,False,2.2204460492503185e-16,AdaBoost,AdaBoost,False,2.2204460492503185e-16
5,17,6,2,5,25,0,3.6,False,False,0.02244315409354154,False,0.0,False,0.10000000000000002,AdaBoost,AdaBoost,False,0.10000000000000002
3,6,5,3,1,18,1,4.666666667,False,False,0.02362425607697704,False,0.0,False,2.2204460492503185e-16,AdaBoost,AdaBoost,False,2.2204460492503185e-16
5,13,31,11,4,140,1,26.6,False,False,0.032229369967302884,False,0.0,False,0.2,AdaBoost,AdaBoost,False,0.2
15,17,69,0,7,583,0,37.8,False,False,0.422869497904274,False,0.3,False,0.4000000000000001,AdaBoost,AdaBoost,False,0.4000000000000001
9,22,117,21,3,1209,0,133.2222222,False,False,0.4470570894490275,False,0.2,False,0.29999999999999993,AdaBoost,AdaBoost,False,0.29999999999999993
77,50,243,49,49,2480,4,30.8961039,True,True,0.9699974931462192,False,0.4,True,0.7,AdaBoost,AdaBoost,True,0.7
13,29,148,0,1,1407,0,107.0,True,True,0.9138824927072514,False,0.1,False,0.10000000000000002,Voting,Voting,True,0.9138824927072514
11,12,52,0,5,360,1,31.36363636,True,False,0.06095095034797871,False,0.3,False,0.29999999999999993,AdaBoost,AdaBoost,False,0.29999999999999993
1,9,1,1,1,1,0,0.0,False,False,0.02238843329439207,False,0.0,False,2.2204460492503185e-16,AdaBoost,AdaBoost,False,2.2204460492503185e-16
99,65,293,42,73,2894,9,28.05050505,True,True,0.9877632087096986,False,0.3,True,0.6000000000000001,AdaBoost,AdaBoost,True,0.6000000000000001
2,19,2,0,2,2,0,0.0,False,False,0.02483055106682709,False,0.0,False,2.2204460492503185e-16,AdaBoost,AdaBoost,False,2.2204460492503185e-16
6,2,19,0,4,86,0,13.0,False,False,0.02653329944054688,False,0.1,False,0.10000000000000002,AdaBoost,AdaBoost,False,0.10000000000000002
10,5,21,1,9,84,1,7.3,False,False,0.02530683472439335,False,0.0,False,2.2204460492503185e-16,AdaBoost,AdaBoost,False,2.2204460492503185e-16
13,11,50,0,10,267,0,19.15384615,False,False,0.04793911244074437,False,0.0,False,0.10000000000000002,AdaBoost,AdaBoost,False,0.10000000000000002
3,20,3,2,3,3,0,0.0,False,False,0.023943743715036856,False,0.0,False,2.2204460492503185e-16,AdaBoost,AdaBoost,False,2.2204460492503185e-16
2,8,3,3,2,14,1,5.5,False,False,0.021761289596879046,False,0.0,False,2.2204460492503185e-16,AdaBoost,AdaBoost,False,2.2204460492503185e-16
19,10,62,0,17,309,0,14.57894737,False,False,0.05137740268898838,False,0.1,False,0.10000000000000002,AdaBoost,AdaBoost,False,0.10000000000000002
3,5,10,3,2,39,2,11.33333333,False,False,0.0252205633056004,False,0.0,False,0.10000000000000002,AdaBoost,AdaBoost,False,0.10000000000000002
29,39,116,38,22,1109,5,36.86206897,True,True,0.7979088143648774,True,0.7,True,0.6000000000000001,AdaBoost,AdaBoost,True,0.6000000000000001
14,12,41,7,11,230,0,15.35714286,False,False,0.035415367157861664,False,0.1,False,0.2,AdaBoost,AdaBoost,False,0.2
3,6,14,4,2,70,2,21.66666667,False,False,0.025644610051181373,False,0.0,False,2.2204460492503185e-16,AdaBoost,AdaBoost,False,2.2204460492503185e-16
14,10,23,5,14,164,1,10.14285714,False,False,0.3554213744363665,False,0.1,False,0.10000000000000002,AdaBoost,AdaBoost,False,0.10000000000000002
4,7,5,0,4,32,0,6.0,False,False,0.02080296822289537,False,0.0,False,0.2,AdaBoost,AdaBoost,False,0.2
4,2,8,0,4,21,0,4.0,False,False,0.021391919450458874,False,0.1,False,2.2204460492503185e-16,AdaBoost,AdaBoost,False,2.2204460492503185e-16
3,3,5,2,3,12,0,3.0,False,False,0.02048261128737244,False,0.0,False,2.2204460492503185e-16,AdaBoost,AdaBoost,False,2.2204460492503185e-16
3,5,3,1,3,3,0,0.0,False,False,0.020713539271212115,False,0.0,False,2.2204460492503185e-16,AdaBoost,AdaBoost,False,2.2204460492503185e-16
2,4,4,2,2,10,0,4.0,False,False,0.02087504248989079,False,0.0,False,2.2204460492503185e-16,AdaBoost,AdaBoost,False,2.2204460492503185e-16
3,11,22,11,3,101,0,32.66666667,False,False,0.02367974878301092,False,0.1,False,0.10000000000000002,AdaBoost,AdaBoost,False,0.10000000000000002
3,11,38,10,3,215,0,70.33333333,False,False,0.02677959142737378,False,0.2,False,0.2,AdaBoost,AdaBoost,False,0.2
4,2,8,2,4,24,1,4.75,False,False,0.02168093691752585,False,0.1,False,2.2204460492503185e-16,AdaBoost,AdaBoost,False,2.2204460492503185e-16
33,54,277,48,20,2591,4,77.36363636,True,True,0.9944280843813322,True,0.8,True,0.8,AdaBoost,AdaBoost,True,0.8
2,3,5,2,1,15,0,6.0,False,False,0.021783108732467773,False,0.0,False,2.2204460492503185e-16,AdaBoost,AdaBoost,False,2.2204460492503185e-16
1,5,1,1,1,1,0,0.0,False,False,0.02146361409646026,False,0.0,False,2.2204460492503185e-16,AdaBoost,AdaBoost,False,2.2204460492503185e-16
22,20,143,20,5,1648,2,73.36363636,True,True,0.6118063043782671,False,0.3,False,0.33838513558958194,Voting,Voting,True,0.6118063043782671
5,3,15,2,4,50,0,9.0,False,False,0.020927768835311552,False,0.1,False,0.08479027732454411,AdaBoost,AdaBoost,False,0.08479027732454411
3,9,3,5,3,3,0,0.0,False,False,0.017807956759882816,False,0.0,False,0.0005414913624636767,AdaBoost,AdaBoost,False,0.0005414913624636767
4,10,10,8,4,27,0,5.75,False,False,0.01790551465749178,False,0.0,False,0.09929036845989736,AdaBoost,AdaBoost,False,0.09929036845989736
13,19,77,15,12,1090,1,82.76923077,False,False,0.3685355362010865,False,0.3,False,0.3324218666068248,AdaBoost,AdaBoost,False,0.3324218666068248
5,16,65,16,4,598,0,118.6,False,False,0.08130870755571927,False,0.1,False,0.3743814883423362,AdaBoost,AdaBoost,False,0.3743814883423362
10,6,30,4,0,290,1,27.5,False,False,0.024791890427021904,False,0.0,False,0.3365073295888786,AdaBoost,AdaBoost,False,0.3365073295888786
12,3,21,0,11,222,1,17.0,False,False,0.019644550112596842,False,0.1,False,0.10415622643920862,AdaBoost,AdaBoost,False,0.10415622643920862
11,11,44,3,8,279,0,23.63636364,True,False,0.03951231563669296,False,0.0,False,0.17736858333815184,AdaBoost,AdaBoost,False,0.17736858333815184
13,4,35,0,12,194,0,13.53846154,False,False,0.0274786316822799,False,0.0,False,0.07504824392867261,AdaBoost,AdaBoost,False,0.07504824392867261
4,24,104,22,3,763,2,189.25,False,False,0.36513546048477546,False,0.1,False,0.4312391929075994,AdaBoost,AdaBoost,False,0.4312391929075994
2,2,8,0,1,49,0,23.5,False,False,0.016091507559896388,False,0.0,False,0.02423933133399769,AdaBoost,AdaBoost,False,0.02423933133399769
11,7,20,0,10,132,0,10.63636364,False,False,0.3524826141161209,False,0.1,False,0.4108356312676783,AdaBoost,AdaBoost,False,0.4108356312676783
10,2,16,0,9,88,1,7.2,False,False,0.01897645353687241,False,0.0,False,0.0181256802807891,AdaBoost,AdaBoost,False,0.0181256802807891
37,16,108,0,29,1130,0,29.16216216,False,True,0.7991026625388141,True,0.7,True,0.5963955055539867,AdaBoost,AdaBoost,True,0.5963955055539867
9,7,28,5,8,124,2,12.44444444,False,False,0.03007517184698112,False,0.4,False,0.2484606022098817,AdaBoost,AdaBoost,False,0.2484606022098817
21,30,108,0,7,766,1,35.04761905,False,False,0.3060858845634304,False,0.2,False,0.24377587145908186,AdaBoost,AdaBoost,False,0.24377587145908186
74,84,163,46,70,1119,12,13.86486486,False,True,0.8141294112086203,True,0.7,False,0.4838845817135919,AdaBoost,AdaBoost,False,0.4838845817135919
7,12,24,0,6,122,0,15.85714286,False,False,0.028188296305174526,False,0.0,False,0.2268763316648923,AdaBoost,AdaBoost,False,0.2268763316648923
19,32,29,3,19,186,3,8.368421052999999,True,False,0.032969669679493635,False,0.1,False,0.08016017506644099,AdaBoost,AdaBoost,False,0.08016017506644099
2,12,2,1,2,2,0,0.0,False,False,0.021799460073257462,False,0.0,False,0.001339350264626383,AdaBoost,AdaBoost,False,0.001339350264626383
29,24,91,16,27,699,3,22.75862069,False,True,0.7491548586660315,False,0.2,True,0.6157612019870603,RandomForest,RandomForest,False,0.2
65,41,131,37,39,810,5,11.26153846,True,True,0.6961192888351797,True,0.9,True,0.5489101175964827,AdaBoost,AdaBoost,True,0.5489101175964827
6,5,15,4,6,53,0,7.833333333,False,False,0.01929818813504738,False,0.0,False,0.0870928451290796,AdaBoost,AdaBoost,False,0.0870928451290796
4,5,9,1,4,34,1,7.0,False,False,0.0221639394366898,False,0.0,False,0.11495376948399902,AdaBoost,AdaBoost,False,0.11495376948399902
3,10,5,3,1,18,1,4.666666667,False,False,0.021205438158339085,False,0.0,False,0.00756863848153685,AdaBoost,AdaBoost,False,0.00756863848153685
21,4,54,0,19,233,1,9.80952381,False,False,0.036388555328525266,False,0.1,False,0.028164818667533443,AdaBoost,AdaBoost,False,0.028164818667533443
1,10,1,2,1,1,0,0.0,False,False,0.02148515781536696,False,0.0,False,0.000938879445910385,AdaBoost,AdaBoost,False,0.000938879445910385
55,31,123,15,41,1167,6,19.94545455,True,False,0.4470615928473308,True,0.6,True,0.7193703699115893,AdaBoost,AdaBoost,True,0.7193703699115893
7,9,8,4,7,30,1,3.0,False,False,0.01754899349024844,False,0.0,False,0.008395328328461956,AdaBoost,AdaBoost,False,0.008395328328461956
3,15,3,1,3,3,0,0.0,False,False,0.021725825906407856,False,0.0,False,0.005408468854684263,AdaBoost,AdaBoost,False,0.005408468854684263
8,18,17,1,8,141,1,16.125,False,False,0.02465942619904412,False,0.1,False,0.03640882364627943,AdaBoost,AdaBoost,False,0.03640882364627943
10,15,10,3,10,10,0,0.0,False,False,0.3486045040215127,False,0.1,False,0.1473217562751542,AdaBoost,AdaBoost,False,0.1473217562751542
45,13,113,0,45,636,0,12.66666667,False,False,0.4028224090327517,False,0.2,False,0.1713783111445741,AdaBoost,AdaBoost,False,0.1713783111445741
7,10,44,7,4,348,0,48.42857143,True,False,0.031860833603357404,False,0.5,True,0.6410239310037676,AdaBoost,AdaBoost,True,0.6410239310037676
