noc,cbo,rfc,lcom,ca,ce,npm,loc,dam,mfa,ic,cbm,max_cc,bug,Voting_Prediction,Voting_Pred_Prob,RandomForest_Prediction,RandomForest_Pred_Prob,AdaBoost_Prediction,AdaBoost_Pred_Prob,selectedEnsemble,PredictedEnsemble,DSE_Prediction,DSE_Pred_Prob
0,19,18,0,8,15,4,84,0.0,0.5,0,0,3,True,True,0.5648697101501372,False,0.4,True,0.5205223002010652,AdaBoost,AdaBoost,True,0.5205223002010652
0,13,41,7,1,12,9,286,0.5,0.72,2,6,6,True,True,0.9551540785098944,True,1.0,True,0.6612616172618001,AdaBoost,AdaBoost,True,0.6612616172618001
0,4,38,0,0,4,9,287,1.0,0.0,0,0,5,False,True,0.5042844285031362,True,0.8,False,0.4950349501503861,AdaBoost,AdaBoost,False,0.4950349501503861
0,3,7,6,2,2,1,26,0.0,0.98125,2,3,3,False,True,0.5276484115532852,False,0.1,False,0.475746720948002,AdaBoost,Voting,True,0.5276484115532852
2,20,82,160,5,18,8,596,0.833333333,0.768421053,2,8,3,True,True,0.9923048544888528,True,1.0,True,0.9557381654967532,AdaBoost,AdaBoost,True,0.9557381654967532
3,13,6,10,10,3,0,8,0.0,0.0,0,0,1,False,False,0.17119002973992845,False,0.1,False,0.2092868013736238,AdaBoost,AdaBoost,False,0.2092868013736238
0,13,61,0,4,9,0,553,0.333333333,0.0,0,0,4,True,False,0.2421413605017791,True,0.8,True,0.6273954712370926,AdaBoost,AdaBoost,True,0.6273954712370926
0,6,34,34,1,6,7,323,0.7777777779999999,0.444444444,1,2,3,True,True,0.5748740765716912,True,0.6,True,0.5732800572532141,AdaBoost,AdaBoost,True,0.5732800572532141
0,8,36,58,1,7,13,191,1.0,0.0,0,0,1,False,True,0.5937670055501099,True,0.7,True,0.5957414861967976,AdaBoost,AdaBoost,True,0.5957414861967976
0,30,8,28,28,2,8,8,0.0,0.0,0,0,1,False,True,0.9554707353831956,True,1.0,True,0.6782898318994184,AdaBoost,AdaBoost,True,0.6782898318994184
0,3,7,0,2,1,3,125,0.14285714300000002,0.0,0,0,3,False,False,0.09031141464251964,False,0.2,False,0.36247954866296855,AdaBoost,AdaBoost,False,0.36247954866296855
0,2,19,0,1,1,8,65,0.0,0.708333333,1,4,1,False,False,0.13013371843491858,True,0.6,False,0.29353055303576914,AdaBoost,AdaBoost,False,0.29353055303576914
1,5,7,15,3,3,0,9,0.0,0.0,0,0,1,False,False,0.09608385070950523,False,0.1,False,0.2287220788841661,AdaBoost,AdaBoost,False,0.2287220788841661
2,10,8,21,7,3,0,10,0.0,0.0,0,0,1,False,False,0.1430236999329985,False,0.2,False,0.09564738497572606,AdaBoost,AdaBoost,False,0.09564738497572606
0,10,25,0,2,10,6,91,0.0,0.5,0,0,1,True,False,0.4944512442096392,True,0.7,False,0.4761704855531356,RandomForest,AdaBoost,False,0.4761704855531356
0,2,17,0,0,2,6,90,1.0,0.5,1,1,2,True,True,0.5351932840023382,False,0.3,False,0.18694367443871435,Voting,AdaBoost,False,0.18694367443871435
0,7,5,0,4,5,1,57,0.0,0.0,0,0,1,True,False,0.4382364163878256,True,0.9,True,0.6720729502157557,AdaBoost,AdaBoost,True,0.6720729502157557
0,20,64,167,13,11,22,446,1.0,0.333333333,2,6,12,True,True,0.99619863955597,True,1.0,True,0.9763386201971296,AdaBoost,AdaBoost,True,0.9763386201971296
0,2,4,1,1,1,1,13,0.0,0.923076923,1,1,2,True,False,0.12722318687845666,False,0.2,False,0.3724197151164541,AdaBoost,Voting,False,0.12722318687845666
0,8,6,0,8,0,0,100,0.0,0.0,0,0,1,False,False,0.10225735119470132,False,0.4,False,0.4663340659421589,AdaBoost,AdaBoost,False,0.4663340659421589
0,79,22,0,79,0,10,145,0.0,0.0,1,1,6,True,True,0.6664008784758818,True,1.0,True,0.6735536721216895,AdaBoost,AdaBoost,True,0.6735536721216895
2,7,16,0,2,5,1,66,1.0,0.0,0,0,1,False,True,0.5011559875390242,True,0.8,True,0.6049943036882968,AdaBoost,AdaBoost,True,0.6049943036882968
0,16,22,0,11,6,6,100,1.0,0.6315789470000001,2,2,4,True,True,0.6679456820894104,True,1.0,True,0.7092307100906088,AdaBoost,AdaBoost,True,0.7092307100906088
2,4,21,13,2,2,3,185,0.75,0.583333333,1,2,1,True,True,0.5398339878530982,False,0.3,False,0.38974780767318135,Voting,AdaBoost,False,0.38974780767318135
0,36,2,0,36,0,1,5,0.0,1.0,0,0,0,False,True,0.9529401130466476,True,0.6,False,0.465554771847577,AdaBoost,AdaBoost,False,0.465554771847577
0,9,33,34,0,9,5,453,1.0,0.885057471,1,5,3,False,True,0.6117780273700768,True,0.9,True,0.618798828533978,AdaBoost,AdaBoost,True,0.618798828533978
0,16,6,6,15,3,3,15,0.0,0.0,0,0,1,False,True,0.5115019174507847,True,0.7,True,0.6592736026884741,AdaBoost,AdaBoost,True,0.6592736026884741
0,4,17,5,1,4,5,109,1.0,0.0,0,0,2,True,False,0.4813538338494034,True,0.8,True,0.5777044225966717,AdaBoost,AdaBoost,True,0.5777044225966717
2,11,6,10,8,4,2,8,0.0,0.0,0,0,1,False,False,0.1567612950325491,False,0.2,False,0.28596499995108554,AdaBoost,AdaBoost,False,0.28596499995108554
3,57,36,176,52,5,19,193,0.5,0.0,0,0,1,True,True,0.9995477372557896,True,1.0,True,0.8561048955346012,AdaBoost,AdaBoost,True,0.8561048955346012
2,10,47,108,3,8,15,817,0.333333333,0.24,0,0,2,True,True,0.9544884682751772,True,0.9,True,0.5093159076817965,AdaBoost,AdaBoost,True,0.5093159076817965
5,10,6,4,9,1,5,19,1.0,0.0,0,0,1,True,True,0.5421522826323503,False,0.5,False,0.4447504051837259,Voting,AdaBoost,False,0.4447504051837259
0,4,14,4,1,3,2,74,0.0,0.7777777779999999,1,2,1,False,False,0.14371770273974893,False,0.2,False,0.42196918462587146,AdaBoost,AdaBoost,False,0.42196918462587146
0,4,10,15,1,3,6,31,0.0,0.615384615,1,3,1,True,False,0.4901442025613334,False,0.3,False,0.4456379997091848,AdaBoost,AdaBoost,False,0.4456379997091848
0,9,20,5,2,8,3,191,0.0,0.28571428600000004,0,0,8,False,False,0.488263936573909,False,0.5,True,0.5461427564560812,AdaBoost,AdaBoost,True,0.5461427564560812
0,5,6,3,1,4,3,18,0.0,0.5,0,0,1,False,False,0.4374197400693093,True,0.6,False,0.3312625153433537,AdaBoost,AdaBoost,False,0.3312625153433537
0,14,2,0,11,3,0,11,0.0,1.0,0,0,0,False,False,0.13190240486529967,False,0.2,False,0.3674321098697931,AdaBoost,AdaBoost,False,0.3674321098697931
1,13,46,0,2,12,7,357,1.0,0.0,0,0,1,True,False,0.2995167166786766,True,0.9,True,0.8057878614253939,AdaBoost,AdaBoost,True,0.8057878614253939
0,30,39,0,28,3,17,432,0.833333333,0.0,0,0,5,False,True,0.9819537366140736,True,1.0,True,0.7335621130735763,AdaBoost,AdaBoost,True,0.7335621130735763
0,3,12,66,3,0,12,12,0.0,0.0,0,0,1,True,False,0.4686834644729253,True,0.8,True,0.5834278172155469,AdaBoost,AdaBoost,True,0.5834278172155469
0,5,12,0,4,1,0,95,0.0,0.0,0,0,1,False,False,0.08430913889082405,False,0.2,False,0.4034176972521832,AdaBoost,AdaBoost,False,0.4034176972521832
0,8,20,0,2,6,0,389,1.0,0.833333333,1,1,5,True,True,0.5602060887553514,True,0.8,True,0.5535157901229826,AdaBoost,AdaBoost,True,0.5535157901229826
0,31,57,203,25,6,18,565,0.222222222,0.0,0,0,3,True,True,0.9836203250784308,True,1.0,True,0.8086575935080119,AdaBoost,AdaBoost,True,0.8086575935080119
0,19,1,0,18,1,1,1,0.0,0.0,0,0,1,False,False,0.4917610284505526,True,0.8,True,0.7961444573313363,Voting,Voting,False,0.4917610284505526
0,9,51,14,3,6,5,414,0.75,0.0,0,0,4,False,False,0.2093249980945163,True,0.9,True,0.5200251276522249,Voting,Voting,False,0.2093249980945163
0,12,12,1,1,11,6,173,1.0,0.921568627,0,0,6,False,False,0.2304563512698544,True,0.6,True,0.5959864827094332,Voting,Voting,False,0.2304563512698544
0,16,103,317,3,16,28,865,0.8888888890000001,0.688679245,1,10,3,True,True,0.9863219241593048,True,1.0,True,0.8956797646979249,AdaBoost,AdaBoost,True,0.8956797646979249
0,2,23,26,0,2,6,155,0.0,0.913793103,0,0,1,True,False,0.11267069327196155,True,0.8,False,0.4462200228874839,RandomForest,RandomForest,True,0.8
0,5,5,0,1,5,2,31,0.0,0.0,0,0,1,False,False,0.4407574516375205,True,0.7,True,0.6041418813438111,Voting,Voting,False,0.4407574516375205
0,11,37,3,3,10,6,281,0.0,0.4,0,0,5,False,False,0.2128484899422334,False,0.4,True,0.5326622024568775,AdaBoost,AdaBoost,True,0.5326622024568775
1,8,6,10,6,3,0,8,0.0,0.0,0,0,1,False,False,0.1132719236559048,False,0.0,False,0.020639815304312803,AdaBoost,AdaBoost,False,0.020639815304312803
0,10,26,0,3,8,8,143,0.0,0.6,2,4,5,True,True,0.6040679141886072,True,0.9,True,0.6538967877793149,AdaBoost,AdaBoost,True,0.6538967877793149
0,7,21,9,2,6,6,120,0.333333333,0.705882353,2,3,6,True,True,0.5934549961009439,True,1.0,True,0.9559061978278596,AdaBoost,AdaBoost,True,0.9559061978278596
2,5,4,3,4,2,1,6,0.0,0.0,0,0,1,False,False,0.10769608408145508,False,0.2,False,0.2894775092379768,AdaBoost,AdaBoost,False,0.2894775092379768
0,9,39,0,1,8,11,480,1.0,0.545454545,2,2,13,True,True,0.7456247802633177,True,0.9,True,0.8623748596365497,AdaBoost,AdaBoost,True,0.8623748596365497
0,5,29,53,1,4,6,514,1.0,0.541666667,1,4,14,True,True,0.5400750352897387,True,0.9,True,0.7045189006577611,AdaBoost,AdaBoost,True,0.7045189006577611
5,19,19,13,18,1,5,119,0.333333333,0.0,0,0,1,True,True,0.9117809595768656,True,0.9,True,0.7648447982503026,AdaBoost,AdaBoost,True,0.7648447982503026
0,14,30,0,2,13,4,136,0.0,0.5,0,0,1,False,False,0.2131782943782671,False,0.5,True,0.7124826543918041,AdaBoost,AdaBoost,True,0.7124826543918041
0,7,31,0,1,7,12,182,1.0,0.566666667,2,2,6,True,True,0.6534215413804929,True,1.0,True,0.9305392106631832,AdaBoost,AdaBoost,True,0.9305392106631832
1,14,4,0,13,1,3,25,0.333333333,0.0,0,0,1,True,False,0.4978216650469063,True,0.7,True,0.6512546646138428,AdaBoost,AdaBoost,True,0.6512546646138428
0,11,13,1,1,10,3,88,1.0,0.666666667,1,3,3,True,False,0.2281864263393713,True,0.9,True,0.6883857349754613,AdaBoost,AdaBoost,True,0.6883857349754613
6,28,5,3,25,3,3,15,0.0,0.0,0,0,1,True,True,0.6025435490285777,True,0.7,True,0.6466189246393249,AdaBoost,AdaBoost,True,0.6466189246393249
0,17,14,78,11,8,12,20,0.0,0.0,0,0,1,True,True,0.6750919914463966,True,1.0,True,0.752001881138736,AdaBoost,AdaBoost,True,0.752001881138736
7,40,22,147,40,0,17,314,1.0,0.0,0,0,1,True,True,0.6613500116317711,True,0.9,True,0.9359287483801959,AdaBoost,AdaBoost,True,0.9359287483801959
6,16,19,70,15,1,11,121,1.0,0.0,0,0,2,True,True,0.6168870084402984,True,0.9,True,0.8960137947701599,AdaBoost,AdaBoost,True,0.8960137947701599
0,8,9,1,2,6,0,64,0.0,0.952380952,1,1,1,True,True,0.5040618156693203,True,0.7,True,0.6046599111326577,AdaBoost,AdaBoost,True,0.6046599111326577
0,4,6,0,2,3,3,44,0.0,0.5,0,0,3,False,False,0.436216441166034,False,0.2,False,0.27306270529683097,AdaBoost,AdaBoost,False,0.27306270529683097
1,23,29,67,10,22,12,199,0.333333333,0.0,0,0,1,True,True,0.6541430311893622,False,0.5,True,0.8405053378548625,AdaBoost,AdaBoost,True,0.8405053378548625
0,2,3,1,0,2,2,7,0.0,0.0,0,0,1,False,False,0.07827729987484924,False,0.3,False,0.08023158190409821,AdaBoost,AdaBoost,False,0.08023158190409821
0,23,77,92,18,5,8,1568,0.523809524,0.0,1,1,4,True,True,0.9860964402858526,True,0.9,True,0.6082819298478302,AdaBoost,AdaBoost,True,0.6082819298478302
2,4,33,42,3,1,10,478,0.625,0.548387097,1,5,8,False,True,0.5109987188423037,True,0.8,True,0.5525859653979879,AdaBoost,AdaBoost,True,0.5525859653979879
0,2,8,8,2,0,3,90,0.0,0.7142857140000001,1,2,3,False,False,0.4672234268469189,False,0.4,True,0.5077682581297972,AdaBoost,AdaBoost,True,0.5077682581297972
0,13,58,0,0,13,22,719,1.0,0.0,0,0,2,True,True,0.9610200458054852,True,0.8,True,0.5395451195422374,AdaBoost,AdaBoost,True,0.5395451195422374
0,3,19,0,1,2,5,100,0.0,0.5,1,2,1,False,False,0.4835864014586174,False,0.2,False,0.29266958670187176,AdaBoost,AdaBoost,False,0.29266958670187176
3,11,4,3,10,1,0,6,0.0,0.0,0,0,1,False,False,0.14552379237210475,False,0.3,False,0.3038926903992516,AdaBoost,AdaBoost,False,0.3038926903992516
0,18,11,55,6,12,11,11,0.0,0.0,0,0,1,True,True,0.6616839615632087,True,0.8,True,0.7555208478991886,AdaBoost,AdaBoost,True,0.7555208478991886
0,4,5,0,1,3,3,65,0.666666667,0.7777777779999999,0,0,4,False,False,0.1150762274699218,False,0.2,False,0.4700642611265101,AdaBoost,AdaBoost,False,0.4700642611265101
3,29,25,167,26,3,18,343,1.0,0.0,0,0,1,True,True,0.9937652442169088,True,0.9,True,0.8694564301202098,AdaBoost,AdaBoost,True,0.8694564301202098
0,9,46,102,2,8,16,454,1.0,0.413793103,2,4,7,True,True,0.9891278553926928,True,1.0,True,0.8294391517832204,AdaBoost,AdaBoost,True,0.8294391517832204
0,2,17,6,2,0,4,147,0.0,0.0,0,0,1,True,False,0.41925234820628976,False,0.4,False,0.4227385917345092,AdaBoost,AdaBoost,False,0.4227385917345092
0,6,4,1,4,2,0,39,0.0,0.923076923,1,3,4,True,False,0.1236319992995281,False,0.3,False,0.3187495609414287,AdaBoost,AdaBoost,False,0.3187495609414287
0,3,18,7,1,2,4,112,0.5,0.7,1,2,1,True,True,0.50523182174264,False,0.5,True,0.5236778685327296,AdaBoost,AdaBoost,True,0.5236778685327296
0,8,22,38,5,3,10,447,0.0,0.607142857,1,4,8,False,True,0.5567825336618596,True,0.7,True,0.6453802048432623,AdaBoost,AdaBoost,True,0.6453802048432623
0,7,30,0,1,6,6,303,1.0,0.0,0,0,4,False,True,0.5074046368089123,True,0.7,False,0.3792891770729364,AdaBoost,AdaBoost,False,0.3792891770729364
0,14,6,15,14,0,6,6,0.0,0.0,0,0,1,True,False,0.4707237252729888,True,0.8,True,0.7609298611649602,AdaBoost,AdaBoost,True,0.7609298611649602
3,9,8,21,6,4,0,15,0.0,0.0,0,0,1,False,False,0.16966959417652328,False,0.0,False,0.01917464356576879,AdaBoost,AdaBoost,False,0.01917464356576879
1,2,12,17,1,1,8,185,0.75,0.653846154,1,5,1,False,True,0.5315880148999924,False,0.3,True,0.5143746548590336,RandomForest,RandomForest,False,0.3
0,5,10,4,5,0,0,298,0.0,0.0,0,0,4,False,False,0.08357126148688761,False,0.4,False,0.3953049542278553,AdaBoost,AdaBoost,False,0.3953049542278553
0,30,97,553,22,10,28,729,0.411764706,0.686956522,1,2,6,True,True,0.9999140338874696,True,1.0,True,0.7589730502975484,AdaBoost,AdaBoost,True,0.7589730502975484
0,8,28,0,2,6,17,482,0.0,0.709677419,1,6,4,True,True,0.8792908801225107,True,0.7,True,0.7309834963321558,AdaBoost,AdaBoost,True,0.7309834963321558
1,3,16,0,1,2,0,178,1.0,0.0,0,0,3,True,False,0.12571490626017648,False,0.1,False,0.2894058317603745,AdaBoost,AdaBoost,False,0.2894058317603745
0,10,23,6,1,10,2,185,0.0,0.4,0,0,1,True,False,0.15010888985953466,False,0.1,False,0.18023062563537484,AdaBoost,AdaBoost,False,0.18023062563537484
0,8,2,1,8,0,2,2,0.0,0.0,0,0,1,False,False,0.4226203443990176,True,0.6,True,0.5804450395876677,Voting,Voting,False,0.4226203443990176
1,2,4,1,1,1,1,9,0.0,0.923076923,1,1,1,False,False,0.4834211412702223,True,0.8,True,0.8426425919607142,Voting,Voting,False,0.4834211412702223
0,7,14,15,3,5,5,57,0.0,0.705882353,2,3,3,True,True,0.5884940708160084,True,0.7,True,0.6445191067480549,AdaBoost,AdaBoost,True,0.6445191067480549
0,12,21,24,2,12,5,167,0.0,0.363636364,0,0,6,False,False,0.19598251392492808,False,0.4,False,0.4690822120121918,AdaBoost,AdaBoost,False,0.4690822120121918
0,10,43,0,4,7,11,292,1.0,0.607142857,2,2,7,True,True,0.6907607806768491,True,1.0,True,0.9418141076844344,AdaBoost,AdaBoost,True,0.9418141076844344
1,7,6,10,5,2,0,8,0.0,0.0,0,0,1,False,False,0.1041811822847248,False,0.1,False,0.03269617746411448,AdaBoost,AdaBoost,False,0.03269617746411448
0,17,7,1,17,0,2,21,0.0,0.0,0,0,2,True,False,0.4511008327606978,True,0.8,True,0.7193513665353454,AdaBoost,AdaBoost,True,0.7193513665353454
0,8,12,4,1,7,3,55,1.0,0.857142857,1,1,2,True,True,0.5639948406725936,True,0.8,True,0.6937546640807967,AdaBoost,AdaBoost,True,0.6937546640807967
0,3,35,196,2,2,10,729,0.707317073,0.0,0,0,3,False,True,0.6241192229906862,True,0.6,True,0.6737460175959239,AdaBoost,AdaBoost,True,0.6737460175959239
0,7,53,38,3,6,9,725,0.857142857,0.0,0,0,6,True,True,0.6834737983894624,True,0.9,True,0.7314055199628742,AdaBoost,AdaBoost,True,0.7314055199628742
0,2,25,0,1,1,11,98,0.0,0.62962963,1,5,1,False,False,0.1382575635098335,False,0.5,False,0.26886652509358155,AdaBoost,AdaBoost,False,0.26886652509358155
0,1,25,22,1,0,6,126,1.0,0.0,0,0,5,True,False,0.4421667070931368,False,0.5,True,0.5665215141985719,AdaBoost,AdaBoost,True,0.5665215141985719
0,4,3,1,3,1,2,16,0.0,0.0,0,0,0,True,False,0.08271242807210588,False,0.1,False,0.1513597640122357,AdaBoost,AdaBoost,False,0.1513597640122357
0,2,19,15,2,0,4,184,0.0,0.8125,1,1,14,True,False,0.1341425420810173,True,0.6,True,0.5744026944337184,AdaBoost,AdaBoost,True,0.5744026944337184
1,6,4,3,5,1,0,6,0.0,0.0,0,0,1,False,False,0.08756730063301815,False,0.0,False,0.06540097300864907,AdaBoost,AdaBoost,False,0.06540097300864907
0,31,128,39,4,30,0,1901,0.884615385,0.0,0,0,6,True,True,0.9899510893549528,True,1.0,True,0.8951742944117559,AdaBoost,AdaBoost,True,0.8951742944117559
0,3,23,0,1,2,8,143,0.5,0.538461538,2,2,2,False,False,0.273925659269576,False,0.3,True,0.5518860305857716,AdaBoost,AdaBoost,True,0.5518860305857716
0,53,185,1998,18,46,0,2835,0.409836066,0.0,0,0,23,True,True,0.9999965663571744,True,1.0,True,0.7515373704997316,AdaBoost,AdaBoost,True,0.7515373704997316
0,4,21,8,0,4,7,116,1.0,0.3,2,2,2,True,True,0.6248117711522039,True,0.8,True,0.8457616377390609,AdaBoost,AdaBoost,True,0.8457616377390609
0,1,7,1,0,1,2,37,0.0,0.0,0,0,3,False,False,0.06858549832086451,False,0.1,False,0.112376478623123,AdaBoost,AdaBoost,False,0.112376478623123
4,10,6,0,9,1,2,22,1.0,0.7142857140000001,0,0,1,True,True,0.6032957869865047,False,0.5,True,0.7689642423766111,AdaBoost,AdaBoost,True,0.7689642423766111
0,0,8,3,0,0,1,27,0.0,0.0,0,0,2,False,False,0.05670079135009173,False,0.2,False,0.2978491923922041,AdaBoost,AdaBoost,False,0.2978491923922041
2,12,2,0,12,0,0,8,0.0,0.0,0,0,0,False,False,0.1200158861146123,False,0.3,False,0.3928729679659,AdaBoost,AdaBoost,False,0.3928729679659
0,11,18,9,10,1,5,65,1.0,0.7333333329999999,1,1,3,True,False,0.2291204197215174,True,0.7,True,0.5298506210142568,AdaBoost,AdaBoost,True,0.5298506210142568
0,4,19,2,1,3,6,116,1.0,0.0,0,0,2,False,False,0.480153814065307,True,0.7,True,0.5620144542944199,Voting,Voting,False,0.480153814065307
5,5,18,5,5,0,1,88,0.5,0.0,0,0,1,False,False,0.46028285627215104,False,0.5,True,0.6010944738977,AdaBoost,AdaBoost,True,0.6010944738977
0,6,54,98,3,6,9,509,1.0,0.0,0,0,3,True,True,0.8690412066278559,True,0.7,True,0.5687022354315622,AdaBoost,AdaBoost,True,0.5687022354315622
0,20,24,276,19,1,24,24,0.0,0.0,0,0,1,True,True,0.9721023048741584,True,0.9,True,0.8943673278045402,AdaBoost,AdaBoost,True,0.8943673278045402
0,1,5,1,1,0,0,44,0.0,0.0,0,0,0,True,False,0.05879688722468559,False,0.1,False,0.06369479883501357,AdaBoost,AdaBoost,False,0.06369479883501357
2,10,27,1,2,8,6,136,1.0,0.666666667,2,3,5,True,True,0.6937027105773339,True,1.0,True,0.9653023861119744,AdaBoost,AdaBoost,True,0.9653023861119744
0,4,8,19,4,0,7,49,0.0,0.0,0,0,2,True,False,0.10748462534196444,False,0.2,True,0.5131894001135912,AdaBoost,AdaBoost,True,0.5131894001135912
0,4,7,3,0,4,3,20,0.0,0.7777777779999999,2,3,1,False,False,0.2406916000221528,False,0.5,True,0.6012071902340073,AdaBoost,AdaBoost,True,0.6012071902340073
0,3,12,3,0,3,6,69,1.0,0.5555555560000001,0,0,1,False,False,0.1447899393444647,False,0.4,False,0.4206852579776848,AdaBoost,AdaBoost,False,0.4206852579776848
0,16,33,3,1,16,6,297,1.0,0.88372093,2,3,1,True,True,0.9653018286551543,True,0.8,True,0.7081014636814402,AdaBoost,AdaBoost,True,0.7081014636814402
1,6,21,2,3,4,7,278,1.0,0.533333333,1,3,1,True,True,0.5712817218343461,True,0.9,True,0.6780050823838257,AdaBoost,AdaBoost,True,0.6780050823838257
0,1,10,21,1,0,7,155,0.0,0.0,0,0,4,False,False,0.09972103046328194,False,0.2,False,0.4559889313888613,AdaBoost,AdaBoost,False,0.4559889313888613
0,3,32,1,1,2,6,346,1.0,0.444444444,1,2,2,False,False,0.2053566010308476,True,0.9,True,0.5551718208488743,Voting,Voting,False,0.2053566010308476
0,12,77,64,3,10,5,1021,0.818181818,0.0,0,0,2,True,True,0.5792956286311579,False,0.5,False,0.3343578330957746,Voting,Voting,True,0.5792956286311579
0,17,58,37,4,17,4,751,0.0,0.35,0,0,5,True,True,0.913888258586074,True,0.7,True,0.6067884949162763,AdaBoost,AdaBoost,True,0.6067884949162763
0,14,45,79,2,12,6,629,1.0,0.0,0,0,4,True,True,0.9164140990293368,True,0.7,True,0.6524237667681795,AdaBoost,AdaBoost,True,0.6524237667681795
0,13,24,69,0,13,12,723,0.571428571,0.454545455,0,0,1,False,True,0.9296386951277592,True,0.6,True,0.6531602499858927,AdaBoost,AdaBoost,True,0.6531602499858927
0,6,22,1,0,6,2,172,0.0,0.0,0,0,1,False,False,0.11606725768436127,False,0.4,False,0.4540133917478262,AdaBoost,AdaBoost,False,0.4540133917478262
1,6,9,21,2,5,1,15,0.0,0.0,0,0,1,True,False,0.44882895747813256,False,0.1,False,0.39950156503162665,AdaBoost,AdaBoost,False,0.39950156503162665
0,8,8,15,2,8,1,30,0.0,0.444444444,0,0,1,False,False,0.12467098352726508,True,0.6,False,0.41581841604902425,AdaBoost,AdaBoost,False,0.41581841604902425
0,4,7,3,2,2,3,28,0.0,0.0,0,0,2,False,False,0.42204401557935295,False,0.3,False,0.31880721831886544,AdaBoost,AdaBoost,False,0.31880721831886544
3,16,3,1,15,1,2,5,0.0,0.0,0,0,1,True,False,0.1600971775825388,True,0.7,True,0.6613624587034924,AdaBoost,AdaBoost,True,0.6613624587034924
0,2,2,0,1,1,0,18,0.0,0.0,0,0,0,False,False,0.061899101768952886,False,0.3,False,0.4926810141967979,AdaBoost,AdaBoost,False,0.4926810141967979
0,2,4,0,0,2,2,33,1.0,0.0,0,0,3,False,False,0.11295934397916425,False,0.2,False,0.2529461661925645,AdaBoost,AdaBoost,False,0.2529461661925645
1,41,21,64,41,0,11,197,1.0,0.0,0,0,4,True,True,0.9757113876062236,True,0.8,True,0.8048233381814968,AdaBoost,AdaBoost,True,0.8048233381814968
0,17,5,10,17,0,5,5,0.0,0.0,0,0,1,True,False,0.1404857529565723,True,0.7,True,0.5748660877294368,AdaBoost,AdaBoost,True,0.5748660877294368
0,7,14,0,3,4,0,108,0.333333333,0.0,0,0,5,True,False,0.11766424314563685,False,0.3,True,0.5689334735580397,AdaBoost,AdaBoost,True,0.5689334735580397
0,2,10,5,1,2,5,1311,1.0,0.428571429,0,0,5,True,False,0.41826444596657736,False,0.5,False,0.4339144762942268,AdaBoost,AdaBoost,False,0.4339144762942268
0,5,12,0,4,1,5,387,0.2,0.0,0,0,4,False,False,0.10256692022795937,False,0.5,False,0.3920194476002322,AdaBoost,AdaBoost,False,0.3920194476002322
0,0,25,3,0,0,2,165,0.0,0.0,0,0,1,False,False,0.08158888532680783,False,0.4,False,0.31004163376017635,AdaBoost,AdaBoost,False,0.31004163376017635
0,1,15,4,0,1,6,240,0.5,0.0,0,0,8,False,False,0.4539793532567253,False,0.5,False,0.3629062168156044,AdaBoost,AdaBoost,False,0.3629062168156044
0,9,40,70,2,7,16,267,1.0,0.575757576,1,5,1,False,True,0.9530206373222262,True,0.7,True,0.6737389337772934,AdaBoost,AdaBoost,True,0.6737389337772934
0,14,52,0,3,14,5,584,0.333333333,0.352941176,0,0,20,False,True,0.6043176851936221,True,0.8,True,0.6721738580898505,AdaBoost,AdaBoost,True,0.6721738580898505
0,7,6,0,7,0,2,83,0.125,0.0,1,1,5,True,False,0.15478293158875034,False,0.4,False,0.4744323485806641,AdaBoost,AdaBoost,False,0.4744323485806641
0,10,20,0,3,9,6,84,1.0,0.28571428600000004,2,2,2,True,False,0.3035834326820375,True,0.8,True,0.5781909806183554,AdaBoost,AdaBoost,True,0.5781909806183554
0,9,18,0,2,8,7,228,0.5,0.7142857140000001,1,2,1,True,True,0.5625441135238568,True,0.6,True,0.6001664331289678,AdaBoost,AdaBoost,True,0.6001664331289678
0,3,15,11,0,3,6,110,1.0,0.5555555560000001,0,0,4,False,False,0.15909437554066388,True,0.8,False,0.4393488999941584,AdaBoost,AdaBoost,False,0.4393488999941584
0,4,15,0,1,3,6,113,1.0,0.615384615,1,3,1,True,False,0.1949915598265848,True,0.8,True,0.8169629886111122,AdaBoost,AdaBoost,True,0.8169629886111122
0,12,66,99,3,9,2,1164,0.470588235,0.0,0,0,2,False,True,0.9088627906989551,True,0.7,True,0.8600940840034716,AdaBoost,AdaBoost,True,0.8600940840034716
0,0,18,0,0,0,3,127,0.5,0.0,0,0,6,True,False,0.4368318642050459,False,0.3,False,0.4779213520689024,AdaBoost,AdaBoost,False,0.4779213520689024
0,4,22,32,3,1,10,135,0.8,0.0,1,1,7,False,True,0.5799759178829296,False,0.5,False,0.4299230734424527,AdaBoost,AdaBoost,False,0.4299230734424527
0,3,15,2,0,3,3,708,0.5,0.7,1,2,79,False,True,0.9447144379156496,True,0.6,True,0.5064452964674596,AdaBoost,AdaBoost,True,0.5064452964674596
0,7,63,208,2,7,11,531,0.7692307690000001,0.08,0,0,4,True,True,0.9673385650000884,True,0.7,True,0.7251160748036783,AdaBoost,AdaBoost,True,0.7251160748036783
0,3,5,0,2,2,1,33,1.0,0.923076923,1,4,1,False,False,0.4797271837144084,True,0.8,True,0.5940912649442028,Voting,Voting,False,0.4797271837144084
0,4,8,0,0,4,3,28,1.0,0.5,1,1,1,True,True,0.5318469045647588,True,0.6,True,0.7250507025192179,AdaBoost,AdaBoost,True,0.7250507025192179
0,1,16,99,1,0,14,3574,0.0,0.0,0,0,8,True,False,0.4027704041299212,False,0.2,True,0.5058266274442749,AdaBoost,AdaBoost,True,0.5058266274442749
0,15,96,60,0,15,8,1498,0.5,0.0,0,0,3,True,True,0.9589274083049176,True,0.9,True,0.6294486326778105,AdaBoost,AdaBoost,True,0.6294486326778105
0,3,17,19,3,1,0,133,0.5,0.0,0,0,2,False,False,0.44148965204022855,False,0.4,False,0.4771088456106528,AdaBoost,AdaBoost,False,0.4771088456106528
0,2,6,10,1,1,4,15,0.0,0.5,1,2,1,False,False,0.12939511954420435,False,0.5,False,0.4583020488403614,AdaBoost,AdaBoost,False,0.4583020488403614
0,8,2,0,8,0,1,5,0.0,1.0,0,0,0,False,False,0.08208971313981796,False,0.1,False,0.14424337292057818,AdaBoost,AdaBoost,False,0.14424337292057818
0,12,22,61,11,1,13,175,0.0,0.0,0,0,3,True,True,0.5444875192935074,True,0.8,True,0.6228900647073528,AdaBoost,AdaBoost,True,0.6228900647073528
0,12,10,2,2,12,5,74,0.0,0.5,0,0,3,True,True,0.5096009974631657,False,0.2,False,0.483388495568835,Voting,Voting,True,0.5096009974631657
0,44,392,6747,16,34,88,8474,0.7377049179999999,0.0,0,0,7,True,True,1.0,True,1.0,True,0.8893580747643816,AdaBoost,AdaBoost,True,0.8893580747643816
0,6,27,0,1,5,11,348,1.0,0.571428571,2,3,15,True,True,0.9296896729590678,True,0.9,True,0.9046371961878328,AdaBoost,AdaBoost,True,0.9046371961878328
0,4,8,3,0,4,3,31,0.0,0.7142857140000001,1,2,1,True,False,0.4776068528673733,True,0.9,True,0.9169018800999832,AdaBoost,AdaBoost,True,0.9169018800999832
0,9,16,91,9,0,14,228,0.0,0.0,0,0,2,True,True,0.6283623857670708,True,0.9,True,0.8240443832933331,AdaBoost,AdaBoost,True,0.8240443832933331
1,4,22,0,1,3,1,481,1.0,0.0,0,0,2,False,True,0.506813427727464,True,0.6,True,0.708958096851359,AdaBoost,AdaBoost,True,0.708958096851359
0,9,41,2,1,9,15,386,0.333333333,0.6333333329999999,1,6,2,True,True,0.8735895947051301,True,0.6,True,0.5479598314498972,AdaBoost,AdaBoost,True,0.5479598314498972
0,22,46,0,9,16,4,770,0.0,0.222222222,1,1,12,True,True,0.9753909945854602,True,0.6,True,0.7048125251001879,AdaBoost,AdaBoost,True,0.7048125251001879
2,9,9,28,5,5,0,16,0.0,0.0,0,0,1,False,False,0.14536255134805126,False,0.4,False,0.3022767200674651,AdaBoost,AdaBoost,False,0.3022767200674651
5,20,8,15,14,7,5,17,0.0,0.705882353,1,1,1,True,True,0.6310073352926513,True,0.8,True,0.5654294187106379,AdaBoost,AdaBoost,True,0.5654294187106379
2,7,14,8,5,2,6,103,1.0,0.384615385,1,2,2,False,True,0.5770911957394039,True,0.7,True,0.5272252947431386,AdaBoost,AdaBoost,True,0.5272252947431386
1,22,95,0,4,20,21,1118,1.0,0.7307692309999999,2,11,6,True,True,0.9919813819826112,True,1.0,True,0.9840618362219572,AdaBoost,AdaBoost,True,0.9840618362219572
1,34,168,2716,1,33,44,3477,0.571428571,0.0,0,0,23,True,True,0.9999999749522878,True,1.0,True,0.8925197801760726,AdaBoost,AdaBoost,True,0.8925197801760726
0,19,40,17,2,19,2,599,0.0,0.4,0,0,15,True,True,0.9165353494725634,True,0.7,True,0.5273470742194603,AdaBoost,AdaBoost,True,0.5273470742194603
1,39,183,1464,13,33,28,2234,0.580645161,0.6050955410000001,2,15,30,True,True,0.9999894937386814,True,1.0,True,0.9513106494661284,AdaBoost,AdaBoost,True,0.9513106494661284
0,5,8,3,1,4,3,31,0.0,0.7142857140000001,1,2,1,True,False,0.4827071895829847,True,0.8,True,0.9180414568861542,AdaBoost,AdaBoost,True,0.9180414568861542
0,22,62,172,2,21,5,438,0.75,0.4,1,4,7,True,True,0.9756071493301012,True,0.9,True,0.6829585780300329,AdaBoost,AdaBoost,True,0.6829585780300329
0,6,25,0,3,3,0,378,0.0,0.75,1,3,26,False,False,0.4535691927355817,True,0.7,True,0.5285090887933421,Voting,Voting,False,0.4535691927355817
4,8,11,8,4,4,8,54,1.0,0.4166666670000001,2,2,4,True,True,0.9054381437543332,True,0.8,True,0.7675829587835671,AdaBoost,AdaBoost,True,0.7675829587835671
7,23,3,1,23,0,2,5,0.0,0.0,0,0,1,True,True,0.9223731973442181,True,0.8,True,0.7562606329673337,AdaBoost,AdaBoost,True,0.7562606329673337
0,13,25,46,3,11,3,364,0.0,0.352941176,0,0,14,False,True,0.5231786870395709,True,0.7,False,0.33944149116679795,AdaBoost,AdaBoost,False,0.33944149116679795
2,5,9,21,5,1,6,18,0.0,0.0,0,0,1,False,False,0.4702955182659729,True,0.6,False,0.4743416673370968,AdaBoost,AdaBoost,False,0.4743416673370968
0,7,32,0,1,7,12,224,1.0,0.566666667,2,2,6,True,True,0.6744224255918967,True,0.9,True,0.9117117463784634,AdaBoost,AdaBoost,True,0.9117117463784634
0,5,15,4,1,4,2,133,0.5,0.7777777779999999,1,2,1,False,True,0.5089442503482203,False,0.5,False,0.39928710234835946,AdaBoost,AdaBoost,False,0.39928710234835946
0,8,19,8,3,6,7,93,1.0,0.6315789470000001,2,3,5,True,True,0.625251259324448,True,0.9,True,0.8286972173305879,AdaBoost,AdaBoost,True,0.8286972173305879
0,14,31,0,0,14,13,120,1.0,0.6,0,0,1,True,False,0.35542818808612225,True,0.7,False,0.4846870840188482,RandomForest,RandomForest,True,0.7
0,12,57,0,0,12,23,200,1.0,0.73,1,9,1,True,True,0.5675917817441096,True,0.9,True,0.8316582700412342,AdaBoost,AdaBoost,True,0.8316582700412342
0,2,27,18,1,1,6,567,1.0,0.0,0,0,8,True,True,0.5028452255435947,False,0.5,True,0.5670212387809284,AdaBoost,AdaBoost,True,0.5670212387809284
0,3,11,3,1,3,2,30,0.0,0.958333333,1,1,1,True,False,0.15356941079886116,False,0.5,True,0.6262666083386629,AdaBoost,AdaBoost,True,0.6262666083386629
0,5,9,3,2,3,0,47,0.0,0.857142857,1,3,4,False,False,0.4473298552286576,False,0.3,False,0.4818665020183181,AdaBoost,AdaBoost,False,0.4818665020183181
0,21,37,0,8,16,2,340,0.333333333,0.5,0,0,1,True,True,0.7733844117621179,True,0.6,False,0.4934638049348156,AdaBoost,AdaBoost,False,0.4934638049348156
0,4,22,0,3,1,14,227,1.0,0.0,1,1,6,False,False,0.2535461621496661,False,0.5,False,0.4297339395219979,AdaBoost,AdaBoost,False,0.4297339395219979
0,4,7,0,2,3,3,36,0.0,0.666666667,0,0,1,False,False,0.09412235998810438,False,0.2,False,0.4768488185729003,AdaBoost,AdaBoost,False,0.4768488185729003
0,10,7,10,3,8,3,28,0.0,0.5,0,0,1,False,False,0.4745227079168231,False,0.4,False,0.3022095847461895,AdaBoost,AdaBoost,False,0.3022095847461895
0,6,25,0,3,3,10,180,1.0,0.0,0,0,3,True,False,0.17927928077043884,False,0.5,True,0.5018929987252619,AdaBoost,AdaBoost,True,0.5018929987252619
0,6,6,10,2,5,4,11,0.0,0.0,0,0,1,True,False,0.4506502755965795,False,0.3,False,0.48070796231998497,AdaBoost,AdaBoost,False,0.48070796231998497
0,23,47,0,10,16,7,1605,0.291666667,0.181818182,0,0,12,False,True,0.9843222053996912,True,0.9,True,0.6814296740192165,AdaBoost,AdaBoost,True,0.6814296740192165
0,16,69,0,0,16,24,801,1.0,0.701923077,1,9,4,True,True,0.960392169038634,True,1.0,True,0.9999999999999998,AdaBoost,AdaBoost,True,0.9999999999999998
0,3,2,0,3,0,1,5,0.0,1.0,0,0,0,False,False,0.07184689031864046,False,0.1,False,7.450580541412699e-09,AdaBoost,AdaBoost,False,7.450580541412699e-09
1,7,25,0,2,5,5,190,1.0,0.571428571,1,3,1,True,True,0.5588135300919507,True,0.9,True,0.8571428571428571,AdaBoost,AdaBoost,True,0.8571428571428571
0,10,48,0,3,9,13,359,1.0,0.5862068970000001,2,2,7,True,True,0.9706196529542636,True,1.0,True,0.9999999950329462,AdaBoost,AdaBoost,True,0.9999999950329462
0,13,46,32,2,12,3,409,0.5,0.4166666670000001,0,0,1,False,False,0.2303225289448246,True,0.6,False,0.5,AdaBoost,AdaBoost,False,0.5
0,4,10,0,2,2,0,182,1.0,0.625,1,1,2,False,True,0.5292559248295753,False,0.5,False,0.5,AdaBoost,AdaBoost,False,0.5
0,5,30,0,1,4,0,227,0.0,0.0,0,0,7,True,False,0.4120229658429753,False,0.4,False,0.4330302779823361,AdaBoost,AdaBoost,False,0.4330302779823361
0,5,51,253,1,4,7,3060,0.210526316,0.0,0,0,112,True,False,0.18443632449932032,False,0.4,True,0.7101020514433645,AdaBoost,AdaBoost,True,0.7101020514433645
0,7,7,3,4,5,2,21,0.0,0.0,0,0,1,True,False,0.11432715276907013,False,0.4,True,0.5550055679356353,AdaBoost,AdaBoost,True,0.5550055679356353
1,11,20,9,5,7,6,74,0.0,0.666666667,2,3,4,True,False,0.28541217031288496,True,0.9,True,0.9999999902449004,AdaBoost,AdaBoost,True,0.9999999902449004
5,38,8,15,37,1,6,21,0.0,0.0,0,0,1,True,True,0.6254698463770915,True,0.8,True,0.8571428571428571,AdaBoost,AdaBoost,True,0.8571428571428571
2,3,15,8,2,2,7,48,0.0,0.5,1,1,1,False,True,0.5519001138513845,False,0.5,False,0.2466060555964672,AdaBoost,AdaBoost,False,0.2466060555964672
0,7,17,0,2,7,5,71,1.0,0.333333333,1,1,1,False,True,0.5925547041391453,True,0.9,True,0.6666666666666666,AdaBoost,AdaBoost,True,0.6666666666666666
0,13,42,0,2,11,2,599,0.571428571,0.0,0,0,1,True,False,0.2124981546857052,False,0.5,True,0.7,AdaBoost,AdaBoost,True,0.7
0,10,31,0,1,9,7,409,1.0,0.5,1,3,2,True,True,0.5944278235661351,True,0.7,True,0.8999999999999999,AdaBoost,AdaBoost,True,0.8999999999999999
0,7,12,1,0,7,1,52,0.0,0.947368421,0,0,5,True,False,0.09694658242151373,False,0.5,True,0.5669697220176639,AdaBoost,AdaBoost,True,0.5669697220176639
0,7,21,9,2,6,6,120,0.333333333,0.705882353,2,3,6,True,True,0.6074732268199047,True,1.0,True,0.9999999999999998,AdaBoost,AdaBoost,True,0.9999999999999998
0,19,77,170,3,17,0,1041,0.846153846,0.0,0,0,5,True,True,0.9512111700009236,True,0.8,True,0.9999999950329462,AdaBoost,AdaBoost,True,0.9999999950329462
9,12,14,8,12,0,9,293,1.0,0.0,0,0,7,True,True,0.9555991941331188,False,0.5,True,0.7533939444035328,AdaBoost,AdaBoost,True,0.7533939444035328
15,54,39,72,51,7,12,249,1.0,0.0,0,0,9,True,True,0.9993578358148262,True,0.9,True,0.9999999902449004,AdaBoost,AdaBoost,True,0.9999999902449004
0,5,18,4,4,3,4,112,1.0,0.0,0,0,2,True,False,0.4963673676032063,True,0.6,True,0.6516685226452117,AdaBoost,AdaBoost,True,0.6516685226452117
2,53,26,124,51,4,16,94,1.0,0.0,0,0,1,True,True,0.9962867047326696,True,0.9,True,0.9999999950329462,AdaBoost,AdaBoost,True,0.9999999950329462
0,9,28,0,1,8,6,149,1.0,0.705882353,2,3,4,True,True,0.6408505838676012,True,1.0,True,0.8999999999999999,AdaBoost,AdaBoost,True,0.8999999999999999
0,5,32,10,3,3,9,245,0.1875,0.4375,2,3,1,True,False,0.2822663189224097,True,0.7,True,0.7,AdaBoost,AdaBoost,True,0.7
0,3,19,2,0,3,5,188,0.8,0.625,0,0,18,False,False,0.11535829493564605,False,0.5,False,0.2466060555964672,AdaBoost,AdaBoost,False,0.2466060555964672
0,7,21,9,2,6,6,120,0.333333333,0.705882353,2,3,6,True,True,0.6074732268199047,True,1.0,True,0.9999999999999998,AdaBoost,AdaBoost,True,0.9999999999999998
0,6,21,0,1,6,5,90,0.666666667,0.5,2,2,3,False,True,0.6204099578759928,True,0.6,True,0.6202041028867288,AdaBoost,AdaBoost,True,0.6202041028867288
0,2,10,0,0,2,4,83,0.0,0.0,0,0,2,False,False,0.08506627507753811,False,0.3,False,0.39564392373896,AdaBoost,AdaBoost,False,0.39564392373896
0,1,44,13,1,0,13,1158,1.0,0.0,0,0,26,False,True,0.6621820573797507,True,0.6,True,0.7101020514433645,AdaBoost,AdaBoost,True,0.7101020514433645
0,25,4,6,24,1,4,4,0.0,0.0,0,0,1,False,True,0.6702003706096554,True,1.0,True,0.6666666666666666,AdaBoost,AdaBoost,True,0.6666666666666666
0,4,9,0,2,3,3,31,0.5,0.25,0,0,1,True,False,0.4504771162021371,False,0.1,False,4.967053706610929e-09,AdaBoost,AdaBoost,False,4.967053706610929e-09
2,28,17,19,26,2,5,72,0.0,0.0,0,0,1,True,True,0.8964200460776365,True,0.9,True,0.7101020514433645,AdaBoost,AdaBoost,True,0.7101020514433645
0,8,29,0,0,8,7,118,1.0,0.333333333,1,1,3,True,True,0.5952470500800274,True,0.7,True,0.7533939444035328,AdaBoost,AdaBoost,True,0.7533939444035328
0,8,38,0,1,7,9,695,1.0,0.222222222,2,2,14,True,True,0.7680917950596108,True,1.0,True,0.9999999950329462,AdaBoost,AdaBoost,True,0.9999999950329462
0,2,2,1,1,1,2,2,0.0,0.0,0,0,1,False,False,0.4154681127442024,False,0.1,False,0.07892562755863289,AdaBoost,AdaBoost,False,0.07892562755863289
0,6,21,0,1,6,5,97,0.333333333,0.5,2,2,3,False,False,0.2796346767724911,False,0.4,False,0.29064717019830005,AdaBoost,AdaBoost,False,0.29064717019830005
0,4,16,0,1,3,6,179,1.0,0.571428571,1,3,1,True,True,0.5369660255489106,True,0.8,True,0.7480061684277427,AdaBoost,AdaBoost,True,0.7480061684277427
0,4,18,2,0,4,2,78,0.333333333,0.7777777779999999,1,2,1,False,False,0.16133842136940266,False,0.2,False,0.26736220591700843,AdaBoost,AdaBoost,False,0.26736220591700843
0,10,44,1,2,8,0,658,0.523809524,0.0,0,0,7,True,False,0.4970813090756284,True,0.8,True,0.6273001740805464,AdaBoost,AdaBoost,True,0.6273001740805464
0,3,15,0,1,2,0,158,1.0,0.5625,1,3,1,False,False,0.1560682252674063,False,0.2,False,0.4030487785215244,AdaBoost,AdaBoost,False,0.4030487785215244
1,22,53,0,2,21,14,577,1.0,0.605263158,1,5,6,True,True,0.9822948775955136,True,1.0,True,0.8790557530082165,AdaBoost,AdaBoost,True,0.8790557530082165
0,11,39,0,4,7,4,394,0.533333333,0.294117647,1,2,1,False,True,0.5704245151512952,True,0.7,True,0.5422530813625577,AdaBoost,AdaBoost,True,0.5422530813625577
0,13,48,12,4,10,13,413,1.0,0.428571429,2,4,7,True,True,0.9769981786788527,True,0.9,True,0.7971536021386467,AdaBoost,AdaBoost,True,0.7971536021386467
0,4,27,7,4,0,4,135,0.5,0.0,0,0,5,True,False,0.10485737181455132,True,0.8,False,0.4897562187550499,RandomForest,RandomForest,True,0.8
0,5,26,80,2,5,8,207,0.857142857,0.083333333,0,0,2,True,True,0.5487335229555343,False,0.5,True,0.5594129299292575,AdaBoost,AdaBoost,True,0.5594129299292575
1,7,7,15,4,4,0,9,0.0,0.0,0,0,1,False,False,0.1199518621606223,False,0.3,False,0.1879810850295089,AdaBoost,AdaBoost,False,0.1879810850295089
0,6,7,0,1,5,3,123,1.0,0.625,0,0,5,False,False,0.4858086605715042,False,0.3,False,0.4637913834217544,AdaBoost,AdaBoost,False,0.4637913834217544
1,7,37,0,2,5,9,357,1.0,0.444444444,1,3,1,True,True,0.5878759175778148,True,1.0,True,0.8980008819768379,AdaBoost,AdaBoost,True,0.8980008819768379
0,2,1,0,2,0,0,179,0.0,0.0,0,0,0,False,False,0.07746675779219182,True,0.6,False,0.25663808349362977,AdaBoost,AdaBoost,False,0.25663808349362977
1,7,8,21,4,4,0,15,0.0,0.0,0,0,1,False,False,0.12166476550483965,False,0.3,False,0.3010857571882975,AdaBoost,AdaBoost,False,0.3010857571882975
0,24,64,72,1,24,2,856,0.2,0.388888889,1,1,4,True,True,0.6500809040853194,True,1.0,True,0.7266645775215028,AdaBoost,AdaBoost,True,0.7266645775215028
0,14,43,10,4,13,5,498,0.0,0.352941176,0,0,9,True,False,0.2133907619440953,False,0.4,False,0.4483321873615985,AdaBoost,AdaBoost,False,0.4483321873615985
0,3,5,0,1,2,3,27,0.0,0.892857143,1,2,1,True,False,0.14023560549649064,False,0.5,False,0.4291622365652626,AdaBoost,AdaBoost,False,0.4291622365652626
0,11,10,2,11,0,8,83,0.666666667,0.0,1,1,5,True,True,0.5787004648520068,True,0.7,True,0.6456285859913277,AdaBoost,AdaBoost,True,0.6456285859913277
0,7,21,9,2,6,6,120,0.333333333,0.705882353,2,3,6,True,True,0.6084986708376475,True,1.0,True,0.9563919772496464,AdaBoost,AdaBoost,True,0.9563919772496464
2,5,3,1,2,3,2,5,0.0,0.666666667,0,0,1,False,False,0.11754243196951965,False,0.2,False,0.2304238773347176,AdaBoost,AdaBoost,False,0.2304238773347176
1,7,13,0,2,5,4,117,1.0,0.25,0,0,4,True,True,0.5145913681549616,True,0.7,True,0.5136655252095335,AdaBoost,AdaBoost,True,0.5136655252095335
0,5,7,0,4,1,3,106,0.14285714300000002,0.0,0,0,2,False,False,0.10361652825155306,False,0.2,False,0.2432683074060968,AdaBoost,AdaBoost,False,0.2432683074060968
0,4,8,3,0,4,3,31,0.0,0.7142857140000001,1,2,1,True,False,0.4907274229600321,True,1.0,True,0.9251160734343338,AdaBoost,AdaBoost,True,0.9251160734343338
2,18,97,114,8,10,24,1037,0.8,0.413043478,1,8,3,True,True,0.9791784110717228,True,0.9,True,0.9767402961292644,AdaBoost,AdaBoost,True,0.9767402961292644
0,3,19,7,0,3,3,107,0.5,0.636363636,2,3,1,True,False,0.2469500162302278,True,0.6,True,0.5305279715552288,AdaBoost,AdaBoost,True,0.5305279715552288
0,7,18,0,6,2,10,104,1.0,0.0,1,1,4,False,True,0.5948091111919698,True,0.7,True,0.5885175857353752,AdaBoost,AdaBoost,True,0.5885175857353752
0,2,3,3,2,0,3,3,0.0,0.0,0,0,1,False,False,0.08293058986331674,False,0.0,False,0.32473595644402625,AdaBoost,AdaBoost,False,0.32473595644402625
0,2,12,0,1,1,5,82,0.5,0.5,1,2,1,False,False,0.17097273179461267,False,0.2,False,0.3941106950226319,AdaBoost,AdaBoost,False,0.3941106950226319
0,4,7,6,1,3,4,24,1.0,0.571428571,0,0,1,False,False,0.14149893294266394,True,0.6,False,0.4667393258498617,AdaBoost,AdaBoost,False,0.4667393258498617
1,23,2,0,23,0,1,12,0.0,0.0,0,0,0,True,False,0.18768524915441734,False,0.5,False,0.2533171845394965,AdaBoost,AdaBoost,False,0.2533171845394965
1,4,15,0,3,1,7,133,1.0,0.0,0,0,4,False,False,0.16989031845441305,False,0.4,False,0.4043639879038742,AdaBoost,AdaBoost,False,0.4043639879038742
3,8,7,15,6,2,6,12,0.0,0.0,1,1,1,False,True,0.5850911647950613,False,0.2,False,0.3974427366466597,AdaBoost,AdaBoost,False,0.3974427366466597
0,3,12,2,0,3,2,79,0.0,0.7777777779999999,1,2,1,False,False,0.13292455730940264,False,0.0,False,0.16571979216657784,AdaBoost,AdaBoost,False,0.16571979216657784
0,24,41,0,4,20,14,205,0.5,0.6764705879999999,1,3,1,True,True,0.6457330961368455,True,0.9,True,0.7393014945739529,AdaBoost,AdaBoost,True,0.7393014945739529
0,3,18,0,2,1,4,408,0.4,0.8666666670000001,1,1,14,True,False,0.4919888880790462,True,0.6,True,0.5882914785022614,AdaBoost,AdaBoost,True,0.5882914785022614
0,3,8,3,1,2,5,54,0.0,0.833333333,1,2,1,True,False,0.14194015686968434,False,0.4,False,0.429001443650366,AdaBoost,AdaBoost,False,0.429001443650366
0,48,6,15,45,4,6,6,0.0,0.0,0,0,1,True,True,0.6216292493535578,False,0.5,False,0.35857982231973,Voting,Voting,True,0.6216292493535578
17,40,10,13,36,4,4,44,1.0,0.375,0,0,1,True,True,0.9923467355916904,True,0.8,True,0.8697635214007513,AdaBoost,AdaBoost,True,0.8697635214007513
4,128,131,2812,104,25,62,722,0.571428571,0.0,0,0,12,True,True,0.9999999999938972,True,0.9,True,0.9705910997639968,AdaBoost,AdaBoost,True,0.9705910997639968
0,2,29,100,2,1,12,569,1.0,0.538461538,2,11,6,True,True,0.8998242176662651,False,0.4,True,0.5666922209856521,AdaBoost,AdaBoost,True,0.5666922209856521
1,5,4,3,5,0,0,6,0.0,0.0,0,0,1,False,False,0.08835081407916619,False,0.1,False,0.11254774637615647,AdaBoost,AdaBoost,False,0.11254774637615647
0,10,16,0,1,9,2,238,0.14285714300000002,0.0,0,0,1,False,False,0.4975269803953273,True,0.6,True,0.5143691605667937,Voting,Voting,False,0.4975269803953273
0,3,14,4,2,1,4,145,0.666666667,0.0,0,0,7,False,False,0.4510862822260307,True,0.6,False,0.4771819405113263,AdaBoost,AdaBoost,False,0.4771819405113263
0,3,4,1,2,1,1,9,0.0,0.928571429,1,1,1,True,False,0.12448249567804102,False,0.2,False,0.4199806281604107,AdaBoost,AdaBoost,False,0.4199806281604107
1,12,69,0,9,4,54,1531,1.0,0.018867925,1,1,8,True,True,0.9975450071756734,True,1.0,True,0.7526929826478483,AdaBoost,AdaBoost,True,0.7526929826478483
0,8,29,0,5,3,9,1538,1.0,0.0,0,0,10,True,True,0.5609740633143147,True,0.8,True,0.5248584055848321,AdaBoost,AdaBoost,True,0.5248584055848321
3,7,34,140,3,4,21,593,1.0,0.0,0,0,20,True,True,0.962958277726462,True,0.7,True,0.6491822425920353,AdaBoost,AdaBoost,True,0.6491822425920353
0,7,38,0,2,6,11,318,1.0,0.5,2,5,6,True,True,0.8706272666555342,True,0.8,True,0.7539090736614169,AdaBoost,AdaBoost,True,0.7539090736614169
4,12,8,17,11,1,5,28,1.0,0.0,0,0,1,False,True,0.6122211618319359,True,0.6,True,0.7515447123216644,AdaBoost,AdaBoost,True,0.7515447123216644
4,14,5,6,14,0,4,7,0.0,0.0,0,0,1,True,True,0.5613817123019504,True,0.9,True,0.665810048573078,AdaBoost,AdaBoost,True,0.665810048573078
0,15,34,26,3,14,5,480,0.928571429,0.0,0,0,4,True,True,0.6217787198919807,True,0.9,True,0.5372586126948199,AdaBoost,AdaBoost,True,0.5372586126948199
0,8,29,26,1,7,7,461,1.0,0.444444444,1,3,2,True,False,0.2518005681955688,True,0.8,True,0.6690590207084647,AdaBoost,AdaBoost,True,0.6690590207084647
1,10,28,0,2,8,10,122,1.0,0.653846154,2,2,4,True,True,0.6577629711131848,True,0.9,True,0.9825354824762622,AdaBoost,AdaBoost,True,0.9825354824762622
0,1,6,3,1,0,2,62,0.0,0.0,0,0,4,False,False,0.07518898614346327,False,0.2,False,0.3090972766723397,AdaBoost,AdaBoost,False,0.3090972766723397
0,4,6,0,3,1,5,35,1.0,0.0,0,0,1,False,False,0.473325388849301,False,0.0,False,0.4509459823270995,AdaBoost,AdaBoost,False,0.4509459823270995
0,3,17,0,1,2,6,236,0.875,0.708333333,1,4,2,False,False,0.4978453352815056,False,0.4,False,0.4935547041349815,AdaBoost,AdaBoost,False,0.4935547041349815
3,41,29,270,30,14,23,138,1.0,0.0,0,0,1,True,True,0.9984150872570204,True,1.0,True,0.9207402213594912,AdaBoost,AdaBoost,True,0.9207402213594912
0,6,8,4,2,5,2,42,0.0,0.896551724,1,1,4,True,False,0.4995501070596904,True,0.6,True,0.5682135722273951,AdaBoost,AdaBoost,True,0.5682135722273951
6,15,10,9,14,1,4,31,1.0,0.0,0,0,1,True,True,0.9078317779238564,True,0.9,True,0.7700345793124926,AdaBoost,AdaBoost,True,0.7700345793124926
0,5,17,3,2,3,4,102,1.0,0.571428571,0,0,2,True,False,0.14068277228503615,True,0.7,True,0.5843605050607372,AdaBoost,AdaBoost,True,0.5843605050607372
0,2,2,0,2,0,1,5,0.0,1.0,0,0,0,False,False,0.06214211493324238,False,0.0,False,0.17305038024055006,AdaBoost,AdaBoost,False,0.17305038024055006
8,9,6,0,8,1,2,20,1.0,0.7142857140000001,0,0,1,True,True,0.8780177207493916,True,0.7,True,0.7720583548673176,AdaBoost,AdaBoost,True,0.7720583548673176
0,9,19,0,2,9,5,146,0.0,0.444444444,0,0,3,False,False,0.4949392062721125,False,0.5,False,0.4317638825234757,AdaBoost,AdaBoost,False,0.4317638825234757
0,8,15,1,6,2,5,969,0.363636364,0.0,0,0,14,True,False,0.15956622763374945,True,0.7,False,0.4147840309699213,RandomForest,RandomForest,True,0.7
0,5,4,1,3,2,0,51,0.0,0.923076923,1,3,6,False,False,0.4408637127174303,True,0.8,True,0.6361621657440719,Voting,Voting,False,0.4408637127174303
2,9,34,0,2,7,6,345,1.0,0.4,1,3,3,True,True,0.5934950676215167,True,0.8,True,0.7144126183840702,AdaBoost,AdaBoost,True,0.7144126183840702
0,5,11,3,0,5,3,55,1.0,0.958333333,1,2,1,True,True,0.5183503313066501,True,0.7,True,0.6226196919513289,AdaBoost,AdaBoost,True,0.6226196919513289
0,10,36,0,0,10,18,242,0.666666667,0.384615385,1,2,1,True,True,0.8752791274973667,True,0.9,True,0.6431070983823675,AdaBoost,AdaBoost,True,0.6431070983823675
0,11,33,26,9,2,11,332,0.666666667,0.566666667,1,5,2,False,True,0.5885428893262433,False,0.5,False,0.4281094031261426,AdaBoost,AdaBoost,False,0.4281094031261426
0,5,2,0,5,0,1,5,0.0,1.0,0,0,0,False,False,0.07296846314930881,False,0.0,False,0.03371165187156279,AdaBoost,AdaBoost,False,0.03371165187156279
0,12,15,11,4,12,5,84,0.4,0.705882353,0,0,1,True,False,0.2105241563462581,True,0.8,True,0.5876526041110554,AdaBoost,AdaBoost,True,0.5876526041110554
0,1,8,6,1,0,4,20,0.0,1.0,0,0,0,False,False,0.4089391662958443,True,0.7,True,0.5035267477529365,Voting,Voting,False,0.4089391662958443
0,29,5,0,29,0,1,172,0.0,0.0,0,0,8,True,False,0.4953648152878703,True,0.6,True,0.604814088188797,AdaBoost,AdaBoost,True,0.604814088188797
2,14,34,10,3,12,8,455,0.875,0.0,0,0,1,True,True,0.61735605433641,True,1.0,True,0.7891686416665628,AdaBoost,AdaBoost,True,0.7891686416665628
0,15,2,1,14,1,2,2,0.0,0.0,0,0,1,True,False,0.11428442765395955,False,0.4,False,0.3095374744568489,AdaBoost,AdaBoost,False,0.3095374744568489
0,2,10,0,1,2,4,60,1.0,0.0,0,0,2,False,False,0.10736662197518414,False,0.4,False,0.360952766591094,AdaBoost,AdaBoost,False,0.360952766591094
0,16,56,104,5,15,10,500,1.0,0.32,1,3,5,True,True,0.9817797616087662,True,1.0,True,0.977888058235442,AdaBoost,AdaBoost,True,0.977888058235442
0,10,43,0,4,7,11,382,1.0,0.461538462,2,3,9,True,True,0.7837506547812282,True,1.0,True,0.9313866339454692,AdaBoost,AdaBoost,True,0.9313866339454692
0,25,77,43,23,2,45,1122,0.230769231,0.0,1,1,12,True,True,0.9975039393129992,True,0.7,True,0.7102396093969223,AdaBoost,AdaBoost,True,0.7102396093969223
0,15,36,4,0,15,2,356,1.0,0.0,0,0,1,True,True,0.5829124853451854,False,0.4,True,0.6403292530653929,AdaBoost,AdaBoost,True,0.6403292530653929
0,6,1,0,4,2,1,1,0.0,0.0,0,0,1,True,False,0.07875524938469862,False,0.0,False,0.11446996234803675,AdaBoost,AdaBoost,False,0.11446996234803675
1,9,6,10,6,4,0,8,0.0,0.0,0,0,1,False,False,0.11621932574576052,False,0.0,False,0.12307241566093098,AdaBoost,AdaBoost,False,0.12307241566093098
0,4,12,2,0,4,2,58,0.0,0.7777777779999999,1,2,1,False,False,0.4781996108297129,False,0.3,False,0.27481724689921266,AdaBoost,AdaBoost,False,0.27481724689921266
0,4,25,0,1,3,7,447,1.0,0.444444444,1,3,6,True,False,0.19836564809173016,True,0.6,True,0.564271402773702,AdaBoost,AdaBoost,True,0.564271402773702
0,5,12,2,2,3,2,354,0.0,0.0,0,0,10,True,False,0.09168935536695452,False,0.3,False,0.41156573267746455,AdaBoost,AdaBoost,False,0.41156573267746455
0,5,27,9,2,3,4,186,1.0,0.5,0,0,2,True,False,0.467874443995334,True,0.8,True,0.5659849753164942,AdaBoost,AdaBoost,True,0.5659849753164942
1,2,16,0,1,1,8,56,1.0,0.681818182,1,2,1,True,True,0.5321050590340851,True,0.7,False,0.4164425248615424,AdaBoost,AdaBoost,False,0.4164425248615424
0,4,8,0,1,3,3,43,1.0,0.666666667,0,0,1,True,False,0.44289465353809215,True,0.6,False,0.3781878892459272,RandomForest,RandomForest,True,0.6
0,4,15,0,1,4,6,102,0.75,0.14285714300000002,0,0,3,True,False,0.13016003227790782,False,0.2,True,0.5207945922849118,AdaBoost,AdaBoost,True,0.5207945922849118
0,9,22,0,8,1,14,286,0.222222222,0.0,0,0,7,True,True,0.5048801179624618,True,0.6,False,0.4825929356935999,AdaBoost,AdaBoost,False,0.4825929356935999
1,4,18,0,1,3,6,162,1.0,0.28571428600000004,2,2,2,True,False,0.2769889854946515,False,0.5,True,0.6221491535454791,AdaBoost,AdaBoost,True,0.6221491535454791
0,4,2,1,2,2,2,2,0.0,0.0,0,0,1,False,False,0.07675929396939288,False,0.0,False,0.16963069560842728,AdaBoost,AdaBoost,False,0.16963069560842728
0,2,25,3,1,1,13,237,0.0,0.0,0,0,1,False,False,0.1365370406702365,False,0.3,False,0.43820179619618177,AdaBoost,AdaBoost,False,0.43820179619618177
0,5,20,5,1,4,5,247,0.0,0.7222222220000001,1,4,16,True,False,0.4655977185775738,False,0.5,False,0.4716005252387494,AdaBoost,AdaBoost,False,0.4716005252387494
3,9,18,66,7,2,12,78,0.0,0.0,1,1,4,True,False,0.3189743591568972,True,0.7,True,0.5324742928357651,AdaBoost,AdaBoost,True,0.5324742928357651
0,6,29,38,2,4,11,178,0.6,0.466666667,1,2,1,True,False,0.2414469472816036,True,0.9,True,0.659855988450528,AdaBoost,AdaBoost,True,0.659855988450528
0,3,24,0,2,2,12,361,1.0,0.0,0,0,7,True,False,0.1686172904048303,False,0.4,False,0.3983972136448689,AdaBoost,AdaBoost,False,0.3983972136448689
0,3,10,21,3,1,7,54,0.0,0.7142857140000001,1,2,1,False,True,0.5026071725892204,False,0.5,True,0.5220488587859458,RandomForest,RandomForest,False,0.5
0,24,37,7,9,18,4,276,0.0,0.333333333,0,0,4,False,True,0.9087629854671082,True,0.9,True,0.6379806485054373,AdaBoost,AdaBoost,True,0.6379806485054373
0,6,6,3,3,5,0,22,0.0,0.992366412,1,2,1,True,False,0.4900818611861135,True,0.9,True,0.6039262916227621,AdaBoost,AdaBoost,True,0.6039262916227621
