dit,rfc,lcom,ca,npm,lcom3,loc,dam,cbm,bug,Voting_Prediction,Voting_Pred_Prob,RandomForest_Prediction,RandomForest_Pred_Prob,AdaBoost_Prediction,AdaBoost_Pred_Prob,selectedEnsemble,PredictedEnsemble,DSE_Prediction,DSE_Pred_Prob
2,60,90,1,38,0.838141026,786,0.9375,6,True,True,0.9785192459517998,True,1.0,True,0.8901300563978485,RandomForest,RandomForest,True,1.0
1,36,164,31,18,0.842105263,141,1.0,0,False,False,0.14808297859220804,True,0.6,False,0.4914471178221496,RandomForest,RandomForest,True,0.6
1,52,86,4,16,0.673913043,451,0.833333333,0,True,True,0.6107332559554969,False,0.5,True,0.6200285847963635,RandomForest,RandomForest,False,0.5
2,28,72,1,14,0.933333333,254,0.333333333,6,True,True,0.8999114160031301,True,1.0,True,0.8308312281214169,RandomForest,RandomForest,True,1.0
2,20,4,2,7,0.8,148,0.6,2,True,True,0.6965430560485136,True,0.8,True,0.6672063232915393,RandomForest,RandomForest,True,0.8
2,21,49,2,9,0.85,106,0.5,6,True,True,0.8689465315456656,True,1.0,True,0.9298529217908532,RandomForest,RandomForest,True,1.0
3,4,1,5,3,2.0,24,0.0,0,False,False,0.1830524584192683,False,0.2,False,0.4621748940915836,RandomForest,Voting,False,0.1830524584192683
2,59,20,2,4,0.8214285709999999,267,1.0,1,False,True,0.7277076573265849,True,0.6,False,0.4724620501189074,AdaBoost,RandomForest,True,0.6
1,24,6,2,11,0.787878788,156,0.0,0,True,True,0.5433977140906073,True,0.7,True,0.7135790868203415,RandomForest,RandomForest,True,0.7
2,37,0,7,6,0.35714285700000004,278,1.0,1,True,False,0.27329004608014856,False,0.4,False,0.4231247261637743,RandomForest,RandomForest,False,0.4
1,30,88,1,14,0.683333333,250,0.0,0,True,False,0.2319630159539761,False,0.5,False,0.20368445225756726,RandomForest,RandomForest,False,0.5
2,51,89,3,22,0.721088435,417,0.857142857,2,True,True,0.8698747922015281,False,0.5,True,0.819804539702159,RandomForest,RandomForest,False,0.5
2,40,258,4,23,0.7583333329999999,390,0.8,6,True,True,0.9372276769067808,True,1.0,True,0.9871754561115909,RandomForest,RandomForest,True,1.0
2,85,611,1,60,0.953972257,1390,0.5,6,True,True,0.9905430683905706,True,1.0,True,0.6519115754001901,RandomForest,RandomForest,True,1.0
2,32,79,4,13,0.7857142859999999,251,0.666666667,6,True,True,0.8946757002152533,True,1.0,True,0.9394432268417704,RandomForest,RandomForest,True,1.0
2,37,0,1,18,0.684210526,321,0.833333333,6,True,True,0.91833273547577,True,1.0,True,0.9314111638980038,RandomForest,RandomForest,True,1.0
1,0,0,0,0,2.0,4,0.0,0,False,False,0.06527123646157124,False,0.1,False,0.1064919107329628,RandomForest,RandomForest,False,0.1
2,20,0,2,10,0.0,53,1.0,2,True,False,0.2506938996692772,False,0.2,False,0.2577527310085558,RandomForest,RandomForest,False,0.2
2,22,54,2,10,0.818181818,117,0.5,6,True,True,0.8748377793432008,True,1.0,True,0.9433195284125436,RandomForest,RandomForest,True,1.0
1,244,0,6,79,0.925951087,1441,0.4375,0,True,True,0.9984670484988474,True,0.8,True,0.7270255033137715,RandomForest,RandomForest,True,0.8
1,1,0,6,1,2.0,1,0.0,0,False,False,0.06601942376149686,False,0.0,False,0.06334433284432801,RandomForest,RandomForest,False,0.0
3,126,130,3,10,1.047117794,1170,0.019047619,7,True,True,0.9974010339694792,True,0.8,True,0.9076551144332884,RandomForest,RandomForest,True,0.8
1,183,89,4,45,0.878216123,1831,0.727272727,0,True,True,0.988040283315626,True,0.9,True,0.9543044891288499,RandomForest,RandomForest,True,0.9
2,52,479,2,35,0.8986486490000001,536,0.9375,6,True,True,0.9560018197963897,True,1.0,True,0.9274825237053802,RandomForest,RandomForest,True,1.0
2,42,209,3,24,0.846153846,372,0.9,6,True,True,0.9353231460382824,True,1.0,True,0.9558142058079772,RandomForest,RandomForest,True,1.0
2,19,0,2,6,0.8214285709999999,324,1.0,2,False,False,0.30043455006227865,False,0.4,False,0.4969322115256629,RandomForest,RandomForest,False,0.4
1,4,6,4,4,2.0,4,0.0,0,False,False,0.07294887511728647,False,0.0,False,0.06982835338533955,RandomForest,RandomForest,False,0.0
2,22,46,4,10,0.818181818,127,0.5,6,True,True,0.8738393915148505,True,1.0,True,0.9287584538579796,RandomForest,RandomForest,True,1.0
2,11,6,4,4,2.0,61,0.0,0,True,False,0.1336971902800181,False,0.3,False,0.41630606498399136,RandomForest,RandomForest,False,0.3
2,61,312,1,42,0.860465116,933,0.944444444,6,True,True,0.9761961370205836,True,0.9,True,0.7996581467783646,RandomForest,RandomForest,True,0.9
1,13,0,2,4,0.5,107,1.0,0,False,False,0.11141012565667832,False,0.1,False,0.3899683343306038,RandomForest,RandomForest,False,0.1
2,22,54,2,10,0.818181818,117,0.5,6,True,True,0.8748377793432008,True,1.0,True,0.9433195284125436,RandomForest,RandomForest,True,1.0
2,38,21,2,18,0.685185185,284,0.833333333,2,True,False,0.4589796173317621,False,0.3,True,0.5673669614658741,AdaBoost,RandomForest,False,0.3
2,25,43,2,9,0.8,182,0.0,6,True,True,0.8562794216305069,True,1.0,True,0.9256557368040756,RandomForest,RandomForest,True,1.0
1,23,105,155,12,2.0,84,0.0,0,True,False,0.06026774876114189,True,0.7,False,0.4310640361824741,RandomForest,AdaBoost,False,0.4310640361824741
2,27,46,1,11,0.7777777779999999,201,0.333333333,6,True,True,0.8903017459105227,True,1.0,True,0.8053658721084971,RandomForest,RandomForest,True,1.0
1,24,53,1,6,1.033333333,241,1.0,0,False,False,0.4405201551906404,True,0.7,True,0.5911321202756562,Voting,RandomForest,True,0.7
2,22,46,2,10,0.818181818,128,0.5,6,True,True,0.875257199359134,True,1.0,True,0.944197688486128,RandomForest,RandomForest,True,1.0
1,13,42,15,12,0.818181818,62,0.0,0,False,False,0.18090677134265234,False,0.1,False,0.3387768426489206,RandomForest,RandomForest,False,0.1
1,44,0,5,20,0.976666667,153,0.133333333,0,True,True,0.6595176238010636,True,0.6,True,0.524269341915819,RandomForest,RandomForest,True,0.6
1,4,6,6,4,2.0,4,0.0,0,False,False,0.07050534387007891,False,0.05,False,0.15951194859902584,RandomForest,RandomForest,False,0.05
1,25,7,2,4,0.75,230,1.0,0,True,False,0.10579716553062142,False,0.3,False,0.4006984825139837,RandomForest,RandomForest,False,0.3
3,2,0,3,1,2.0,13,0.0,0,False,False,0.16570742716180473,False,0.0,False,0.2968691248617683,RandomForest,RandomForest,False,0.0
1,18,0,1,4,0.222222222,129,1.0,1,False,False,0.1323330075739912,False,0.4,False,0.2816538006190972,RandomForest,RandomForest,False,0.4
2,24,46,1,10,0.818181818,141,0.5,6,True,True,0.8728967464577898,True,1.0,True,0.947126777986228,RandomForest,RandomForest,True,1.0
2,13,36,2,9,1.125,62,0.0,0,True,True,0.592316375310033,True,1.0,True,0.8813082596103426,RandomForest,RandomForest,True,1.0
2,23,6,3,12,0.672727273,154,0.0,1,True,True,0.6977353650234773,True,0.8,False,0.4838797090631744,RandomForest,RandomForest,True,0.8
2,20,0,0,4,0.5,138,1.0,1,False,False,0.22400887744343154,False,0.2,False,0.23161249900149705,RandomForest,RandomForest,False,0.2
2,33,43,1,15,0.833333333,258,0.666666667,5,False,True,0.5503082504469093,False,0.2,False,0.2421105532198421,RandomForest,RandomForest,False,0.2
1,27,15,1,5,2.0,264,0.0,0,False,False,0.4378883926205266,True,0.8,False,0.4780171865159069,RandomForest,RandomForest,True,0.8
1,30,0,4,4,0.333333333,212,0.0,0,False,True,0.5685500552910164,False,0.4,True,0.5974741850638021,RandomForest,RandomForest,False,0.4
3,8,10,1,4,1.25,26,0.0,2,True,True,0.7124513346116869,True,1.0,True,0.8871022792588008,RandomForest,RandomForest,True,1.0
1,30,88,1,14,0.683333333,250,0.0,0,False,True,0.5920291874888548,True,0.9,True,0.9195325396774776,RandomForest,RandomForest,True,0.9
3,181,0,0,85,0.5,2890,0.5,20,True,True,0.9999993155917798,True,0.6,True,0.7364543884564486,RandomForest,RandomForest,True,0.6
1,12,3,11,10,0.333333333,69,1.0,0,False,False,0.4554313195114136,False,0.5,False,0.4083422759265388,RandomForest,RandomForest,False,0.5
2,28,111,2,16,0.776470588,231,0.8,6,True,True,0.8891215293180158,True,1.0,True,0.9454992645643079,RandomForest,RandomForest,True,1.0
1,17,78,2,16,0.533333333,172,1.0,0,False,False,0.1462550807310188,False,0.1,False,0.4186568991138414,RandomForest,RandomForest,False,0.1
2,26,57,3,12,0.7692307690000001,195,0.666666667,6,True,True,0.8761216505950863,True,1.0,True,0.9655989774022607,RandomForest,RandomForest,True,1.0
2,41,258,7,23,0.7583333329999999,389,0.8,6,True,True,0.9449431644442504,True,1.0,True,0.9063205518979884,RandomForest,RandomForest,True,1.0
1,26,4,3,2,0.833333333,193,1.0,0,True,False,0.09605142307847936,False,0.1,False,0.2338451996517364,RandomForest,RandomForest,False,0.1
2,41,4,1,8,0.875,302,0.5,5,True,True,0.5446393931044283,False,0.5,True,0.5356852763319357,RandomForest,RandomForest,False,0.5
1,4,0,1,2,0.0,14,0.0,0,False,False,0.20220774374325745,False,0.4,False,0.4515511224467405,RandomForest,RandomForest,False,0.4
2,16,55,2,11,1.1,96,0.333333333,0,True,True,0.6022031963242248,True,1.0,True,0.7621545402214307,RandomForest,RandomForest,True,1.0
1,28,15,5,3,2.0,191,0.0,0,True,False,0.4315376926779835,False,0.4,False,0.4607498082249212,RandomForest,RandomForest,False,0.4
2,34,87,3,12,0.8714285709999999,230,0.8,5,True,True,0.843056530147042,True,0.7,True,0.5763609067664364,RandomForest,RandomForest,True,0.7
2,41,66,4,15,0.85,319,0.4,6,True,True,0.9316951396231946,True,1.0,True,0.8496855296816801,RandomForest,RandomForest,True,1.0
2,8,21,1,7,1.166666667,32,0.5,2,True,False,0.2876823911860666,True,0.8,True,0.7159865702882553,RandomForest,RandomForest,True,0.8
2,44,106,4,15,0.760416667,483,0.5,6,True,True,0.9415381338760352,True,1.0,True,0.8121748877121406,RandomForest,RandomForest,True,1.0
2,19,5,2,8,0.740740741,223,1.0,2,False,True,0.6213938111092322,False,0.2,False,0.4847957057571809,RandomForest,RandomForest,False,0.2
1,20,1,1,2,2.0,175,0.0,0,False,False,0.08590769240464413,False,0.1,False,0.2802280203287733,RandomForest,RandomForest,False,0.1
2,22,46,2,10,0.818181818,128,0.0,6,True,True,0.8509881482434151,True,1.0,True,0.9666678520498656,RandomForest,RandomForest,True,1.0
1,0,0,2,0,2.0,10,0.0,0,False,False,0.05726012039027844,False,0.0,False,0.16754085504003166,RandomForest,RandomForest,False,0.0
3,17,0,2,6,0.8888888890000001,120,0.333333333,5,True,True,0.5717855989259196,True,0.6,True,0.6027479274536645,RandomForest,RandomForest,True,0.6
1,43,28,0,6,0.6875,416,1.0,0,True,False,0.4909934375009664,True,0.8,False,0.4963257403316511,RandomForest,RandomForest,True,0.8
1,22,0,1,5,0.166666667,88,1.0,0,True,False,0.1251677818132452,False,0.5,False,0.1492953120206837,RandomForest,RandomForest,False,0.5
2,14,9,5,5,0.5,48,1.0,0,False,False,0.1814884363856349,False,0.0,False,0.2642761265241488,RandomForest,RandomForest,False,0.0
1,78,0,2,38,0.923684211,234,0.0,0,False,True,0.9718306660167364,True,0.8,True,0.7606311568919941,RandomForest,RandomForest,True,0.8
1,36,1,2,2,2.0,137,0.0,0,False,False,0.10640220803136556,False,0.3,False,0.3651857890739516,RandomForest,RandomForest,False,0.3
2,18,54,4,8,0.924242424,222,1.0,2,False,True,0.5952220223517901,False,0.4,False,0.467626484048193,RandomForest,RandomForest,False,0.4
2,55,281,0,31,0.940909091,567,0.545454545,5,False,True,0.6394341676279016,True,0.65,False,0.4957213896890107,AdaBoost,AdaBoost,False,0.4957213896890107
1,0,0,1,0,2.0,5,0.0,0,False,False,0.057531380279030125,False,0.0,False,0.05181367727197739,RandomForest,RandomForest,False,0.0
2,22,66,2,11,0.805555556,140,0.666666667,6,True,True,0.8616080808362151,True,1.0,True,0.8980256989511817,RandomForest,RandomForest,True,1.0
2,26,69,4,12,0.7435897440000001,188,0.666666667,6,True,True,0.8740221170378302,True,1.0,True,0.9593397062604224,RandomForest,RandomForest,True,1.0
2,32,74,5,13,0.75,224,0.75,6,True,True,0.8839164306387044,True,1.0,True,0.9307717021468522,RandomForest,RandomForest,True,1.0
1,22,0,1,0,0.333333333,163,1.0,0,False,False,0.4435893919822256,False,0.1,False,0.3081679281043277,RandomForest,RandomForest,False,0.1
1,21,9,2,11,0.25,92,1.0,0,False,False,0.14107329292420642,False,0.1,False,0.1372929438997381,RandomForest,RandomForest,False,0.1
2,32,114,1,18,0.7894736840000001,357,0.833333333,6,True,True,0.9096582819986676,True,1.0,True,0.8667951124640921,RandomForest,RandomForest,True,1.0
2,42,0,1,22,0.818181818,423,0.636363636,6,True,True,0.9573077185772396,True,1.0,True,0.8537304491084127,RandomForest,RandomForest,True,1.0
2,35,169,5,20,0.946778711,316,0.352941176,6,True,True,0.9351056441281654,True,1.0,True,0.915282513552773,RandomForest,RandomForest,True,1.0
1,6,0,1,5,0.583333333,43,1.0,0,False,False,0.0945862667236116,False,0.25,False,0.30953182140484264,RandomForest,RandomForest,False,0.25
1,17,0,1,7,0.5,234,1.0,0,True,False,0.11862341383190968,False,0.2,False,0.4171667138857896,RandomForest,RandomForest,False,0.2
3,9,10,1,5,1.25,28,0.0,3,True,True,0.7406447267198799,True,0.9,True,0.8687895047037586,RandomForest,RandomForest,True,0.9
1,6,6,4,1,2.0,15,0.0,0,False,False,0.06466488105155424,False,0.0,False,0.08029441297542397,RandomForest,RandomForest,False,0.0
3,50,155,6,28,0.975369458,622,0.238095238,6,True,True,0.990945833248109,True,1.0,True,0.8551438141345666,RandomForest,RandomForest,True,1.0
1,1,0,9,1,2.0,1,0.0,0,False,False,0.060756389436712785,False,0.0,False,0.08743381686574657,RandomForest,RandomForest,False,0.0
2,18,45,3,8,1.111111111,79,0.0,6,True,True,0.7922940296749394,True,1.0,True,0.9097222836549018,RandomForest,RandomForest,True,1.0
2,57,196,1,34,0.90931677,744,0.565217391,6,True,True,0.9848574517603446,True,1.0,True,0.8525852661189053,RandomForest,RandomForest,True,1.0
2,25,77,3,11,0.8615384620000001,212,0.8,5,True,True,0.8104710593135208,True,0.8,True,0.7930043882178736,RandomForest,RandomForest,True,0.8
1,37,66,15,10,1.090909091,494,1.0,0,True,False,0.4662067738305115,False,0.4,True,0.5731295168905125,AdaBoost,AdaBoost,True,0.5731295168905125
2,22,54,2,10,0.981818182,120,0.2,6,True,True,0.8501847504927921,True,1.0,True,0.9566100892808788,RandomForest,RandomForest,True,1.0
2,17,36,1,7,1.125,72,0.0,6,True,True,0.7860370607257302,True,1.0,True,0.9333020677597336,RandomForest,RandomForest,True,1.0
2,27,6,5,9,0.875,180,0.333333333,5,False,True,0.832281179775054,True,0.8,True,0.7218884170965629,RandomForest,RandomForest,True,0.8
2,37,219,2,21,0.8506493509999999,345,0.857142857,5,True,True,0.9032589969210779,True,0.8,True,0.7382313806040144,RandomForest,RandomForest,True,0.8
2,26,69,4,12,0.7435897440000001,187,0.666666667,6,True,True,0.8739963442840825,True,1.0,True,0.9588482187752799,RandomForest,RandomForest,True,1.0
2,53,100,2,28,0.75,556,0.8888888890000001,2,True,True,0.9265604024324576,True,0.9,True,0.7860319858146407,RandomForest,RandomForest,True,0.9
1,4,6,1,4,2.0,4,0.0,0,True,False,0.0679700149683215,False,0.0,False,0.11422471755719694,RandomForest,Voting,False,0.0407820089809929
1,0,0,0,0,2.0,7,0.0,0,False,False,0.0574750228304106,False,0.0,False,0.11868578539706967,RandomForest,RandomForest,False,0.0
2,48,38,3,17,0.822916667,419,0.666666667,5,False,True,0.9274371744544398,True,0.7,True,0.6816030770871182,RandomForest,RandomForest,True,0.7
2,13,36,2,9,1.125,58,0.0,0,True,True,0.5724440011403745,True,1.0,True,0.9207589491189562,RandomForest,RandomForest,True,1.0
1,20,0,10,9,0.25,294,1.0,1,False,False,0.4953047009775858,False,0.3,False,0.4321480734922343,RandomForest,RandomForest,False,0.3
1,22,3,1,6,0.75,111,1.0,0,False,False,0.11048326844741073,False,0.25,False,0.4222843505741741,RandomForest,RandomForest,False,0.25
2,47,175,1,20,0.6309523810000001,475,0.0,5,True,True,0.9342667534069432,True,0.65,True,0.6176966543941049,RandomForest,RandomForest,True,0.65
2,39,106,2,25,0.7537878790000001,487,0.909090909,0,True,True,0.7967885410131516,True,0.9,True,0.6906960089404893,RandomForest,RandomForest,True,0.9
1,42,325,10,22,1.04,693,0.0,0,False,False,0.3374150847057494,True,0.6166666666666666,True,0.7566825886089757,Voting,Voting,False,0.3374150847057494
1,12,8,0,7,0.8214285709999999,129,0.083333333,0,True,False,0.16973306886584372,True,0.8,True,0.5456068471618013,RandomForest,RandomForest,True,0.8
3,6,0,3,5,2.0,37,0.0,0,False,False,0.18478564554841445,False,0.4,False,0.3715575222445424,RandomForest,RandomForest,False,0.4
2,48,6,1,2,0.916666667,439,0.666666667,1,True,False,0.3781524146231392,True,0.7,True,0.5024309237255629,RandomForest,RandomForest,True,0.7
1,56,15,50,6,1.2,923,1.0,0,True,False,0.4617947438564436,True,0.7,True,0.6387367748063233,RandomForest,RandomForest,True,0.7
2,51,228,6,20,0.770833333,419,0.833333333,6,True,True,0.9362488590704,True,0.9,True,0.9608930283729964,RandomForest,RandomForest,True,0.9
1,5,3,3,2,2.0,43,0.0,0,False,False,0.07468767608078915,False,0.2,False,0.3657707884004003,RandomForest,RandomForest,False,0.2
2,18,39,2,9,0.851851852,78,0.333333333,2,True,True,0.6581830715954001,True,0.9,True,0.7474570170713986,RandomForest,RandomForest,True,0.9
1,10,0,5,3,0.25,78,1.0,0,True,False,0.09241901626398134,False,0.2,False,0.1699226438008061,RandomForest,RandomForest,False,0.2
1,21,9,2,11,0.25,92,1.0,0,False,False,0.12320094207890828,False,0.1,False,0.1590051895951002,RandomForest,RandomForest,False,0.1
2,33,32,7,11,1.034090909,320,0.125,5,True,True,0.8146305129274628,True,0.8,False,0.4370918433206246,RandomForest,RandomForest,True,0.8
1,0,0,0,0,2.0,4,0.0,0,False,False,0.0653298132027525,False,0.0,False,0.15149602662163475,RandomForest,RandomForest,False,0.0
2,22,46,2,10,0.818181818,127,0.5,6,True,True,0.8321377608887176,True,1.0,True,0.949494551853028,RandomForest,RandomForest,True,1.0
1,8,1,0,2,2.0,27,0.0,0,False,False,0.4094628739774056,False,0.4,True,0.8185136275560981,RandomForest,RandomForest,False,0.4
2,11,4,1,2,0.833333333,108,1.0,1,False,False,0.16848032524777293,False,0.5,False,0.3175424634683299,RandomForest,RandomForest,False,0.5
2,13,36,2,9,1.125,64,0.0,0,True,True,0.5614749821633745,True,1.0,True,0.8793934166740262,RandomForest,RandomForest,True,1.0
1,46,123,1,4,0.659090909,668,1.0,0,True,True,0.5418540753391586,False,0.5,True,0.7175155983925863,RandomForest,RandomForest,False,0.5
3,7,4,4,5,0.5,29,1.0,0,True,False,0.23137403274860724,False,0.0,False,0.08297858005325305,RandomForest,RandomForest,False,0.0
4,7,4,5,5,0.5,29,1.0,0,True,False,0.3018286888064633,False,0.0,False,0.2407607530914664,RandomForest,RandomForest,False,0.0
2,40,142,3,18,0.798245614,342,0.833333333,6,True,True,0.8999016045007838,True,1.0,True,0.9019436614514168,RandomForest,RandomForest,True,1.0
2,23,46,2,10,0.818181818,122,0.5,6,True,True,0.8334819028152629,True,1.0,True,0.9481757079034708,RandomForest,RandomForest,True,1.0
1,4,3,1,3,2.0,7,0.0,0,False,False,0.07386840004740687,False,0.1,False,0.25731832776414554,RandomForest,RandomForest,False,0.1
2,39,49,3,13,0.75,369,0.5,6,True,True,0.9042520867302146,True,1.0,True,0.7177588230414671,RandomForest,RandomForest,True,1.0
2,25,87,2,13,0.8035714290000001,143,0.75,6,True,True,0.8302075401927813,True,1.0,True,0.8776619634160769,RandomForest,RandomForest,True,1.0
2,21,43,2,9,0.85,117,0.5,6,True,True,0.8244139647441804,True,1.0,True,0.943124743184234,RandomForest,RandomForest,True,1.0
2,31,138,2,18,0.8270676690000001,306,0.857142857,6,True,True,0.8742743659194435,True,1.0,True,0.8112667450370817,RandomForest,RandomForest,True,1.0
2,36,11,1,2,0.8,173,1.0,1,False,True,0.5473319305632688,False,0.3,False,0.19739524242728326,RandomForest,RandomForest,False,0.3
1,15,4,6,2,0.333333333,55,1.0,0,False,False,0.09024599698304736,False,0.3,False,0.2057201878342034,RandomForest,RandomForest,False,0.3
1,45,36,1,5,2.0,3581,0.0,0,False,True,0.9742131305597774,False,0.5,True,0.5182883763019991,RandomForest,RandomForest,False,0.5
2,117,3214,5,93,0.981194559,1478,0.483146067,6,True,True,0.960407458832511,True,0.7,True,0.8928249443211536,RandomForest,RandomForest,True,0.7
2,13,36,2,9,1.125,60,0.333333333,0,True,True,0.5460918196703802,True,1.0,True,0.8712840561747462,RandomForest,RandomForest,True,1.0
2,13,36,2,9,1.125,62,0.0,0,True,True,0.5613959072794925,True,1.0,True,0.8756731818478113,RandomForest,RandomForest,True,1.0
2,37,88,1,18,0.763157895,348,0.833333333,6,True,True,0.8980180892086752,True,1.0,True,0.9316499644525364,RandomForest,RandomForest,True,1.0
5,8,6,1,4,2.0,20,0.0,0,True,True,0.6046027963882854,True,1.0,True,0.6610968051331982,RandomForest,RandomForest,True,1.0
2,16,10,4,5,2.0,50,0.0,0,False,False,0.138746870237673,False,0.5,False,0.3644675045271052,RandomForest,RandomForest,False,0.5
2,4,0,8,2,1.125,22,0.0,0,True,False,0.19717453290711728,False,0.16666666666666666,False,0.1297260793695021,RandomForest,RandomForest,False,0.16666666666666666
2,33,65,2,12,0.7435897440000001,229,0.666666667,6,True,True,0.8564973134535833,True,1.0,True,0.9016521662014844,RandomForest,RandomForest,True,1.0
1,19,84,11,16,0.994047619,152,0.0,0,False,False,0.19527354540400851,True,0.7,True,0.5175357345185696,Voting,Voting,False,0.19527354540400851
1,35,60,63,8,0.333333333,618,0.666666667,0,False,True,0.7481368371162734,True,0.8,True,0.5597485597959525,RandomForest,RandomForest,True,0.8
2,14,45,2,10,1.111111111,59,0.333333333,0,True,True,0.5530887807443692,True,1.0,True,0.9066471014319788,RandomForest,RandomForest,True,1.0
2,17,25,2,8,0.8,126,0.5,5,True,True,0.7757361353310248,True,0.9,True,0.6882277822016816,RandomForest,RandomForest,True,0.9
1,56,9,4,5,0.7222222220000001,743,1.0,0,True,False,0.3126899608566815,True,0.7,True,0.6477958052756947,RandomForest,RandomForest,True,0.7
3,14,41,5,11,0.916666667,66,0.0,0,False,False,0.3433334241973521,True,0.8,True,0.5725242329606709,Voting,Voting,False,0.3433334241973521
2,34,41,1,12,0.711538462,225,0.0,5,True,True,0.8682669232295702,True,0.6,True,0.5930914207670949,RandomForest,RandomForest,True,0.6
2,32,52,4,11,0.933333333,1216,0.4,6,True,True,0.9348642001324192,True,1.0,True,0.6877271798595621,RandomForest,RandomForest,True,1.0
2,30,54,4,14,0.7,388,0.0,1,False,True,0.5835318199349584,True,0.75,True,0.6396990947130006,RandomForest,RandomForest,True,0.75
2,2,0,1,1,2.0,4,0.0,0,False,False,0.11847843361878765,False,0.0,False,0.2971062236750629,RandomForest,RandomForest,False,0.0
2,27,57,1,12,0.7692307690000001,195,0.666666667,6,True,True,0.8892637441731269,True,1.0,True,0.7971018849815104,RandomForest,RandomForest,True,1.0
5,8,6,0,4,2.0,20,0.0,0,True,True,0.6228186202063257,True,0.8666666666666668,True,0.7086934261311871,RandomForest,RandomForest,True,0.8666666666666668
3,10,3,6,1,2.0,27,0.0,1,False,False,0.2111079130568043,False,0.3,False,0.30680723629078555,RandomForest,RandomForest,False,0.3
2,67,22,1,22,0.5,961,0.0,5,True,True,0.9848890821453192,True,0.6,True,0.6852812771234486,RandomForest,RandomForest,True,0.6
2,12,10,1,5,2.0,32,0.0,0,False,False,0.14809191467049646,False,0.3,True,0.5140948226660764,RandomForest,RandomForest,False,0.3
1,16,1,1,2,2.0,231,0.0,0,False,False,0.09275081136709057,False,0.4,False,0.3153703061556037,RandomForest,RandomForest,False,0.4
1,21,0,2,4,0.5,149,1.0,0,False,False,0.13356448732056644,False,0.2,False,0.35182688850812865,RandomForest,RandomForest,False,0.2
2,41,38,1,22,0.75,429,0.875,6,True,True,0.946195685981922,True,0.7,True,0.8632761520763509,RandomForest,RandomForest,True,0.7
2,21,49,3,9,0.85,106,0.5,6,True,True,0.870693261567407,True,1.0,True,0.9077708204604658,RandomForest,RandomForest,True,1.0
1,1,0,3,1,2.0,1,0.0,0,False,False,0.06891462145837947,False,0.0,False,0.038222210567063625,RandomForest,RandomForest,False,0.0
2,46,117,1,24,0.936363636,505,0.363636364,6,True,True,0.9672719322165452,True,1.0,True,0.8230009671145858,RandomForest,RandomForest,True,1.0
2,24,46,1,10,0.981818182,144,0.2,6,True,True,0.8723376788337424,True,1.0,True,0.8659188115403711,RandomForest,RandomForest,True,1.0
2,50,244,3,22,0.90821256,402,0.444444444,5,True,True,0.6204355922354367,True,0.7,True,0.5905145310364718,RandomForest,RandomForest,True,0.7
1,5,0,1,1,0.0,49,1.0,0,False,False,0.4375083285183143,False,0.4,True,0.5092421604754345,RandomForest,RandomForest,False,0.4
3,18,45,6,8,1.111111111,86,0.0,6,True,True,0.8980246423085599,True,1.0,True,0.7671649527552491,RandomForest,RandomForest,True,1.0
2,24,36,1,10,0.772727273,143,0.5,6,True,True,0.8843208434191783,True,1.0,True,0.7097809786286079,RandomForest,RandomForest,True,1.0
2,31,102,3,11,0.933333333,9857,0.75,0,True,True,0.7530810343273623,True,0.8,True,0.7247151851650256,RandomForest,RandomForest,True,0.8
1,1,0,19,1,2.0,1,0.0,0,False,False,0.06998056392023318,False,0.0,False,0.1027038260777574,RandomForest,RandomForest,False,0.0
2,35,114,1,18,0.8771929820000001,360,0.5555555560000001,6,True,True,0.9319621293964522,True,1.0,True,0.8638365567819811,RandomForest,RandomForest,True,1.0
1,95,106,10,13,0.35416666700000005,461,1.0,0,False,True,0.5674663524322324,False,0.2,True,0.5222781444445078,RandomForest,RandomForest,False,0.2
2,24,64,1,11,0.8833333329999999,143,0.6,6,True,True,0.8783545965875929,True,1.0,True,0.8158477961714448,RandomForest,RandomForest,True,1.0
2,65,94,3,15,0.649122807,327,1.0,1,False,True,0.5438151026713712,True,0.6,True,0.6014995269321417,RandomForest,RandomForest,True,0.6
2,7,6,4,5,2.0,46,0.0,1,False,False,0.15426116887170085,False,0.2,False,0.3541799701448738,RandomForest,RandomForest,False,0.2
1,30,3,0,2,2.0,315,0.0,0,True,False,0.4515170718726722,True,0.6,False,0.4100650194295237,RandomForest,RandomForest,True,0.6
2,23,46,2,10,0.818181818,122,0.5,6,True,True,0.8802176930160176,True,1.0,True,0.9084399328780708,RandomForest,RandomForest,True,1.0
1,4,3,2,3,2.0,8,0.0,0,False,False,0.07664798281834821,False,0.175,False,0.055772575942068615,RandomForest,RandomForest,False,0.175
2,13,36,2,9,1.125,59,0.0,0,True,True,0.6042278635440589,True,1.0,True,0.9087913562935304,RandomForest,RandomForest,True,1.0
2,18,45,1,8,1.111111111,87,0.0,6,True,True,0.8147652259790487,True,1.0,True,0.9483307206352688,RandomForest,RandomForest,True,1.0
1,55,0,9,14,0.5,453,1.0,0,False,False,0.30340107864722976,True,0.6,True,0.6081245227423593,Voting,Voting,False,0.30340107864722976
1,10,45,13,10,2.0,10,0.0,0,False,False,0.43105336965874896,False,0.2,False,0.13974190658311994,RandomForest,RandomForest,False,0.2
2,17,36,2,7,1.125,72,0.0,6,True,True,0.8058705956756359,True,1.0,True,0.9464736896138318,RandomForest,RandomForest,True,1.0
2,35,114,1,18,0.855263158,359,0.625,6,True,True,0.9297397743963464,True,1.0,True,0.8562754995954744,RandomForest,RandomForest,True,1.0
1,1,0,1,1,2.0,1,0.0,0,False,False,0.0687862071446312,False,0.0,False,0.15433463558741936,RandomForest,RandomForest,False,0.0
1,1,0,13,1,2.0,1,0.0,0,False,False,0.06957287154124904,False,0.0,False,0.10361124539374708,RandomForest,RandomForest,False,0.0
2,22,0,7,8,0.35,180,1.0,6,True,False,0.43793579936559,False,0.5,True,0.5028583909497771,AdaBoost,AdaBoost,True,0.5028583909497771
1,2,1,19,2,2.0,2,0.0,0,False,False,0.07073327006742199,False,0.1,False,0.08954848687894319,RandomForest,RandomForest,False,0.1
2,24,46,1,10,0.818181818,141,0.5,6,True,True,0.8851373541143711,True,1.0,True,0.9603110914985208,RandomForest,RandomForest,True,1.0
3,29,171,1,19,1.0555555559999998,128,0.0,0,True,True,0.8258418411642251,True,0.6599999999999999,True,0.7490251248627452,RandomForest,RandomForest,True,0.6599999999999999
1,1,0,3,1,2.0,1,0.0,0,False,False,0.0666262855832301,False,0.0,False,0.06768698274424402,RandomForest,RandomForest,False,0.0
2,31,91,1,16,0.776470588,303,0.8,6,True,True,0.9284034832602748,True,1.0,True,0.9031606422095382,RandomForest,RandomForest,True,1.0
2,22,46,3,10,0.818181818,128,0.5,6,True,True,0.8812667523150844,True,1.0,True,0.954065022031696,RandomForest,RandomForest,True,1.0
1,4,1,2,1,2.0,39,0.0,0,False,False,0.06884094374050212,False,0.1,False,0.30727803781776225,RandomForest,RandomForest,False,0.1
2,46,25,8,11,0.957142857,366,0.14285714300000002,6,False,True,0.9320945242585228,True,0.9,True,0.7523042869797434,RandomForest,RandomForest,True,0.9
2,56,511,4,35,0.938063063,604,0.625,6,True,True,0.9852783750434808,True,0.9,True,0.7799100767160081,RandomForest,RandomForest,True,0.9
2,24,46,1,10,0.818181818,141,0.5,6,True,True,0.8851373541143711,True,1.0,True,0.9603110914985208,RandomForest,RandomForest,True,1.0
1,19,107,34,18,0.382352941,170,1.0,0,False,False,0.1629543885059817,False,0.4,False,0.17951746187721274,RandomForest,RandomForest,False,0.4
2,19,0,0,10,0.0,86,1.0,2,False,True,0.5806600854027678,True,0.6,True,0.6043697782383122,RandomForest,RandomForest,True,0.6
2,46,153,1,24,0.8,501,0.8888888890000001,6,True,True,0.9739806786909084,True,1.0,True,0.9255370787139932,RandomForest,RandomForest,True,1.0
2,21,49,2,9,0.975,108,0.25,6,True,True,0.8641916612212514,True,1.0,True,0.9493551468751872,RandomForest,RandomForest,True,1.0
1,300,2749,45,48,0.914285714,3446,1.0,0,True,True,0.9683012599126556,False,0.5,True,0.5072223549231032,RandomForest,RandomForest,False,0.5
1,8,15,2,6,1.2,139,0.0,0,True,False,0.4644328469104952,True,0.8,True,0.6425753161663624,RandomForest,RandomForest,True,0.8
2,14,45,2,10,1.111111111,67,0.333333333,0,True,True,0.5399524088612238,True,1.0,True,0.9444122178039992,RandomForest,RandomForest,True,1.0
2,24,253,1,23,2.0,49,0.0,2,False,True,0.5899522337890798,True,0.8,True,0.6610253392596009,RandomForest,RandomForest,True,0.8
4,8,6,2,4,2.0,20,0.0,0,False,True,0.5756279024993838,True,1.0,True,0.9101292957549456,RandomForest,RandomForest,True,1.0
2,64,312,1,32,0.909274194,614,0.8125,5,False,True,0.9802662467100504,True,0.6,True,0.5377536944087875,RandomForest,RandomForest,True,0.6
2,21,49,2,9,1.0,109,0.2,6,True,True,0.8590855133459366,True,1.0,True,0.9406111018230421,RandomForest,RandomForest,True,1.0
2,24,69,2,12,0.7692307690000001,155,0.666666667,6,True,True,0.8925021023823888,True,1.0,True,0.9468584023641168,RandomForest,RandomForest,True,1.0
1,14,19,3,6,0.611111111,71,1.0,0,False,False,0.09416085151880282,False,0.4,False,0.23749370892177765,RandomForest,RandomForest,False,0.4
2,18,33,2,9,0.8666666670000001,89,0.6,2,True,True,0.6118741464328444,True,0.9,True,0.8192859856563657,RandomForest,RandomForest,True,0.9
1,8,0,3,3,0.0,32,0.0,0,False,True,0.5208674991923831,False,0.2,False,0.13797999118041993,RandomForest,RandomForest,False,0.2
2,80,470,6,32,0.8634259259999999,866,0.833333333,6,True,True,0.9863236789342944,True,1.0,True,0.8655959183653962,RandomForest,RandomForest,True,1.0
1,15,21,1,11,0.533333333,90,1.0,0,False,False,0.11690195910028467,False,0.3,False,0.3755484599803984,RandomForest,RandomForest,False,0.3
3,153,3060,0,72,0.839059675,838,1.0,20,False,True,0.9998836763981974,False,0.0,True,0.5028642727723384,RandomForest,RandomForest,False,0.0
3,15,15,1,6,1.178378378,287,0.054054054,2,True,True,0.6960700062006366,True,0.7,True,0.5319167284150873,RandomForest,RandomForest,True,0.7
2,24,46,0,10,0.818181818,141,0.5,6,True,True,0.8857760991420448,True,1.0,True,0.9193562579184752,RandomForest,RandomForest,True,1.0
1,5,0,2,2,0.0,42,0.0,0,True,False,0.18060248856097386,False,0.0,False,0.1881781060377792,RandomForest,RandomForest,False,0.0
1,4,6,5,4,2.0,4,0.0,0,False,False,0.07667183822400153,False,0.0,False,0.13663731525612982,RandomForest,RandomForest,False,0.0
2,34,141,1,20,0.957393484,423,0.315789474,6,True,True,0.967040117544772,True,1.0,True,0.9177599886412796,RandomForest,RandomForest,True,1.0
1,10,1,1,0,2.0,82,0.0,0,False,False,0.07053952397267728,False,0.4,False,0.4475233416989417,RandomForest,RandomForest,False,0.4
2,12,22,1,7,0.8857142859999999,102,0.8,2,True,True,0.5710295621747113,True,0.9,True,0.8624886137021358,RandomForest,RandomForest,True,0.9
2,9,14,5,6,0.7857142859999999,73,0.0,0,False,False,0.2260002545909624,False,0.3,True,0.5194470233104761,RandomForest,RandomForest,False,0.3
1,141,651,3,7,0.766925638,1861,0.705882353,0,True,True,0.871702122498248,True,1.0,True,0.6908150019286228,RandomForest,RandomForest,True,1.0
2,35,1,1,16,0.670588235,276,0.8,6,True,True,0.9335348150841222,True,1.0,True,0.8344903611332215,RandomForest,RandomForest,True,1.0
1,19,0,7,8,0.642857143,333,0.5,0,True,False,0.16542110897647044,True,0.6,False,0.4635246505518593,RandomForest,RandomForest,True,0.6
1,1,0,6,1,2.0,1,0.0,0,False,False,0.061476177809689565,False,0.0,False,0.07070791510148071,RandomForest,RandomForest,False,0.0
2,41,82,1,22,0.766304348,438,0.875,6,True,True,0.9609808075786972,True,1.0,True,0.9460155745440978,RandomForest,RandomForest,True,1.0
1,16,4,1,4,0.333333333,82,0.0,0,True,False,0.18039951316482328,False,0.3,False,0.41213889946268345,RandomForest,RandomForest,False,0.3
2,29,43,2,9,0.85,154,0.5,6,True,True,0.8988328343148609,True,0.9,True,0.7806079084387373,RandomForest,RandomForest,True,0.9
2,21,43,2,9,0.85,117,0.0,6,True,True,0.8593313551877384,True,1.0,True,0.9040397225193746,RandomForest,RandomForest,True,1.0
2,21,49,2,9,0.933333333,107,0.333333333,6,True,True,0.8807605385365784,True,1.0,True,0.8965714790580602,RandomForest,RandomForest,True,1.0
2,60,255,1,36,0.924924925,801,0.518518519,6,True,True,0.9884934666747016,True,1.0,True,0.8000752364478116,RandomForest,RandomForest,True,1.0
2,101,665,1,41,0.836956522,997,1.0,18,False,True,0.6662723626473063,False,0.4,True,0.6221241448529394,RandomForest,RandomForest,False,0.4
3,19,0,2,7,1.142857143,161,0.5,5,True,True,0.8840583607762692,True,0.9,True,0.8687560794290349,RandomForest,RandomForest,True,0.9
1,29,0,0,24,0.388888889,629,1.0,1,False,True,0.6450538828146032,True,0.6,True,0.5618676778966354,RandomForest,RandomForest,True,0.6
2,14,45,2,10,1.111111111,52,0.5,0,True,True,0.540149005548983,True,0.8,True,0.6761227851810925,RandomForest,RandomForest,True,0.8
1,8,1,2,2,2.0,24,0.0,0,False,False,0.07007678293107522,False,0.34,False,0.2700739696466037,RandomForest,RandomForest,False,0.34
2,22,46,3,10,0.818181818,128,0.5,6,True,True,0.8920521662107134,True,1.0,True,0.9454006455985332,RandomForest,RandomForest,True,1.0
3,65,0,3,9,0.375,644,0.0,5,True,True,0.9760174504028204,True,0.8,True,0.5953959915952792,RandomForest,RandomForest,True,0.8
1,29,0,4,24,0.388888889,629,1.0,1,False,True,0.6427372789263855,True,0.6,True,0.5092123502254666,RandomForest,RandomForest,True,0.6
2,21,43,2,9,0.85,106,0.5,6,True,True,0.8858474410123133,True,1.0,True,0.9465887194965243,RandomForest,RandomForest,True,1.0
1,9,36,5,9,2.0,9,0.0,0,False,False,0.08294679842223589,False,0.2,False,0.2270882008823781,RandomForest,RandomForest,False,0.2
1,89,0,4,41,1.0,361,0.066666667,0,True,True,0.9699760853169948,False,0.4,True,0.5378425401805075,RandomForest,RandomForest,False,0.4
1,1,0,3,1,2.0,1,0.0,0,False,False,0.061224545026094576,False,0.0,False,0.08036688900221292,RandomForest,RandomForest,False,0.0
2,24,56,2,11,0.7777777779999999,141,0.666666667,6,True,True,0.8949433293172359,True,1.0,True,0.9246292069572524,RandomForest,RandomForest,True,1.0
2,23,46,2,10,0.818181818,122,0.5,6,True,True,0.8937935231563183,True,1.0,True,0.92596039336607,RandomForest,RandomForest,True,1.0
2,12,3,2,9,0.916666667,87,0.5,2,True,True,0.6442672062492693,True,0.9,True,0.7004404231499963,RandomForest,RandomForest,True,0.9
1,32,20,2,8,0.625,291,1.0,0,False,False,0.4783930935826433,True,0.7,True,0.5710531945202733,Voting,Voting,False,0.4783930935826433
2,21,49,2,9,0.85,106,0.5,6,True,True,0.8855524919168173,True,1.0,True,0.9573627662474741,RandomForest,RandomForest,True,1.0
2,49,0,8,11,0.757575758,269,0.333333333,5,False,True,0.9172770659712136,True,0.8,True,0.6939719204338421,RandomForest,RandomForest,True,0.8
2,24,46,1,10,1.0,145,0.166666667,6,True,True,0.8774207032865643,True,1.0,True,0.8506317544685478,RandomForest,RandomForest,True,1.0
2,50,327,2,28,0.7758620690000001,505,0.833333333,6,True,True,0.9731578285298438,True,0.9,True,0.8387764620353036,RandomForest,RandomForest,True,0.9
2,35,37,1,16,0.8067226890000001,287,0.571428571,6,True,True,0.9405876057578948,True,0.6,True,0.7224621239600114,RandomForest,RandomForest,True,0.6
1,51,3,0,6,0.083333333,282,1.0,0,False,True,0.5238785030468219,True,0.6,True,0.6814325975947843,RandomForest,RandomForest,True,0.6
2,13,36,2,9,1.125,62,0.0,0,True,True,0.5472677463967056,True,1.0,True,0.8869976209991559,RandomForest,RandomForest,True,1.0
1,24,4,1,2,0.333333333,146,1.0,0,False,False,0.12034460413683246,False,0.4,False,0.33452554497741177,RandomForest,RandomForest,False,0.4
2,23,46,2,10,0.818181818,122,0.5,6,True,True,0.8937935231563183,True,1.0,True,0.92596039336607,RandomForest,RandomForest,True,1.0
2,74,94,3,20,0.897435897,490,0.384615385,7,True,True,0.9901651618482338,True,1.0,True,0.7341337933983346,RandomForest,RandomForest,True,1.0
1,45,5,1,6,0.55,247,0.0,0,True,True,0.5660467826383236,True,0.7,True,0.6432090848077272,RandomForest,RandomForest,True,0.7
1,35,16,2,8,0.727272727,359,0.5555555560000001,0,True,True,0.5230649590943978,True,0.7,True,0.7212479826470323,RandomForest,RandomForest,True,0.7
2,12,4,0,4,0.666666667,44,1.0,1,False,False,0.2027686788316581,False,0.4,False,0.40572693660789694,RandomForest,RandomForest,False,0.4
2,15,4,3,5,0.428571429,90,1.0,1,False,False,0.20932895875093194,False,0.1,False,0.30552742455721993,RandomForest,RandomForest,False,0.1
2,41,6,1,2,0.75,181,1.0,1,False,False,0.28518822022397833,False,0.2,False,0.3381441410679089,RandomForest,RandomForest,False,0.2
2,40,103,2,16,0.848739496,327,0.0,6,True,True,0.9031475606575472,True,1.0,True,0.8066213332824564,RandomForest,RandomForest,True,1.0
2,64,162,3,46,0.861702128,891,0.95,6,True,True,0.978198894624654,True,0.9,True,0.9492790208262261,RandomForest,RandomForest,True,0.9
1,29,1,7,1,0.0,257,1.0,0,False,False,0.4912333062980924,False,0.1,False,0.3534778370350974,RandomForest,RandomForest,False,0.1
4,8,6,3,4,2.0,20,0.0,0,True,False,0.4073079678317944,True,0.7416666666666667,False,0.4487155851266501,RandomForest,RandomForest,True,0.7416666666666667
2,87,1362,17,17,0.927083333,1806,1.0,7,False,True,0.9642251443783724,True,0.7,True,0.6881526918459047,RandomForest,RandomForest,True,0.7
2,6,10,20,5,1.25,13,0.0,0,False,True,0.5337989379570229,True,0.7,False,0.3526753928630457,AdaBoost,AdaBoost,False,0.3526753928630457
1,19,15,2,5,2.0,171,0.0,0,True,False,0.4190258344817785,False,0.3,True,0.5368124036243861,AdaBoost,AdaBoost,True,0.5368124036243861
2,17,36,1,7,1.125,72,0.0,6,True,True,0.7700564182208257,True,1.0,True,0.9440001965139636,RandomForest,RandomForest,True,1.0
1,35,198,1,28,0.841750842,388,1.0,0,True,True,0.5781088559356364,True,0.6,True,0.5663202937492692,RandomForest,RandomForest,True,0.6
2,66,664,4,46,0.902083333,728,0.95,6,True,True,0.9615575145687676,True,0.9,True,0.8572348542294135,RandomForest,RandomForest,True,0.9
2,24,46,1,10,0.818181818,141,0.5,6,True,True,0.8579006185553005,True,1.0,True,0.9374318626691736,RandomForest,RandomForest,True,1.0
2,21,43,2,9,0.85,116,0.5,6,True,True,0.8471935496565551,True,1.0,True,0.9353328021198221,RandomForest,RandomForest,True,1.0
2,61,367,1,36,0.854054054,807,0.933333333,6,True,True,0.9681396983758224,True,1.0,True,0.7116805808109143,RandomForest,RandomForest,True,1.0
2,39,204,2,21,0.8826086959999999,418,0.7,6,True,True,0.9318078440731394,True,1.0,True,0.9344770270015832,RandomForest,RandomForest,True,1.0
2,60,187,4,34,0.747474747,728,0.8888888890000001,3,True,True,0.9489856657587868,True,1.0,True,0.8996069561765584,RandomForest,RandomForest,True,1.0
2,44,171,3,28,0.863888889,406,0.916666667,6,True,True,0.9445088701756092,True,1.0,True,0.959068109661154,RandomForest,RandomForest,True,1.0
2,13,36,2,9,1.125,62,0.0,0,True,True,0.5594695975647657,True,1.0,True,0.8915635432732324,RandomForest,RandomForest,True,1.0
1,17,9,4,11,0.25,85,1.0,0,False,False,0.1255915561964517,False,0.1,False,0.2479211187532885,RandomForest,RandomForest,False,0.1
1,21,3,0,2,2.0,112,0.0,0,False,False,0.08473670374438867,False,0.2,False,0.4745370742214193,RandomForest,RandomForest,False,0.2
1,24,1,1,1,0.75,121,1.0,0,False,False,0.10712407034182386,False,0.2,False,0.16648856038974544,RandomForest,RandomForest,False,0.2
2,22,46,3,10,0.818181818,128,0.5,6,True,True,0.8533035860762087,True,1.0,True,0.9676860678868546,RandomForest,RandomForest,True,1.0
1,4,6,1,4,2.0,4,0.0,0,False,False,0.397966119021318,True,0.6,True,0.7638395811200585,Voting,RandomForest,True,0.498983059510659
1,5,0,3,3,0.666666667,28,1.0,0,False,False,0.08740800622050303,False,0.1,False,0.3669679100092355,RandomForest,RandomForest,False,0.1
2,33,81,1,16,0.764705882,308,0.8,6,True,True,0.8904121359137354,True,1.0,True,0.8886572890988199,RandomForest,RandomForest,True,1.0
3,13,3,2,10,0.7222222220000001,73,0.5,2,True,True,0.7901190497763452,True,0.9,True,0.6136614769112956,RandomForest,RandomForest,True,0.9
1,11,0,2,5,0.0,170,1.0,0,True,False,0.1284731609290056,False,0.2,False,0.41907163654324736,RandomForest,RandomForest,False,0.2
1,34,0,2,10,0.566666667,210,1.0,0,False,False,0.14583438112597738,False,0.4,False,0.4641421199936046,RandomForest,RandomForest,False,0.4
1,16,9,5,3,1.164242424,1460,0.003636364,0,False,True,0.8020307453755086,False,0.4,True,0.5721241721699389,RandomForest,RandomForest,False,0.4
2,21,49,2,9,0.85,106,0.5,6,True,True,0.8468602015806573,True,1.0,True,0.9461659952628024,RandomForest,RandomForest,True,1.0
1,2,0,1,0,2.0,6,0.0,0,False,False,0.06109790564189167,False,0.0,False,0.05638026554944171,RandomForest,RandomForest,False,0.0
2,21,43,2,9,0.85,116,0.5,6,True,True,0.8471935496565551,True,1.0,True,0.9353328021198221,RandomForest,RandomForest,True,1.0
2,32,0,2,9,0.125,172,0.0,1,False,False,0.30239698064744464,False,0.5,True,0.5041325942047098,RandomForest,RandomForest,False,0.5
1,31,3,1,9,0.222222222,183,0.0,0,True,False,0.2336047701351648,False,0.3,False,0.4944932532587454,RandomForest,RandomForest,False,0.3
1,65,290,13,18,0.962648557,732,1.0,0,False,False,0.3870946941496245,True,0.8,True,0.54566471090011,Voting,Voting,False,0.3870946941496245
1,30,34,6,9,0.690909091,306,1.0,0,True,False,0.13451589936727856,False,0.4,False,0.4539080288594117,RandomForest,RandomForest,False,0.4
2,28,61,4,11,0.807692308,245,0.5,5,True,True,0.5028694505089155,True,0.6,True,0.5665642510308722,RandomForest,RandomForest,True,0.6
1,41,21,4,14,0.564102564,243,0.0,0,True,False,0.2501936519754886,False,0.4333333333333333,False,0.473530927234928,RandomForest,RandomForest,False,0.4333333333333333
2,22,2,2,8,0.666666667,202,0.166666667,2,True,True,0.6908519373163379,True,0.8,True,0.5981716385769871,RandomForest,RandomForest,True,0.8
2,23,54,2,10,0.909090909,117,0.333333333,6,True,True,0.8585339891337603,True,1.0,True,0.9317334897576636,RandomForest,RandomForest,True,1.0
2,47,28,1,11,0.636363636,353,1.0,6,False,True,0.5516887209671258,False,0.3,True,0.6329210423434852,RandomForest,RandomForest,False,0.3
2,46,105,1,20,0.920634921,422,0.4,6,True,True,0.9476043202403512,True,1.0,True,0.9021061199303116,RandomForest,RandomForest,True,1.0
1,5,0,1,4,1.125,33,0.25,0,False,False,0.4509213383934219,True,0.5333333333333333,False,0.4570936921609906,RandomForest,RandomForest,True,0.5333333333333333
4,8,6,2,4,2.0,20,0.0,0,True,False,0.2278465718549456,False,0.3,False,0.298385990496011,RandomForest,RandomForest,False,0.3
2,22,54,2,10,0.954545455,119,0.25,6,True,True,0.8501358045265088,True,1.0,True,0.9323302018789892,RandomForest,RandomForest,True,1.0
1,20,0,2,3,0.369047619,441,1.0,0,True,False,0.12957136309385686,False,0.4,True,0.5260793680502208,AdaBoost,AdaBoost,True,0.5260793680502208
2,32,72,3,15,0.791666667,282,0.833333333,6,True,True,0.8835410064936369,True,1.0,True,0.9459397079994764,RandomForest,RandomForest,True,1.0
2,24,46,1,10,0.818181818,141,0.5,6,True,True,0.8655217202124824,True,1.0,True,0.9063038691539708,RandomForest,RandomForest,True,1.0
2,22,46,2,10,0.818181818,127,0.5,6,True,True,0.8621269662340625,True,1.0,True,0.9329704569572392,RandomForest,RandomForest,True,1.0
3,28,120,1,16,1.066666667,104,0.0,0,True,True,0.733345880184184,True,0.9,True,0.7285600346812087,RandomForest,RandomForest,True,0.9
1,6,15,6,6,2.0,6,0.0,0,False,False,0.06994043855048257,False,0.2,False,0.19214756297277505,RandomForest,RandomForest,False,0.2
2,14,45,2,10,1.111111111,67,0.333333333,0,True,True,0.5672898488723245,True,1.0,True,0.9201670971637644,RandomForest,RandomForest,True,1.0
3,34,19,2,13,1.076923077,379,1.0,4,True,True,0.523394421270437,False,0.4,True,0.5771214803985041,RandomForest,RandomForest,False,0.4
1,30,48,2,9,0.818181818,322,1.0,0,True,False,0.463663769432531,True,0.7,True,0.5785611528195227,RandomForest,RandomForest,True,0.7
3,9,10,1,5,1.25,28,0.0,3,True,True,0.7226519221907196,True,1.0,True,0.8470067108360947,RandomForest,RandomForest,True,1.0
1,0,0,4,0,2.0,0,0.0,0,False,False,0.05712607654278695,False,0.0,False,0.08495092808351712,RandomForest,RandomForest,False,0.0
3,15,26,2,7,0.857142857,219,0.25,1,True,False,0.4149789000538999,True,0.8,True,0.5848306984007264,RandomForest,RandomForest,True,0.8
2,23,0,7,8,0.14285714300000002,115,1.0,1,False,False,0.2388813061318837,False,0.4,True,0.5940832467411034,RandomForest,RandomForest,False,0.4
2,41,0,0,22,0.7173913040000001,411,0.875,6,True,True,0.9389582117560844,True,0.9,True,0.7772690844618194,RandomForest,RandomForest,True,0.9
1,6,2,3,4,0.75,36,1.0,0,False,False,0.09347607154679204,False,0.2,False,0.2205595644748043,RandomForest,RandomForest,False,0.2
3,7,4,3,5,0.5,29,1.0,0,False,True,0.6220436321235895,True,0.8,True,0.7011822472606645,RandomForest,RandomForest,True,0.8
3,24,0,2,8,0.666666667,171,0.5,6,True,True,0.9295429809119201,True,1.0,True,0.8692791716333529,RandomForest,RandomForest,True,1.0
1,17,0,3,3,0.0,116,1.0,0,False,False,0.4710162455549041,False,0.4,False,0.478526702174802,RandomForest,RandomForest,False,0.4
1,2,0,0,1,2.0,51,0.0,0,True,False,0.393320027443246,False,0.1,False,0.3564910329741362,RandomForest,RandomForest,False,0.1
1,165,62,1,5,0.818181818,1358,0.5,0,True,True,0.9578664716027148,True,0.8,True,0.5507042796290846,RandomForest,RandomForest,True,0.8
2,54,348,6,35,0.843253968,661,0.928571429,6,True,True,0.9676953771872118,True,1.0,True,0.901293916439562,RandomForest,RandomForest,True,1.0
1,25,24,6,8,0.8636363640000001,319,1.0,0,False,False,0.4525819377121026,True,0.6,False,0.4806666231641655,RandomForest,RandomForest,True,0.6
2,22,54,2,10,0.818181818,117,0.5,6,True,True,0.8617613805108846,True,1.0,True,0.9330433056773554,RandomForest,RandomForest,True,1.0
2,48,44,4,13,0.75,298,1.0,6,True,True,0.5597255283783599,False,0.2,True,0.5215048511309227,RandomForest,RandomForest,False,0.2
2,24,46,0,10,0.818181818,141,0.5,6,True,True,0.8661679689573653,True,0.8,True,0.9192422091343252,RandomForest,RandomForest,True,0.8
1,104,87,5,22,0.7482758620000001,1151,0.6,0,True,True,0.9316494893094664,True,0.8,True,0.6743918226977779,RandomForest,RandomForest,True,0.8
2,30,107,2,16,0.794117647,259,0.833333333,6,True,True,0.8838622407899414,True,1.0,True,0.7596701512484815,RandomForest,RandomForest,True,1.0
1,24,2,0,4,0.666666667,117,0.0,0,False,False,0.3596582436514908,False,0.5,False,0.4867456246538177,RandomForest,RandomForest,False,0.5
1,56,197,4,16,0.8138528140000001,378,0.545454545,0,True,True,0.6280433240206393,True,0.9,True,0.7075674656271774,RandomForest,RandomForest,True,0.9
1,17,0,2,7,0.571428571,134,1.0,0,False,False,0.4527841881280342,False,0.5,True,0.5796935751765491,RandomForest,RandomForest,False,0.5
2,32,114,2,18,0.894736842,361,0.5,6,True,True,0.9170279815960533,True,1.0,True,0.9104147920017744,RandomForest,RandomForest,True,1.0
1,53,331,3,24,0.8735632179999999,767,0.0,0,True,False,0.4310063803433444,True,0.7666666666666667,False,0.4955614736760892,RandomForest,RandomForest,True,0.7666666666666667
1,2,1,5,2,2.0,2,0.0,0,False,False,0.05842188982063917,False,0.0,False,0.06994824380282309,RandomForest,RandomForest,False,0.0
1,376,6636,5,95,0.942356419,3629,0.72972973,0,True,True,0.6671765514981076,True,0.8,True,0.8600240686110584,RandomForest,RandomForest,True,0.8
1,1,0,6,1,2.0,1,0.0,0,False,False,0.05625030812550818,False,0.0,False,0.0533261110450729,RandomForest,RandomForest,False,0.0
2,23,25,3,9,0.8,183,0.5,6,True,True,0.9112142923396601,True,1.0,True,0.8922206145358853,RandomForest,RandomForest,True,1.0
1,28,0,2,7,0.571428571,426,1.0,0,True,False,0.4698019109843123,False,0.5,True,0.5013393686238301,AdaBoost,AdaBoost,True,0.5013393686238301
1,43,595,184,32,2.0,379,0.0,0,True,True,0.5251062063855843,True,0.6,True,0.5054097296359434,RandomForest,RandomForest,True,0.6
2,8,21,0,7,1.0,26,1.0,2,True,False,0.2729314482802381,False,0.3,True,0.5426565280175231,AdaBoost,AdaBoost,True,0.5426565280175231
1,2,1,5,2,2.0,2,0.0,0,False,False,0.05842188982063917,False,0.0,False,0.06994824380282309,RandomForest,RandomForest,False,0.0
2,21,49,2,9,0.933333333,106,0.333333333,6,True,True,0.905259424639655,True,1.0,True,0.947888575506545,RandomForest,RandomForest,True,1.0
2,15,45,2,10,1.111111111,59,0.333333333,0,True,True,0.6022974220273005,True,1.0,True,0.9281568545301434,RandomForest,RandomForest,True,1.0
2,31,43,1,15,0.833333333,229,0.666666667,5,False,True,0.5766492789830965,False,0.3,False,0.3333364683213783,RandomForest,RandomForest,False,0.3
3,8,10,2,4,1.25,26,0.0,2,True,True,0.7741438479305448,True,0.9333333333333332,True,0.6849835408377866,RandomForest,RandomForest,True,0.9333333333333332
2,51,0,3,26,0.731481481,237,0.75,6,True,True,0.9770402311116699,True,0.8,True,0.7180419958683197,RandomForest,RandomForest,True,0.8
2,23,0,10,11,0.642857143,271,1.0,2,False,True,0.6962669239633729,False,0.4,False,0.3921264999175135,RandomForest,RandomForest,False,0.4
2,14,33,1,11,0.9,66,0.75,2,True,True,0.7080280323390499,True,1.0,True,0.6707194224144958,RandomForest,RandomForest,True,1.0
1,62,15,2,6,0.644444444,785,1.0,0,True,True,0.6209381161136093,True,0.6,True,0.6511625505073099,RandomForest,RandomForest,True,0.6
2,47,195,3,27,0.875,484,0.833333333,5,True,True,0.9541389534831404,True,0.8,True,0.7809764632488934,RandomForest,RandomForest,True,0.8
2,36,221,5,21,0.727272727,350,0.75,6,True,True,0.9451156177244702,True,1.0,True,0.965022094924308,RandomForest,RandomForest,True,1.0
2,39,1,8,12,0.692307692,243,0.5,6,True,True,0.6099253318698031,True,0.6,True,0.6550539432943226,RandomForest,RandomForest,True,0.6
3,8,10,1,4,1.25,26,0.0,2,True,True,0.7770939188321195,True,1.0,True,0.8573284537802499,RandomForest,RandomForest,True,1.0
1,9,0,1,3,0.0,86,0.0,0,False,False,0.1930475989650645,False,0.4,True,0.5009758834577819,RandomForest,RandomForest,False,0.4
2,29,34,2,13,0.854166667,179,0.5,5,False,True,0.9047122344891496,True,1.0,True,0.6927327813543915,RandomForest,RandomForest,True,1.0
2,23,66,2,11,0.805555556,140,0.666666667,6,True,True,0.9062675488048972,True,1.0,True,0.9800513708681252,RandomForest,RandomForest,True,1.0
2,13,36,2,9,1.125,62,0.0,0,True,True,0.5915558695255316,True,1.0,True,0.9194416965764152,RandomForest,RandomForest,True,1.0
1,56,60,25,12,1.0,415,0.25,0,True,True,0.7755879662464092,False,0.3,True,0.5768926412265848,RandomForest,RandomForest,False,0.3
1,20,9,2,7,0.833333333,173,1.0,0,True,False,0.10411224554418942,False,0.3,True,0.5517103961638894,AdaBoost,AdaBoost,True,0.5517103961638894
2,14,45,2,10,1.111111111,63,0.333333333,0,True,True,0.6006242296320606,True,1.0,True,0.9290506302050152,RandomForest,RandomForest,True,1.0
2,21,49,2,9,0.933333333,107,0.333333333,6,True,True,0.9052661268316824,True,1.0,True,0.9476216901011628,RandomForest,RandomForest,True,1.0
2,108,1491,5,56,0.957965532,1287,0.487179487,6,True,True,0.9588266972221398,True,0.9,True,0.77184705976053,RandomForest,RandomForest,True,0.9
1,4,6,3,4,2.0,4,0.0,0,False,False,0.0625978284512538,False,0.0,False,0.3000671495750431,RandomForest,RandomForest,False,0.0
2,35,109,1,17,0.817460317,265,0.857142857,6,True,True,0.9292616260461588,True,1.0,True,0.8567216123336729,RandomForest,RandomForest,True,1.0
1,49,0,0,4,0.0,492,1.0,0,True,False,0.1726280445144831,False,0.5,False,0.4431883962308081,RandomForest,RandomForest,False,0.5
2,17,30,3,6,0.75,55,1.0,1,False,False,0.2467057943362628,False,0.1,False,0.3683864016394037,RandomForest,RandomForest,False,0.1
4,2,0,140,1,2.0,5,0.0,0,False,True,0.9505461798858659,False,0.2,False,0.4166385123496136,RandomForest,RandomForest,False,0.2
1,8,1,0,2,2.0,28,0.0,0,True,False,0.061981276954563125,False,0.1,False,0.08984632412463693,RandomForest,RandomForest,False,0.1
2,10,9,2,7,0.944444444,69,0.666666667,2,True,False,0.3485124711422034,True,0.8,True,0.7672577367917466,RandomForest,RandomForest,True,0.8
2,32,43,1,15,0.833333333,253,0.666666667,5,False,True,0.5788589186425203,False,0.3,False,0.2924049579309456,RandomForest,RandomForest,False,0.3
